ts_code,name,start_date,end_date,ann_date,change_reason
000004.SZ,ST深安达,1999-04-27,2001-03-05,1999-04-24,ST
000004.SZ,*ST国农,2006-04-21,2006-08-17,2006-04-20,*ST
000004.SZ,*ST国农,2006-10-09,2007-05-24,2006-09-28,其他
000004.SZ,ST国农,2007-05-25,2009-04-20,2007-05-24,撤消*ST并实行ST
000004.SZ,*ST国农,2009-04-21,2010-05-30,2009-04-20,从ST变为*ST
000004.SZ,ST国农,2010-05-31,2011-06-07,2010-05-28,撤消*ST并实行ST
000004.SZ,ST国华,2022-05-06,2023-06-27,2022-04-30,ST
000004.SZ,*ST国华,2025-04-30,2026-06-22,2025-04-29,*ST
000005.SZ,ST星源,2003-04-16,2003-05-11,2003-04-15,ST
000005.SZ,*ST星源,2003-05-12,2004-05-17,2003-04-30,从ST变为*ST
000005.SZ,ST星源,2004-05-18,2006-07-30,2004-05-17,撤消*ST并实行ST
000005.SZ,ST星源,2006-10-09,2008-06-24,2006-09-28,其他
000005.SZ,ST星源,2021-05-06,,2021-04-30,ST
000007.SZ,ST达声,2001-04-19,2002-04-11,2001-04-18,ST
000007.SZ,ST达声,2007-04-23,2010-01-26,2007-04-20,ST
000007.SZ,ST零七,2010-01-27,2012-05-03,2010-01-04,其他
000007.SZ,*ST全新,2021-04-30,2022-06-30,2021-04-29,*ST
000007.SZ,*ST全新,2023-05-05,2024-07-01,2023-04-29,*ST
000008.SZ,ST亿安,2002-04-30,2003-05-11,2002-04-29,ST
000008.SZ,*ST亿安,2003-05-12,2004-02-19,2003-04-30,从ST变为*ST
000008.SZ,ST亿安,2004-02-20,2005-02-21,2004-02-19,撤消*ST并实行ST
000008.SZ,*ST宝投,2007-03-30,2008-04-02,2007-03-29,*ST
000008.SZ,ST宝利来,2008-04-03,2013-04-18,2008-04-02,撤消*ST并实行ST
000009.SZ,ST深宝安,1999-04-30,2000-04-13,1999-04-29,ST
000010.SZ,ST深华新,2000-04-27,2001-04-09,2000-04-26,ST
000010.SZ,*ST华新,2006-05-09,2006-10-08,2006-05-08,*ST
000010.SZ,S*ST华新,2006-10-09,2007-03-20,2006-09-28,其他
000010.SZ,SST华新,2007-03-21,2013-07-18,2007-03-20,撤消*ST并实行ST
000010.SZ,ST华新,2013-07-19,2013-10-17,2013-07-17,其他
000010.SZ,*ST美丽,2019-04-26,2020-07-21,2019-04-25,*ST
000010.SZ,*ST美丽,2026-04-30,,2026-04-29,*ST
000011.SZ,ST深物业,2000-05-09,2005-03-07,2000-04-29,ST
000011.SZ,S*ST物业,2008-04-16,2009-09-15,2008-04-15,*ST
000014.SZ,ST深华源,1998-06-15,2002-02-07,1998-06-12,ST
000016.SZ,*ST康佳A,2026-04-30,,2026-04-29,*ST
000017.SZ,ST中华A,1999-05-04,2005-05-08,1999-04-30,ST
000017.SZ,*ST中华A,2005-05-09,2006-10-08,2005-04-29,从ST变为*ST
000017.SZ,S*ST中华,2006-10-09,2007-02-08,2006-09-28,其他
000017.SZ,SST中华A,2007-02-09,2010-03-17,2007-02-08,撤消*ST并实行ST
000017.SZ,ST中华A,2010-03-18,2010-04-27,2010-03-16,其他
000017.SZ,*ST中华A,2010-04-28,2014-05-13,2010-04-27,从ST变为*ST
000017.SZ,*ST中华A,2020-04-29,2021-06-21,2020-04-28,*ST
000018.SZ,ST中冠A,2007-08-28,2009-04-23,2007-08-27,ST
000018.SZ,*ST中冠A,2009-04-24,2010-05-30,2009-04-23,从ST变为*ST
000018.SZ,ST中冠A,2010-05-31,2013-04-23,2010-05-28,撤消*ST并实行ST
000018.SZ,*ST中冠A,2013-04-24,2014-03-12,2013-04-23,从ST变为*ST
000018.SZ,*ST神城,2019-05-06,2019-11-24,2019-04-30,*ST
000020.SZ,ST华发A,1999-04-27,2000-03-28,1999-04-24,ST
000020.SZ,ST华发A,2004-04-27,2005-04-28,2004-04-26,ST
000020.SZ,*ST华发A,2005-04-29,2006-10-08,2005-04-28,从ST变为*ST
000020.SZ,S*ST华发,2006-10-09,2006-11-21,2006-09-28,其他
000020.SZ,SST华发A,2006-11-22,2007-05-17,2006-11-21,撤消*ST并实行ST
000020.SZ,ST华发A,2007-05-18,2009-05-18,2007-05-16,其他
000023.SZ,ST深天,2023-05-05,2024-05-05,2023-04-29,ST
000023.SZ,*ST深天,2024-05-06,,2024-04-30,从ST变为*ST
000025.SZ,ST特力A,2000-04-19,2006-01-03,2000-04-18,ST
000030.SZ,ST英达A,1998-06-15,2002-07-18,1998-06-12,ST
000030.SZ,ST盛润A,2002-07-19,2003-05-11,2002-04-19,其他
000030.SZ,*ST盛润A,2003-05-12,2004-04-19,2003-04-30,从ST变为*ST
000030.SZ,ST盛润A,2004-04-20,2006-04-03,2004-04-19,撤消*ST并实行ST
000030.SZ,*ST盛润A,2006-04-04,2006-10-08,2006-04-03,从ST变为*ST
000030.SZ,S*ST盛润,2006-10-09,2008-10-30,2006-09-28,其他
000030.SZ,SST盛润,2008-10-31,2008-12-28,2008-10-30,撤消*ST并实行ST
000030.SZ,ST盛润A,2008-12-29,2009-04-08,2008-12-25,其他
000030.SZ,*ST盛润A,2009-04-09,2013-04-23,2009-04-08,从ST变为*ST
000034.SZ,ST深华宝,1999-04-30,2001-01-17,1999-04-30,ST
000034.SZ,ST深泰,2005-05-10,2006-04-27,2005-04-30,ST
000034.SZ,*ST深泰,2006-04-28,2006-10-08,2006-04-27,从ST变为*ST
000034.SZ,S*ST深泰,2006-10-09,2007-08-20,2006-09-28,其他
000034.SZ,SST深泰,2007-08-21,2008-07-13,2007-08-20,撤消*ST并实行ST
000034.SZ,ST深泰,2008-07-14,2009-04-28,2008-07-10,其他
000034.SZ,*ST深泰,2009-04-29,2010-09-13,2009-04-28,从ST变为*ST
000034.SZ,ST深泰,2010-09-14,2011-03-31,2010-09-13,撤消*ST并实行ST
000035.SZ,*ST科健,2005-07-01,2005-09-01,2005-06-30,*ST
000035.SZ,ST科健,2005-09-02,2006-05-08,2005-09-01,撤消*ST并实行ST
000035.SZ,*ST科健,2006-05-09,2006-10-08,2006-05-08,从ST变为*ST
000035.SZ,S*ST科健,2006-10-09,2007-01-15,2006-09-28,其他
000035.SZ,*ST科健,2007-01-16,2007-06-14,2007-01-12,其他
000035.SZ,ST科健,2007-06-15,2010-04-27,2007-06-14,撤消*ST并实行ST
000035.SZ,*ST科健,2010-04-28,2011-08-10,2010-04-27,从ST变为*ST
000035.SZ,ST科健,2011-08-11,2011-10-11,2011-08-10,撤消*ST并实行ST
000035.SZ,*ST科健,2011-10-12,2014-04-21,2011-10-11,从ST变为*ST
000036.SZ,*ST华控,2009-04-29,2010-06-03,2009-04-28,*ST
000037.SZ,*ST南电A,2016-04-05,2017-04-16,2016-04-01,*ST
000038.SZ,ST深大通,2000-04-11,2001-04-05,2000-04-11,ST
000038.SZ,*ST大通,2006-05-09,2006-10-08,2006-05-08,*ST
000038.SZ,S*ST大通,2006-10-09,2009-05-03,2006-09-28,其他
000038.SZ,*ST大通,2009-05-04,2013-05-13,2009-04-30,其他
000038.SZ,*ST大通,2022-05-06,2023-06-18,2022-04-30,*ST
000040.SZ,ST鸿基,2003-04-18,2003-05-11,2003-04-17,ST
000040.SZ,*ST鸿基,2003-05-12,2004-05-09,2003-05-12,从ST变为*ST
000040.SZ,ST鸿基,2004-05-10,2005-05-25,2004-04-30,撤消*ST并实行ST
000040.SZ,ST旭蓝,2024-07-09,2025-03-06,2024-07-05,ST
000040.SZ,*ST旭蓝,2025-03-07,,2025-03-06,从ST变为*ST
000046.SZ,*ST泛海,2023-05-05,,2023-04-29,*ST
000048.SZ,ST中科,2001-05-08,2001-10-28,2001-04-30,ST
000048.SZ,ST康达尔,2001-10-29,2005-05-12,2001-08-09,其他
000048.SZ,*ST康达,2007-04-26,2008-05-19,2007-04-25,*ST
000048.SZ,ST康达尔,2008-05-20,2012-05-30,2008-05-19,撤消*ST并实行ST
000048.SZ,*ST康达,2018-07-02,2019-10-14,2018-06-29,*ST
000049.SZ,ST深万山,1998-06-10,1999-06-09,1998-06-09,ST
000049.SZ,ST万山,2004-02-12,2005-03-15,2004-02-11,ST
000056.SZ,*ST国商,2012-04-23,2014-03-30,2012-04-20,*ST
000056.SZ,*ST皇庭,2026-04-27,,2026-04-24,*ST
000058.SZ,*ST赛格,2007-04-27,2008-05-19,2007-04-26,*ST
000058.SZ,ST赛格,2008-05-20,2009-06-29,2008-05-19,撤消*ST并实行ST
000059.SZ,*ST华锦,2015-04-15,2016-04-19,2015-04-14,*ST
000068.SZ,ST三星,2010-04-01,2013-03-12,2010-03-31,ST
000068.SZ,ST华赛,2013-03-13,2013-05-20,2013-01-25,其他
000068.SZ,*ST华赛,2015-03-25,2016-04-11,2015-03-24,*ST
000070.SZ,ST特信,2024-05-14,2025-07-08,2024-05-13,ST
000078.SZ,ST海王,2026-05-06,,2026-04-30,ST
000100.SZ,*STTCL,2007-05-08,2008-03-27,2007-04-30,*ST
000150.SZ,ST麦科特,2002-04-30,2004-03-23,2002-04-29,ST
000150.SZ,*ST光电,2004-03-24,2005-03-29,2004-03-23,从ST变为*ST
000150.SZ,S*ST光电,2007-04-04,2007-10-18,2007-04-03,*ST
000150.SZ,S*ST宜地,2007-10-19,2007-11-01,2007-09-25,其他
000150.SZ,*ST宜地,2007-11-02,2008-05-14,2007-10-31,其他
000150.SZ,*ST宜康,2022-05-06,,2022-04-30,*ST
000155.SZ,*ST川化,2012-04-27,2013-06-05,2012-04-26,*ST
000155.SZ,ST川化,2015-04-02,2015-05-03,2015-04-01,ST
000155.SZ,*ST川化,2015-05-04,2017-12-17,2015-04-30,从ST变为*ST
000156.SZ,*ST嘉瑞,2005-03-22,2006-10-08,2005-03-21,*ST
000156.SZ,S*ST嘉瑞,2006-10-09,2007-02-13,2006-09-28,其他
000156.SZ,*ST嘉瑞,2007-02-14,2012-10-18,2007-02-14,其他
000403.SZ,*ST生化,2006-05-09,2006-10-08,2006-05-08,*ST
000403.SZ,S*ST生化,2006-10-09,2013-02-07,2006-09-28,其他
000403.SZ,*ST生化,2013-02-08,2014-11-06,2013-02-01,其他
000403.SZ,ST生化,2014-11-07,2018-11-21,2014-11-06,撤消*ST并实行ST
000408.SZ,*ST玉源,2006-05-09,2006-07-02,2006-05-08,*ST
000408.SZ,*ST玉源,2006-10-09,2007-10-30,2006-09-28,其他
000408.SZ,ST玉源,2007-10-31,2010-04-27,2007-10-30,撤消*ST并实行ST
000408.SZ,*ST玉源,2010-04-28,2011-01-17,2010-04-27,从ST变为*ST
000408.SZ,*ST金谷,2011-01-18,2011-05-25,2011-01-18,其他
000408.SZ,ST金谷源,2011-05-26,2012-11-27,2011-05-25,撤消*ST并实行ST
000408.SZ,*ST金源,2016-04-28,2017-05-22,2016-04-27,*ST
000408.SZ,*ST藏格,2020-05-06,2021-05-11,2020-04-30,*ST
000409.SZ,ST四通,2003-04-01,2003-05-11,2003-03-31,ST
000409.SZ,*ST四通,2003-05-12,2006-06-08,2003-04-30,从ST变为*ST
000409.SZ,ST四通,2006-06-09,2006-09-25,2006-06-08,撤消*ST并实行ST
000409.SZ,ST四通,2006-10-09,2006-10-11,2006-09-28,其他
000409.SZ,ST泰格,2006-10-12,2008-04-27,2006-08-01,其他
000409.SZ,*ST泰格,2008-04-28,2009-04-20,2008-04-25,从ST变为*ST
000409.SZ,ST泰格,2009-04-21,2010-01-06,2009-04-20,撤消*ST并实行ST
000409.SZ,ST泰复,2010-01-07,2011-05-02,2009-12-10,其他
000409.SZ,*ST泰复,2011-05-03,2012-05-22,2011-04-29,从ST变为*ST
000409.SZ,ST泰复,2012-05-23,2013-04-02,2012-05-22,撤消*ST并实行ST
000409.SZ,*ST地矿,2018-06-25,2019-09-25,2018-06-22,*ST
000409.SZ,ST地矿,2019-09-26,2021-04-11,2019-09-25,撤消*ST并实行ST
000410.SZ,*ST沈机,2017-05-03,2018-02-28,2017-04-29,*ST
000410.SZ,*ST沈机,2019-08-20,2021-06-23,2019-08-19,*ST
000410.SZ,ST沈机,2021-06-24,2022-04-18,2021-06-23,撤消*ST并实行ST
000410.SZ,*ST沈机,2022-04-19,2023-05-22,2022-04-16,从ST变为*ST
000411.SZ,ST凯地,2000-04-07,2001-04-26,2000-04-06,ST
000411.SZ,ST凯地,2002-06-25,2002-07-22,2002-05-30,撤销PT
000411.SZ,ST英特,2002-07-23,2005-05-12,2002-07-23,其他
000413.SZ,ST宝石A,1998-05-04,2000-04-26,1998-04-30,ST
000413.SZ,*ST宝石A,2007-04-11,2008-04-22,2007-04-10,*ST
000413.SZ,ST旭电,2024-07-09,,2024-07-05,ST
000415.SZ,*ST汇通,2010-03-16,2011-04-07,2010-03-15,*ST
000415.SZ,ST汇通,2011-04-08,2011-10-25,2011-04-07,撤消*ST并实行ST
000416.SZ,ST国货,2001-04-30,2001-10-21,2001-04-27,ST
000416.SZ,ST青健,2001-10-22,2002-02-06,2001-07-23,其他
000416.SZ,*ST民控,2023-04-27,,2023-04-26,*ST
000420.SZ,*ST吉纤,2012-02-28,2013-04-25,2012-02-27,*ST
000422.SZ,*ST宜化,2018-04-24,2019-04-25,2018-04-21,*ST
000422.SZ,ST宜化,2019-04-26,2021-06-10,2019-04-25,撤消*ST并实行ST
000430.SZ,ST张家界,2001-04-27,2002-03-06,2001-04-26,ST
000430.SZ,S*ST张股,2007-03-12,2008-05-21,2007-03-09,*ST
000430.SZ,SST张股,2008-05-22,2009-06-07,2008-05-21,撤消*ST并实行ST
000430.SZ,ST张家界,2009-06-08,2010-02-07,2009-06-04,其他
000430.SZ,*ST张股,2010-02-08,2011-04-12,2010-02-05,从ST变为*ST
000430.SZ,ST张家界,2011-04-13,2012-04-24,2011-04-12,撤消*ST并实行ST
000430.SZ,ST张家界,2025-04-17,2025-11-04,2025-04-16,ST
000430.SZ,*ST张股,2025-11-05,2026-02-11,2025-11-04,从ST变为*ST
000430.SZ,ST张家界,2026-02-12,2026-05-17,2026-02-11,撤消*ST并实行ST
000488.SZ,ST晨鸣,2025-02-21,,2025-02-20,ST
000498.SZ,ST丹化,2003-04-16,2003-05-11,2003-04-15,ST
000498.SZ,*ST丹化,2003-05-12,2004-03-22,2003-04-15,从ST变为*ST
000498.SZ,*ST丹化,2007-04-20,2013-02-07,2007-04-19,*ST
000498.SZ,*ST路桥,2013-02-08,2013-05-05,2013-02-01,其他
000502.SZ,ST琼能源,1999-05-04,2001-03-22,1999-04-30,ST
000502.SZ,*ST绿景,2021-05-06,2022-06-05,2021-04-30,*ST
000503.SZ,ST海虹,1998-06-15,2000-03-20,1998-06-12,ST
000504.SZ,ST港澳,2000-04-19,2001-03-08,2000-04-18,ST
000504.SZ,*ST传媒,2010-04-23,2011-05-16,2010-04-22,*ST
000504.SZ,ST传媒,2011-05-17,2013-10-28,2011-05-16,撤消*ST并实行ST
000504.SZ,*ST传媒,2013-10-29,2015-03-30,2013-10-28,从ST变为*ST
000504.SZ,*ST生物,2016-04-26,2017-05-11,2016-04-25,*ST
000504.SZ,*ST生物,2019-05-06,2020-06-11,2019-04-30,*ST
000504.SZ,ST生物,2020-06-12,2021-04-27,2020-06-11,撤消*ST并实行ST
000504.SZ,*ST生物,2025-04-30,2026-06-11,2025-04-29,*ST
000505.SZ,ST珠江,2003-04-29,2003-05-11,2003-04-28,ST
000505.SZ,*ST珠江,2003-05-12,2004-04-29,2003-04-28,从ST变为*ST
000505.SZ,ST珠江,2004-04-30,2006-04-25,2004-04-29,撤消*ST并实行ST
000505.SZ,*ST珠江,2006-04-26,2006-08-16,2006-04-25,从ST变为*ST
000505.SZ,*ST珠江,2006-10-09,2007-06-05,2006-09-28,其他
000505.SZ,*ST珠江,2009-04-29,2010-06-02,2009-04-28,*ST
000505.SZ,ST珠江,2010-06-03,2013-03-28,2010-06-02,撤消*ST并实行ST
000505.SZ,*ST珠江,2013-03-29,2014-04-15,2013-03-28,从ST变为*ST
000505.SZ,*ST珠江,2016-04-26,2017-05-18,2016-04-25,*ST
000506.SZ,ST峨眉,1998-04-30,2000-02-21,1998-04-30,ST
000506.SZ,ST东控,2000-02-22,2001-02-12,1999-11-19,其他
000506.SZ,*ST东泰,2006-05-09,2006-10-08,2006-05-08,*ST
000506.SZ,S*ST东泰,2006-10-09,2008-12-28,2006-09-28,其他
000506.SZ,*ST东泰,2008-12-29,2009-06-04,2008-12-25,其他
000506.SZ,ST中润,2009-06-05,2010-04-01,2009-05-27,撤消*ST并实行ST
000506.SZ,*ST中润,2024-05-06,2025-06-04,2024-04-30,*ST
000507.SZ,ST粤富华,1999-04-22,2000-04-25,1999-04-21,ST
000509.SZ,*ST华塑,2006-03-21,2006-10-08,2006-03-20,*ST
000509.SZ,S*ST华塑,2006-10-09,2008-03-09,2006-09-28,其他
000509.SZ,SST华塑,2008-03-10,2010-03-22,2008-03-07,撤消*ST并实行ST
000509.SZ,S*ST华塑,2010-03-23,2011-10-25,2010-03-22,从ST变为*ST
000509.SZ,SST华塑,2011-10-26,2013-05-01,2011-10-25,撤消*ST并实行ST
000509.SZ,S*ST华塑,2013-05-02,2014-01-08,2013-04-26,从ST变为*ST
000509.SZ,*ST华塑,2014-01-09,2014-05-18,2014-01-07,其他
000509.SZ,*ST华塑,2020-04-01,2022-06-30,2020-03-31,*ST
000510.SZ,*ST金路,2015-04-13,2016-04-28,2015-04-10,*ST
000514.SZ,ST渝开发,2002-04-18,2003-03-04,1999-08-20,ST
000516.SZ,ST国医,2022-01-17,2022-04-17,2022-01-14,ST
000517.SZ,*ST成功,2006-01-05,2006-10-08,2006-01-04,*ST
000517.SZ,S*ST成功,2006-10-09,2008-11-05,2006-09-28,其他
000517.SZ,*ST成功,2008-11-06,2009-09-10,2008-11-03,其他
000517.SZ,ST成功,2009-09-11,2010-04-13,2009-09-04,撤消*ST并实行ST
000518.SZ,ST苏三山,1998-05-04,1999-07-08,1998-04-30,ST
000518.SZ,ST振新,2000-04-10,2001-01-10,2000-04-07,撤销PT
000518.SZ,*ST生物,2009-04-29,2010-06-23,2009-04-28,*ST
000518.SZ,*ST四环,2025-04-30,2026-05-19,2025-04-29,*ST
000520.SZ,*ST凤凰,2013-04-25,2015-08-17,2013-04-24,*ST
000523.SZ,*ST浪奇,2021-05-06,2022-05-25,2021-04-30,*ST
000525.SZ,ST红太阳,2021-05-06,2024-09-18,2021-04-30,ST
000525.SZ,*ST红阳,2024-09-19,2024-12-17,2024-09-18,从ST变为*ST
000525.SZ,ST红太阳,2024-12-18,2025-06-12,2024-12-17,撤消*ST并实行ST
000526.SZ,ST厦海发,1999-04-19,2000-03-20,1999-04-16,ST
000526.SZ,*ST紫学,2017-04-11,2018-05-22,2017-04-08,*ST
000529.SZ,ST美雅,2003-04-22,2003-05-11,2003-04-21,ST
000529.SZ,*ST美雅,2003-05-12,2004-03-24,2003-04-21,从ST变为*ST
000529.SZ,ST美雅,2004-03-25,2005-05-24,2004-03-24,撤消*ST并实行ST
000529.SZ,*ST美雅,2005-05-25,2006-10-08,2005-05-24,从ST变为*ST
000529.SZ,S*ST美雅,2006-10-09,2009-01-19,2006-09-28,其他
000529.SZ,*ST美雅,2009-01-20,2009-09-10,2009-01-16,其他
000533.SZ,ST万家乐,2002-04-23,2003-05-11,2002-04-22,ST
000533.SZ,*ST家乐,2003-05-12,2004-03-25,2003-04-30,从ST变为*ST
000536.SZ,ST闽闽东,1999-04-29,2001-05-10,1999-04-28,ST
000536.SZ,ST闽闽东,2002-06-28,2004-04-22,2002-06-21,撤销PT
000536.SZ,*ST闽东,2004-04-23,2005-04-28,2004-04-22,从ST变为*ST
000536.SZ,ST闽闽东,2005-04-29,2006-10-08,2005-04-28,撤消*ST并实行ST
000536.SZ,SST闽东,2006-10-09,2009-04-07,2006-09-28,其他
000536.SZ,*ST华映,2020-04-29,2021-05-10,2020-04-28,*ST
000537.SZ,*ST戈德,2004-05-10,2005-05-18,2004-04-30,*ST
000540.SZ,*ST中天,2006-04-25,2006-10-08,2006-04-24,*ST
000540.SZ,S*ST中天,2006-10-09,2007-05-08,2006-09-28,其他
000540.SZ,*ST中天,2007-05-09,2007-06-07,2007-04-30,其他
000540.SZ,*ST中天,2023-05-05,,2023-04-29,*ST
000544.SZ,ST白鸽,2002-05-08,2003-05-11,2002-04-30,ST
000544.SZ,*ST白鸽,2003-05-12,2004-04-04,2003-04-30,从ST变为*ST
000545.SZ,*ST吉药,2007-04-16,2008-04-10,2007-04-13,*ST
000545.SZ,*ST吉药,2011-04-28,2013-07-25,2011-04-27,*ST
000546.SZ,ST吉轻工,2000-04-21,2001-05-10,2000-04-20,ST
000546.SZ,ST吉轻工,2002-08-08,2005-10-23,2002-08-01,撤销PT
000546.SZ,ST吉光华,2005-10-24,2006-05-11,2005-08-24,其他
000546.SZ,ST金圆,2023-06-16,2023-10-18,2023-06-15,ST
000548.SZ,ST湘中意,1998-04-29,1999-05-30,1998-04-28,ST
000550.SZ,ST江铃,2000-06-05,2001-04-11,2000-06-02,ST
000552.SZ,*ST长风,2004-04-30,2006-03-29,2004-04-29,*ST
000555.SZ,ST黔凯涤,1999-04-29,2001-03-26,1999-04-28,ST
000555.SZ,ST太光,2003-04-17,2004-04-29,2003-04-16,ST
000555.SZ,*ST太光,2004-04-30,2005-06-07,2004-04-29,从ST变为*ST
000555.SZ,ST太光,2005-06-08,2006-06-07,2005-06-07,撤消*ST并实行ST
000555.SZ,ST太光,2006-10-09,2007-04-03,2006-09-28,其他
000555.SZ,*ST太光,2007-04-04,2008-07-20,2007-04-03,从ST变为*ST
000555.SZ,ST太光,2008-07-21,2013-05-01,2008-07-18,撤消*ST并实行ST
000555.SZ,*ST太光,2013-05-02,2014-03-18,2013-04-26,从ST变为*ST
000557.SZ,ST银广夏,2002-05-08,2005-03-22,2002-04-30,ST
000557.SZ,*ST广夏,2005-03-23,2006-05-08,2005-03-22,从ST变为*ST
000557.SZ,ST广夏,2006-05-09,2006-06-25,2006-05-08,撤消*ST并实行ST
000557.SZ,ST银广夏,2006-10-09,2010-09-29,2006-09-28,其他
000557.SZ,*ST广夏,2010-09-30,2016-05-05,2010-09-29,从ST变为*ST
000558.SZ,ST辽房天,1998-04-29,1999-05-25,1998-04-28,ST
000560.SZ,ST昆百大,2002-04-18,2003-11-05,2002-04-17,ST
000560.SZ,*ST百大,2003-11-06,2004-04-05,2003-10-29,从ST变为*ST
000560.SZ,ST昆百大,2004-04-06,2006-09-24,2004-04-05,撤消*ST并实行ST
000560.SZ,ST昆百大,2006-10-09,2007-06-07,2006-09-28,其他
000561.SZ,ST长岭,2003-04-17,2003-05-11,2003-04-16,ST
000561.SZ,*ST长岭,2003-05-12,2006-10-08,2003-04-16,从ST变为*ST
000561.SZ,S*ST长岭,2006-10-09,2007-01-23,2006-09-28,其他
000561.SZ,SST长岭,2007-01-24,2007-11-25,2007-01-23,撤消*ST并实行ST
000561.SZ,S*ST长岭,2007-11-26,2009-09-28,2007-11-23,从ST变为*ST
000561.SZ,*ST长岭,2009-09-29,2010-04-06,2009-09-25,其他
000561.SZ,*ST烽火,2010-04-07,2010-12-07,2010-02-11,其他
000564.SZ,*ST大集,2021-02-19,2022-06-22,2021-02-10,*ST
000564.SZ,ST大集,2022-06-23,2024-05-30,2022-06-22,撤消*ST并实行ST
000566.SZ,ST海药,1999-04-29,2000-05-08,1999-04-28,ST
000566.SZ,ST海药,2002-04-19,2005-03-20,2002-04-19,ST
000567.SZ,ST琼海德,2002-04-18,2005-03-06,2002-04-17,ST
000570.SZ,ST常柴A,2003-04-11,2003-05-11,2003-04-10,ST
000570.SZ,*ST常柴A,2003-05-12,2004-04-04,2003-04-30,从ST变为*ST
000571.SZ,ST新大洲,2002-03-29,2004-03-30,2001-01-02,ST
000571.SZ,ST大洲,2019-04-16,2019-04-29,2019-04-15,ST
000571.SZ,*ST大洲,2019-04-30,2021-06-07,2019-04-29,从ST变为*ST
000571.SZ,ST大洲,2021-06-08,2023-06-27,2021-06-05,撤消*ST并实行ST
000572.SZ,ST金盘,2002-04-18,2003-05-11,2002-04-17,ST
000572.SZ,*ST金盘,2003-05-12,2004-02-23,2002-04-17,从ST变为*ST
000572.SZ,ST金盘,2004-02-24,2005-04-03,2004-02-23,撤消*ST并实行ST
000572.SZ,*ST海马,2019-04-24,2020-06-18,2019-04-23,*ST
000572.SZ,ST海马,2020-06-19,2021-05-26,2020-06-18,撤消*ST并实行ST
000576.SZ,*ST甘化,2009-04-21,2010-05-17,2009-04-20,*ST
000576.SZ,ST甘化,2010-05-18,2012-02-28,2010-05-17,撤消*ST并实行ST
000576.SZ,*ST甘化,2012-02-29,2013-04-14,2012-02-28,从ST变为*ST
000584.SZ,ST工智,2023-05-05,2024-05-05,2023-04-29,ST
000584.SZ,*ST工智,2024-05-06,2025-06-19,2024-04-30,从ST变为*ST
000585.SZ,ST东北电,2000-05-09,2006-04-23,2000-04-29,ST
000585.SZ,*ST东电,2009-04-01,2010-04-13,2009-03-31,*ST
000585.SZ,*ST东电,2012-04-05,2013-04-18,2012-03-30,*ST
000585.SZ,*ST东电,2018-04-02,2019-08-20,2018-03-30,*ST
000585.SZ,ST东电,2019-08-21,2020-05-05,2019-08-20,撤消*ST并实行ST
000585.SZ,*ST东电,2020-05-06,2022-04-27,2020-04-30,从ST变为*ST
000586.SZ,ST川长江,2002-04-08,2002-12-24,2002-04-05,ST
000586.SZ,ST汇源,2002-12-25,2004-02-24,2002-09-18,其他
000586.SZ,*ST汇源,2009-04-28,2010-05-05,2009-04-27,*ST
000586.SZ,ST汇源,2010-05-06,2011-07-20,2010-05-05,撤消*ST并实行ST
000587.SZ,*ST光明,2004-04-26,2005-07-27,2004-04-23,*ST
000587.SZ,ST光明,2005-07-28,2006-10-08,2005-07-27,撤消*ST并实行ST
000587.SZ,SST光明,2006-10-09,2007-05-07,2006-09-28,其他
000587.SZ,S*ST光明,2007-05-08,2008-12-09,2007-04-30,从ST变为*ST
000587.SZ,SST光明,2008-12-10,2009-11-10,2008-12-09,撤消*ST并实行ST
000587.SZ,S*ST光明,2009-11-11,2011-08-17,2009-11-10,从ST变为*ST
000587.SZ,*ST光明,2011-08-18,2011-10-27,2011-08-16,其他
000587.SZ,ST光明,2011-10-28,2011-12-15,2011-10-27,撤消*ST并实行ST
000587.SZ,ST金叶,2011-12-16,2012-09-09,2011-11-22,其他
000587.SZ,*ST金洲,2020-05-07,,2020-04-30,*ST
000590.SZ,*ST古汉,2015-05-04,2016-04-11,2015-04-30,*ST
000592.SZ,ST中福,2000-05-09,2003-04-09,2000-04-29,ST
000592.SZ,ST昌源,2003-04-10,2005-04-28,2003-01-11,其他
000592.SZ,*ST昌源,2005-04-29,2006-10-08,2005-04-28,从ST变为*ST
000592.SZ,S*ST昌源,2006-10-09,2008-03-18,2006-09-28,其他
000592.SZ,*ST昌源,2008-03-19,2008-04-13,2008-03-15,其他
000592.SZ,ST中福,2008-04-14,2009-05-11,2008-01-29,撤消*ST并实行ST
000595.SZ,*ST西轴,2011-04-20,2013-04-02,2011-04-19,*ST
000595.SZ,*ST宝实,2017-03-29,2018-05-17,2017-03-28,*ST
000595.SZ,*ST宝实,2020-04-29,2021-07-14,2020-04-28,*ST
000595.SZ,*ST宝实,2025-04-29,2026-07-01,2025-04-26,*ST
000596.SZ,*ST古井A,2005-07-01,2006-05-15,2005-06-30,*ST
000596.SZ,ST古井A,2006-05-16,2006-06-18,2006-05-15,撤消*ST并实行ST
000596.SZ,ST古井A,2006-10-09,2007-03-20,2006-09-28,其他
000598.SZ,*ST清洗,2010-03-10,2010-06-07,2010-03-09,*ST
000603.SZ,ST威达,2002-04-24,2006-04-02,2002-04-23,ST
000603.SZ,*ST威达,2006-04-03,2006-06-29,2006-03-31,从ST变为*ST
000603.SZ,*ST威达,2006-10-09,2011-10-27,2006-09-28,其他
000603.SZ,ST威达,2011-10-28,2011-11-10,2011-10-27,撤消*ST并实行ST
000603.SZ,ST盛达,2011-11-11,2012-05-07,2011-10-15,其他
000605.SZ,*ST四环,2007-04-30,2008-08-18,2007-04-27,*ST
000605.SZ,ST四环,2008-08-19,2012-03-11,2008-08-18,撤消*ST并实行ST
000605.SZ,*ST四环,2012-03-12,2013-03-21,2012-03-09,从ST变为*ST
000606.SZ,*ST明胶,2016-04-01,2016-06-14,2016-03-31,*ST
000606.SZ,*ST易桥,2016-06-15,2017-03-13,2016-05-06,其他
000606.SZ,ST顺利,2021-05-06,2022-05-05,2021-04-30,ST
000606.SZ,*ST顺利,2022-05-06,2023-06-12,2022-04-30,从ST变为*ST
000607.SZ,ST重仪,1999-04-22,2000-03-22,1999-04-21,ST
000607.SZ,*ST华控,2011-04-19,2012-06-26,2011-04-18,*ST
000608.SZ,*ST阳光,2025-04-22,2026-05-20,2025-04-19,*ST
000609.SZ,*ST中迪,2021-04-30,2022-05-15,2021-04-29,*ST
000609.SZ,*ST中迪,2024-04-29,2025-06-10,2024-04-26,*ST
000609.SZ,ST中迪,2025-06-11,2026-04-22,2025-06-10,撤消*ST并实行ST
000609.SZ,*ST中迪,2026-04-23,,2026-04-22,从ST变为*ST
000610.SZ,*ST西旅,2026-04-27,,2026-04-24,*ST
000611.SZ,*ST蒙发,2015-04-30,2016-07-10,2015-04-29,*ST
000611.SZ,*ST天首,2016-07-11,2017-06-07,2016-03-22,其他
000611.SZ,*ST天首,2019-05-06,2020-07-23,2019-04-30,*ST
000611.SZ,ST天首,2020-07-24,2021-05-05,2020-07-23,撤消*ST并实行ST
000611.SZ,*ST天首,2021-05-06,2022-06-06,2021-04-30,从ST变为*ST
000613.SZ,ST东海A,1999-05-04,2001-04-26,1999-04-30,ST
000613.SZ,ST东海A,2002-10-18,2005-04-13,2002-10-12,撤销PT
000613.SZ,*ST东海A,2005-04-14,2006-10-08,2005-04-13,从ST变为*ST
000613.SZ,S*ST东海,2006-10-09,2007-03-22,2006-09-28,其他
000613.SZ,SST东海,2007-03-23,2007-08-07,2007-03-22,撤消*ST并实行ST
000613.SZ,ST东海A,2007-08-08,2013-05-26,2007-08-03,其他
000613.SZ,*ST东海A,2017-04-05,2018-03-14,2017-03-31,*ST
000613.SZ,*ST东海A,2021-04-27,2022-06-07,2021-04-24,*ST
000615.SZ,*ST美谷,2023-05-05,2024-06-27,2023-04-29,*ST
000615.SZ,ST美谷,2024-06-28,2025-04-29,2024-06-27,撤消*ST并实行ST
000615.SZ,*ST美谷,2025-04-30,2026-01-21,2025-04-29,从ST变为*ST
000615.SZ,*ST美谷,2026-01-22,,2026-01-22,撤销叠加*ST
000616.SZ,ST海投,2021-05-06,2023-05-03,2021-04-30,ST
000616.SZ,*ST海投,2023-05-04,,2023-04-28,从ST变为*ST
000617.SZ,*ST济柴,2013-04-01,2014-04-22,2013-03-29,*ST
000617.SZ,*ST济柴,2016-04-01,2017-01-15,2016-03-31,*ST
000620.SZ,ST圣方科,2002-04-30,2003-05-11,2002-04-27,ST
000620.SZ,*ST圣方,2003-05-12,2004-05-13,2003-04-30,从ST变为*ST
000620.SZ,ST圣方,2004-05-14,2005-10-31,2004-05-13,撤消*ST并实行ST
000620.SZ,*ST圣方,2005-11-01,2006-10-08,2005-10-31,从ST变为*ST
000620.SZ,S*ST圣方,2006-10-09,2011-06-01,2006-09-28,其他
000620.SZ,*ST圣方,2011-06-02,2011-07-07,2011-05-31,其他
000620.SZ,*ST新联,2023-05-05,2024-05-20,2023-04-29,*ST
000622.SZ,*ST恒立,2005-04-20,2006-10-08,2005-04-20,*ST
000622.SZ,S*ST恒立,2006-10-09,2013-02-07,2006-09-28,其他
000622.SZ,*ST恒立,2013-02-08,2013-05-23,2013-02-01,其他
000622.SZ,*ST恒立,2016-04-29,2017-05-03,2016-04-28,*ST
000622.SZ,*ST恒立,2024-05-06,2025-06-24,2024-04-30,*ST
000627.SZ,*ST天茂,2025-07-08,,2025-07-07,*ST
000628.SZ,*ST高新,2008-04-22,2009-05-11,2008-04-21,*ST
000629.SZ,*ST钢钒,2010-04-28,2010-04-29,2010-04-27,*ST
000629.SZ,*ST钒钛,2010-04-30,2011-03-27,2010-04-30,其他
000629.SZ,*ST钒钛,2016-05-03,2018-08-23,2016-04-29,*ST
000631.SZ,*ST兰宝,2005-05-10,2006-10-08,2005-05-09,*ST
000631.SZ,S*ST兰宝,2006-10-09,2008-07-14,2006-09-28,其他
000631.SZ,*ST兰宝,2008-07-15,2009-06-04,2008-07-11,其他
000632.SZ,*ST三木,2006-05-09,2006-08-30,2006-05-08,*ST
000632.SZ,*ST三木,2006-10-09,2007-05-13,2006-09-28,其他
000632.SZ,ST三木,2026-04-30,,2026-04-29,ST
000633.SZ,*ST合金,2006-04-26,2006-10-08,2006-04-25,*ST
000633.SZ,S*ST合金,2006-10-09,2007-05-27,2006-09-28,其他
000633.SZ,SST合金,2007-05-28,2009-11-23,2007-05-25,撤消*ST并实行ST
000633.SZ,ST合金,2009-11-24,2013-05-12,2009-11-20,其他
000633.SZ,*ST合金,2016-04-27,2017-05-17,2016-04-26,*ST
000635.SZ,ST民化,2003-04-15,2003-05-11,2003-04-14,ST
000635.SZ,*ST民化,2003-05-12,2003-07-09,2003-04-30,从ST变为*ST
000635.SZ,*ST英化,2003-07-10,2004-03-25,2003-05-30,其他
000637.SZ,ST实华,2023-05-05,2024-06-11,2023-04-29,ST
000638.SZ,ST辽国际,2002-04-25,2003-05-11,2002-04-24,ST
000638.SZ,*ST中辽,2003-05-12,2006-10-08,2003-04-30,从ST变为*ST
000638.SZ,S*ST中辽,2006-10-09,2008-11-10,2006-09-28,其他
000638.SZ,*ST中辽,2008-11-11,2009-06-04,2008-11-06,其他
000638.SZ,*ST万方,2021-06-11,2022-10-09,2021-06-10,*ST
000638.SZ,*ST万方,2025-04-30,,2025-04-29,*ST
000639.SZ,ST株庆云,1999-04-30,2000-03-21,1999-04-29,ST
000639.SZ,ST西王,2026-04-30,,2026-04-29,ST
000650.SZ,*ST九化,2005-03-29,2006-10-08,2005-03-28,*ST
000650.SZ,S*ST九化,2006-10-09,2007-01-18,2006-09-28,其他
000650.SZ,S*ST仁和,2007-01-19,2007-03-28,2006-12-09,其他
000650.SZ,ST仁和,2007-03-29,2008-02-25,2007-03-27,撤消*ST并实行ST
000655.SZ,*ST华陶,2006-05-09,2006-09-19,2006-05-08,*ST
000655.SZ,*ST华陶,2006-10-09,2006-11-07,2006-09-28,其他
000655.SZ,*ST金岭,2006-11-08,2007-02-11,2006-11-07,其他
000655.SZ,*ST金岭,2018-04-13,2019-04-08,2018-04-12,*ST
000656.SZ,ST东源,2002-04-26,2006-05-08,2002-04-25,ST
000656.SZ,*ST东源,2006-05-09,2006-08-23,2006-05-08,从ST变为*ST
000656.SZ,*ST东源,2006-10-09,2007-06-06,2006-09-28,其他
000656.SZ,ST东源,2007-06-07,2011-08-22,2007-06-06,撤消*ST并实行ST
000656.SZ,*ST金科,2024-04-24,2026-07-01,2024-04-23,*ST
000657.SZ,*ST中钨,2008-04-24,2013-11-24,2008-04-23,*ST
000659.SZ,*ST中富,2014-05-05,2016-04-26,2014-04-30,*ST
000659.SZ,*ST中富,2017-05-03,2018-04-24,2017-04-29,*ST
000662.SZ,ST康达,2001-03-28,2001-12-24,2001-03-27,ST
000662.SZ,ST红日,2001-12-25,2002-03-31,2001-10-23,其他
000662.SZ,*ST索芙,2012-04-23,2013-05-28,2012-04-20,*ST
000662.SZ,*ST天夏,2020-07-01,2021-02-25,2020-06-30,*ST
000663.SZ,*ST永林,2020-05-06,2021-09-22,2020-04-30,*ST
000667.SZ,ST美置,2023-05-05,,2023-04-29,ST
000668.SZ,*ST荣控,2025-04-30,2026-06-02,2025-04-29,*ST
000669.SZ,ST吉诺尔,1998-05-18,1999-12-20,1998-05-15,ST
000669.SZ,ST中讯,1999-12-21,2000-03-27,1999-11-10,其他
000669.SZ,*ST领先,2012-03-20,2013-01-13,2012-03-19,*ST
000669.SZ,*ST金鸿,2020-05-06,2021-08-23,2020-04-30,*ST
000669.SZ,ST金鸿,2021-08-24,,2021-08-21,撤消*ST并实行ST
000670.SZ,*ST天发,2003-05-12,2004-04-04,2003-04-30,*ST
000670.SZ,*ST天发,2006-04-27,2006-10-08,2006-04-26,*ST
000670.SZ,S*ST天发,2006-10-09,2013-05-19,2006-09-28,其他
000670.SZ,*ST盈方,2016-05-03,2017-03-29,2016-04-29,*ST
000670.SZ,ST盈方,2019-03-27,2019-04-23,2019-03-26,ST
000670.SZ,*ST盈方,2019-04-24,2022-08-21,2019-04-23,从ST变为*ST
000671.SZ,ST阳光城,2023-05-05,,2023-04-29,ST
000672.SZ,*ST铜城,2006-05-08,2006-10-08,2006-04-28,*ST
000672.SZ,S*ST铜城,2006-10-09,2007-04-22,2006-09-28,其他
000672.SZ,*ST铜城,2007-04-23,2013-04-25,2007-04-17,其他
000673.SZ,*ST大水,2007-04-05,2008-07-17,2007-04-04,*ST
000673.SZ,ST大水,2008-07-18,2010-04-22,2008-07-17,撤消*ST并实行ST
000673.SZ,*ST大水,2010-04-23,2011-03-31,2010-04-22,从ST变为*ST
000673.SZ,*ST当代,2011-04-01,2011-06-21,2011-03-08,其他
000673.SZ,ST当代,2011-06-22,2013-05-19,2011-06-21,撤消*ST并实行ST
000673.SZ,*ST当代,2020-04-29,2022-06-12,2020-04-28,*ST
000676.SZ,*ST思达,2010-04-27,2011-11-09,2010-04-26,*ST
000676.SZ,ST思达,2011-11-10,2013-04-23,2011-11-09,撤消*ST并实行ST
000676.SZ,*ST思达,2013-04-24,2014-05-11,2013-04-23,从ST变为*ST
000677.SZ,ST海龙,2011-09-05,2012-04-22,2011-09-02,ST
000677.SZ,*ST海龙,2012-04-23,2013-07-02,2012-04-20,从ST变为*ST
000677.SZ,*ST海龙,2015-03-12,2016-03-24,2015-03-11,*ST
000677.SZ,ST海龙,2026-05-06,,2026-04-30,ST
000678.SZ,ST襄轴,2002-03-27,2003-11-02,2002-03-27,ST
000678.SZ,*ST襄轴,2003-11-03,2004-02-26,2003-10-25,从ST变为*ST
000678.SZ,ST襄轴,2004-02-27,2005-04-25,2004-02-26,撤消*ST并实行ST
000679.SZ,*ST友谊,2020-04-30,2021-04-27,2020-04-29,*ST
000681.SZ,ST远东,2007-05-08,2008-04-29,2007-04-30,ST
000681.SZ,*ST远东,2008-04-30,2013-08-18,2008-04-29,从ST变为*ST
000682.SZ,ST东方,2002-05-08,2004-04-25,2002-04-30,ST
000683.SZ,*ST天然,2005-04-25,2006-05-21,2005-04-22,*ST
000687.SZ,*ST华讯,2020-06-16,2022-05-25,2020-06-15,*ST
000688.SZ,*ST朝华,2006-05-29,2006-10-08,2006-05-26,*ST
000688.SZ,S*ST朝华,2006-10-09,2010-03-29,2006-09-28,其他
000688.SZ,*ST朝华,2010-03-30,2013-04-25,2010-03-26,其他
000691.SZ,ST寰岛,2004-04-29,2005-04-28,2004-04-28,ST
000691.SZ,*ST寰岛,2005-04-29,2006-08-20,2005-04-28,从ST变为*ST
000691.SZ,ST寰岛,2006-08-21,2008-07-07,2006-08-18,撤消*ST并实行ST
000691.SZ,ST联油,2008-07-08,2009-02-25,2008-07-08,其他
000691.SZ,*ST联油,2009-02-26,2010-02-07,2009-02-25,从ST变为*ST
000691.SZ,*ST亚太,2010-02-08,2012-06-24,2010-01-12,其他
000691.SZ,ST亚太,2016-05-04,2017-11-28,2016-04-30,ST
000691.SZ,*ST亚太,2025-04-30,2026-05-31,2025-04-29,*ST
000692.SZ,*ST惠天,2007-04-17,2008-03-25,2007-04-16,*ST
000692.SZ,ST惠天,2008-03-26,2010-04-22,2008-03-25,撤消*ST并实行ST
000692.SZ,*ST惠天,2023-04-26,2024-05-28,2023-04-25,*ST
000695.SZ,ST灯塔,2003-02-18,2003-05-11,2003-02-17,ST
000695.SZ,*ST灯塔,2003-05-12,2004-02-11,2003-04-30,从ST变为*ST
000695.SZ,*ST滨能,2004-02-12,2005-04-04,2003-12-16,其他
000697.SZ,*ST偏转,2009-04-10,2012-04-18,2009-04-09,*ST
000697.SZ,*ST炼石,2012-04-19,2012-07-24,2012-03-03,其他
000697.SZ,*ST炼石,2023-03-23,2024-05-15,2023-03-22,*ST
000697.SZ,ST炼石,2025-04-21,2025-09-24,2025-04-18,ST
000697.SZ,*ST炼石,2025-09-25,2025-12-24,2025-09-24,从ST变为*ST
000697.SZ,ST炼石,2025-12-25,2026-05-05,2025-12-24,撤消*ST并实行ST
000698.SZ,ST沈化,2025-10-10,,2025-10-01,ST
000703.SZ,*ST光华,2010-03-08,2011-04-18,2010-03-05,*ST
000703.SZ,ST光华,2011-04-19,2011-06-07,2011-04-18,撤消*ST并实行ST
000707.SZ,*ST双环,2018-05-02,2019-04-25,2018-04-27,*ST
000707.SZ,ST双环,2019-04-26,2021-03-07,2019-04-25,撤消*ST并实行ST
000707.SZ,*ST双环,2021-03-08,2022-03-27,2021-03-05,从ST变为*ST
000710.SZ,ST天仪,2003-03-18,2003-05-11,2003-03-17,ST
000710.SZ,*ST天仪,2003-05-12,2004-03-30,2003-04-30,从ST变为*ST
000710.SZ,ST天仪,2004-03-31,2006-08-31,2004-03-30,撤消*ST并实行ST
000710.SZ,ST天仪,2006-10-09,2007-04-11,2006-09-28,其他
000710.SZ,*ST天仪,2017-03-01,2017-08-27,2017-02-28,*ST
000711.SZ,*ST京蓝,2015-03-11,2016-02-15,2015-03-10,*ST
000711.SZ,*ST京蓝,2023-05-04,2025-09-07,2023-04-28,*ST
000711.SZ,ST京蓝,2025-09-08,2026-08-30,2025-09-05,撤消*ST并实行ST
000716.SZ,*ST南控,2007-05-08,2008-04-09,2007-04-30,*ST
000716.SZ,ST南方,2008-04-10,2010-04-27,2006-12-05,撤消*ST并实行ST
000716.SZ,*ST南方,2010-04-28,2011-10-26,2010-04-27,从ST变为*ST
000717.SZ,*ST韶钢,2013-02-05,2014-03-23,2013-02-04,*ST
000717.SZ,*ST韶钢,2016-04-21,2017-04-04,2016-04-20,*ST
000718.SZ,ST吉纸,2003-04-24,2004-04-20,2003-04-23,ST
000718.SZ,*ST吉纸,2004-04-21,2005-12-25,2004-04-20,从ST变为*ST
000718.SZ,ST环球,2006-10-09,2007-03-29,2006-09-28,其他
000719.SZ,ST鑫安,2005-11-14,2006-10-08,2005-11-11,ST
000719.SZ,SST鑫安,2006-10-09,2007-05-07,2006-09-28,其他
000719.SZ,S*ST鑫安,2007-05-08,2011-06-26,2007-04-30,从ST变为*ST
000719.SZ,*ST鑫安,2011-06-27,2011-12-01,2011-06-23,其他
000720.SZ,*ST能山,2009-04-29,2010-05-13,2009-04-28,*ST
000720.SZ,ST能山,2010-05-14,2012-04-22,2010-05-13,撤消*ST并实行ST
000720.SZ,*ST能山,2012-04-23,2013-05-16,2012-04-20,从ST变为*ST
000720.SZ,*ST新能,2018-04-23,2019-04-25,2018-04-20,*ST
000722.SZ,*ST金果,2008-04-16,2012-06-14,2008-04-15,*ST
000723.SZ,ST天宇,2002-04-09,2003-04-14,2002-04-09,ST
000725.SZ,*ST东方A,2007-04-30,2008-04-17,2007-04-27,*ST
000727.SZ,*ST东科,2020-04-16,2021-04-01,2020-04-15,*ST
000728.SZ,S*ST化二,2007-03-28,2007-10-23,2007-03-27,*ST
000728.SZ,S*ST国元,2007-10-24,2007-10-29,2007-10-24,其他
000732.SZ,*ST三农,2006-06-13,2006-10-08,2006-06-12,*ST
000732.SZ,S*ST三农,2006-10-09,2009-07-29,2006-09-28,其他
000732.SZ,*ST三农,2009-07-30,2010-09-29,2009-07-28,其他
000732.SZ,ST三农,2010-09-30,2011-05-29,2010-09-21,撤消*ST并实行ST
000732.SZ,ST泰禾,2022-05-06,,2022-04-30,ST
000735.SZ,*ST罗牛,2007-04-27,2008-05-26,2007-04-26,*ST
000736.SZ,ST重实,2004-07-26,2006-05-07,2004-07-23,ST
000736.SZ,*ST重实,2006-05-08,2006-10-08,2006-04-28,从ST变为*ST
000736.SZ,S*ST重实,2006-10-09,2007-11-11,2006-09-28,其他
000736.SZ,SST重实,2007-11-12,2008-12-04,2007-11-09,撤消*ST并实行ST
000736.SZ,ST重实,2008-12-05,2011-04-06,2008-12-03,其他
000736.SZ,*ST中地,2025-04-16,2026-06-02,2025-04-15,*ST
000737.SZ,*ST南风,2011-04-25,2012-05-21,2011-04-22,*ST
000737.SZ,*ST南风,2018-02-14,2019-04-17,2018-02-13,*ST
000737.SZ,ST南风,2019-04-18,2021-04-18,2019-04-17,撤消*ST并实行ST
000738.SZ,ST南摩,2002-04-30,2004-04-26,2002-04-29,ST
000738.SZ,*ST宇航,2006-10-09,2007-06-10,2006-09-28,其他
000738.SZ,ST宇航,2007-06-11,2010-10-14,2007-06-08,撤消*ST并实行ST
000750.SZ,*ST集琦,2006-04-26,2006-10-08,2006-04-25,*ST
000750.SZ,S*ST集琦,2006-10-09,2008-01-16,2006-09-28,其他
000750.SZ,SST集琦,2008-01-17,2009-04-20,2008-01-16,撤消*ST并实行ST
000750.SZ,S*ST集琦,2009-04-21,2010-08-05,2009-04-20,从ST变为*ST
000750.SZ,SST集琦,2010-08-06,2011-08-08,2010-08-05,撤消*ST并实行ST
000751.SZ,*ST锌业,2009-04-16,2010-05-23,2009-04-15,*ST
000751.SZ,*ST锌业,2012-04-26,2014-08-05,2012-04-25,*ST
000752.SZ,ST西发,2019-04-10,2019-05-05,2019-04-09,ST
000752.SZ,*ST西发,2019-05-06,2024-07-18,2019-04-30,从ST变为*ST
000752.SZ,ST西发,2024-07-19,2026-04-27,2024-07-18,撤消*ST并实行ST
000752.SZ,*ST西发,2026-04-28,,2026-04-27,从ST变为*ST
000755.SZ,*ST三维,2014-03-26,2015-05-06,2014-03-25,*ST
000755.SZ,*ST三维,2017-03-29,2018-11-13,2017-03-28,*ST
000757.SZ,*ST方向A,2006-04-24,2006-10-08,2006-04-21,*ST
000757.SZ,S*ST方向,2006-10-09,2007-01-07,2006-09-28,其他
000757.SZ,*ST方向,2007-01-08,2013-01-09,2006-12-30,其他
000757.SZ,*ST浩物,2013-01-10,2013-04-18,2012-12-14,其他
000760.SZ,*ST博盈,2005-04-14,2006-07-04,2005-04-13,*ST
000760.SZ,*ST博盈,2010-04-27,2011-08-04,2010-04-26,*ST
000760.SZ,*ST斯太,2019-05-06,2021-06-09,2019-04-30,*ST
000761.SZ,ST板材,2003-06-27,2004-05-09,2003-06-26,ST
000766.SZ,ST通金马,2004-04-13,2005-04-04,2004-04-12,ST
000766.SZ,*ST通金,2005-04-05,2006-08-03,2005-04-04,从ST变为*ST
000767.SZ,*ST漳电,2012-04-27,2013-04-24,2012-04-26,*ST
000776.SZ,*ST延路,2004-03-10,2005-03-03,2004-03-09,*ST
000779.SZ,*ST派神,2006-04-21,2006-10-08,2006-04-20,*ST
000779.SZ,S*ST派神,2006-10-09,2007-02-11,2006-09-28,其他
000779.SZ,*ST派神,2007-02-12,2007-04-01,2007-02-08,其他
000779.SZ,ST派神,2007-04-02,2009-12-30,2007-03-30,撤消*ST并实行ST
000779.SZ,*ST派神,2014-04-18,2015-03-29,2014-04-17,*ST
000780.SZ,*ST兴发,2006-11-01,2007-07-02,2006-10-31,*ST
000780.SZ,ST平能,2007-07-03,2009-03-24,2007-07-02,撤消*ST并实行ST
000780.SZ,*ST平能,2017-04-24,2018-05-10,2017-04-21,*ST
000780.SZ,*ST平能,2020-05-06,2021-06-20,2020-04-30,*ST
000780.SZ,ST平能,2021-06-21,,2021-06-18,撤消*ST并实行ST
000783.SZ,S*ST石炼,2007-03-21,2007-12-26,2007-03-20,*ST
000788.SZ,ST合成,2001-04-18,2005-03-03,2001-04-17,ST
000789.SZ,*ST江泥,2006-04-26,2006-08-08,2006-04-25,*ST
000789.SZ,*ST江泥,2006-10-09,2007-04-05,2006-09-28,其他
000791.SZ,*ST化工,2005-04-29,2006-05-14,2005-04-28,*ST
000791.SZ,ST化工,2006-05-15,2006-06-11,2006-05-12,撤消*ST并实行ST
000791.SZ,ST化工,2006-10-09,2007-03-08,2006-09-28,其他
000792.SZ,*ST盐湖,2019-04-30,2021-08-09,2019-04-27,*ST
000793.SZ,ST华闻,2025-03-18,2026-03-01,2025-03-17,ST
000793.SZ,*ST华闻,2026-03-02,2026-07-30,2026-02-27,从ST变为*ST
000793.SZ,ST华闻,2026-07-31,,2026-07-30,撤消*ST并实行ST
000796.SZ,ST凯撒,2022-05-06,2023-05-04,2022-04-30,ST
000796.SZ,*ST凯撒,2023-05-05,2024-06-18,2023-04-29,从ST变为*ST
000796.SZ,ST凯撒,2024-06-19,2024-10-28,2024-06-18,撤消*ST并实行ST
000799.SZ,*ST酒鬼,2004-04-30,2005-03-10,2004-04-29,*ST
000799.SZ,S*ST酒鬼,2007-04-27,2008-01-10,2007-04-26,*ST
000799.SZ,*ST酒鬼,2008-01-11,2008-04-08,2008-01-09,其他
000799.SZ,*ST酒鬼,2015-04-27,2016-04-24,2015-04-24,*ST
000801.SZ,ST湖山,2003-03-26,2003-05-11,2003-03-25,ST
000801.SZ,*ST湖山,2003-05-12,2004-03-21,2003-04-30,从ST变为*ST
000801.SZ,ST湖山,2004-03-22,2006-06-29,2004-03-19,撤消*ST并实行ST
000802.SZ,*ST京西,2004-03-30,2005-04-06,2004-03-29,*ST
000802.SZ,ST京西,2005-04-07,2006-04-12,2005-04-06,撤消*ST并实行ST
000802.SZ,ST北文,2021-05-06,2022-06-23,2021-04-30,ST
000803.SZ,*ST金宇,2017-03-20,2018-10-28,2017-03-17,*ST
000803.SZ,*ST金宇,2020-05-06,2020-08-11,2020-04-30,*ST
000803.SZ,*ST北能,2020-08-12,2021-02-28,2020-07-15,其他
000806.SZ,*ST银河,2012-04-26,2013-05-02,2012-04-25,*ST
000806.SZ,ST银河,2019-03-29,2020-05-31,2019-03-28,ST
000806.SZ,*ST银河,2020-06-01,2021-06-21,2020-05-29,从ST变为*ST
000806.SZ,ST银河,2021-06-22,2022-05-05,2021-06-19,撤消*ST并实行ST
000806.SZ,*ST银河,2022-05-06,2023-06-12,2022-04-30,从ST变为*ST
000809.SZ,ST一纺,2003-02-24,2003-05-11,2003-02-21,ST
000809.SZ,*ST一纺,2003-05-12,2004-04-01,2003-04-30,从ST变为*ST
000809.SZ,ST一纺,2004-04-02,2004-06-09,2004-04-01,撤消*ST并实行ST
000809.SZ,ST中汇,2004-06-10,2005-04-03,2004-06-10,其他
000809.SZ,*ST新城,2017-04-26,2018-06-10,2017-04-25,*ST
000809.SZ,ST新城,2022-04-29,2023-06-01,2022-04-28,ST
000809.SZ,*ST新城,2024-04-29,2024-05-22,2024-04-26,*ST
000809.SZ,*ST和展,2024-05-23,2025-04-24,2024-04-26,其他
000813.SZ,*ST天纺,2005-04-12,2006-03-15,2005-04-11,*ST
000815.SZ,*ST美利,2012-04-24,2013-12-30,2012-04-23,*ST
000815.SZ,*ST美利,2015-04-16,2016-03-24,2015-04-15,*ST
000816.SZ,*ST江力,2004-04-26,2005-04-21,2004-04-23,*ST
000816.SZ,*ST慧业,2018-04-27,2019-07-09,2018-04-26,*ST
000816.SZ,ST慧业,2019-07-10,2020-10-26,2019-07-09,撤消*ST并实行ST
000818.SZ,ST锦化,2009-12-02,2010-03-22,2009-12-01,ST
000818.SZ,*ST锦化,2010-03-23,2010-10-12,2010-03-22,从ST变为*ST
000818.SZ,*ST化工,2010-10-13,2011-09-29,2010-09-04,其他
000818.SZ,ST化工,2011-09-30,2012-03-12,2011-09-29,撤消*ST并实行ST
000820.SZ,*ST金城,2006-05-09,2006-08-27,2006-05-08,*ST
000820.SZ,*ST金城,2006-10-09,2007-05-31,2006-09-28,其他
000820.SZ,*ST金城,2010-04-16,2013-06-18,2010-04-15,*ST
000820.SZ,ST节能,2019-04-12,2019-05-05,2019-04-11,ST
000820.SZ,*ST节能,2019-05-06,2022-08-17,2019-04-30,从ST变为*ST
000820.SZ,*ST节能,2025-04-30,2026-07-29,2025-04-29,*ST
000821.SZ,ST京机,2026-01-20,,2026-01-17,ST
000822.SZ,*ST海化,2014-02-18,2015-03-23,2014-02-15,*ST
000826.SZ,ST原宜,2002-04-23,2003-11-05,2002-04-20,ST
000826.SZ,*ST原宜,2003-11-06,2003-11-09,2003-10-29,从ST变为*ST
000826.SZ,*ST资源,2003-11-10,2004-04-18,2003-11-08,其他
000826.SZ,*ST启环,2026-04-30,,2026-04-29,*ST
000831.SZ,*ST关铝,2010-04-21,2013-04-22,2010-04-20,*ST
000831.SZ,*ST五稀,2016-04-11,2017-05-02,2016-04-08,*ST
000835.SZ,*ST长动,2020-06-29,2022-04-26,2020-06-24,*ST
000836.SZ,ST富通,2024-05-06,,2024-04-30,ST
000837.SZ,*ST秦机,2020-04-23,2021-05-16,2020-04-22,*ST
000838.SZ,ST西化机,2001-02-19,2004-04-28,2001-02-16,ST
000838.SZ,*ST国兴,2012-04-05,2013-04-17,2012-03-30,*ST
000838.SZ,*ST发展,2026-04-27,,2026-04-24,*ST
000839.SZ,ST国安,2022-05-06,2024-06-10,2022-04-30,ST
000851.SZ,ST七砂,2002-03-27,2003-09-14,2002-03-26,ST
000851.SZ,ST鸿股,2003-09-15,2003-12-15,2003-06-19,其他
000851.SZ,*ST鸿股,2003-12-16,2004-04-15,2003-12-09,从ST变为*ST
000851.SZ,ST鸿股,2004-04-16,2005-03-17,2004-04-15,撤消*ST并实行ST
000851.SZ,ST高鸿,2024-05-06,2025-04-29,2024-04-30,ST
000851.SZ,*ST高鸿,2025-04-30,,2025-04-29,从ST变为*ST
000856.SZ,*ST唐陶,2005-04-14,2006-10-08,2005-04-13,*ST
000856.SZ,S*ST唐陶,2006-10-09,2007-01-10,2006-09-28,其他
000856.SZ,*ST唐陶,2009-04-10,2010-05-06,2009-04-09,*ST
000856.SZ,ST唐陶,2010-05-07,2012-08-07,2010-05-06,撤消*ST并实行ST
000856.SZ,*ST冀装,2016-04-11,2017-04-06,2016-04-08,*ST
000862.SZ,*ST仪表,2005-04-27,2006-07-13,2005-04-26,*ST
000862.SZ,ST仪表,2006-07-14,2006-07-17,2006-07-13,撤消*ST并实行ST
000862.SZ,ST仪表,2006-10-09,2007-05-13,2006-09-28,其他
000863.SZ,ST商务,2005-05-09,2006-05-08,2005-04-29,ST
000863.SZ,*ST商务,2006-05-09,2006-10-08,2006-05-08,从ST变为*ST
000863.SZ,S*ST商务,2006-10-09,2007-01-30,2006-09-28,其他
000863.SZ,*ST商务,2007-01-31,2012-08-02,2007-01-29,其他
000868.SZ,*ST安凯,2019-04-17,2020-06-22,2019-04-16,*ST
000868.SZ,ST安凯,2020-06-23,2021-04-18,2020-06-22,撤消*ST并实行ST
000880.SZ,*ST巨力,2005-04-28,2006-10-08,2005-04-27,*ST
000880.SZ,S*ST巨力,2006-10-09,2007-04-16,2006-09-28,其他
000880.SZ,*ST巨力,2007-04-17,2007-04-29,2007-04-13,其他
000880.SZ,ST巨力,2007-04-30,2008-06-01,2007-04-21,撤消*ST并实行ST
000885.SZ,ST春都,2002-04-17,2004-01-14,2002-04-16,ST
000885.SZ,*ST春都,2004-01-15,2004-04-22,2003-01-07,从ST变为*ST
000885.SZ,ST春都,2004-04-23,2006-05-07,2004-04-22,撤消*ST并实行ST
000885.SZ,*ST春都,2006-05-08,2006-10-08,2006-04-28,从ST变为*ST
000885.SZ,S*ST春都,2006-10-09,2007-06-21,2006-09-28,其他
000885.SZ,SST春都,2007-06-22,2007-08-06,2007-06-21,撤消*ST并实行ST
000885.SZ,ST春都,2007-08-07,2007-08-21,2007-08-03,其他
000885.SZ,ST同力,2007-08-22,2008-06-17,2007-08-22,其他
000887.SZ,ST飞彩,2005-04-20,2005-04-24,2005-04-19,ST
000887.SZ,*ST飞彩,2005-04-25,2006-10-08,2005-04-22,从ST变为*ST
000887.SZ,S*ST飞彩,2006-10-09,2006-11-22,2006-09-28,其他
000887.SZ,SST飞彩,2006-11-23,2006-12-21,2006-11-22,撤消*ST并实行ST
000887.SZ,ST飞彩,2006-12-22,2007-01-17,2006-12-16,其他
000887.SZ,ST中鼎,2007-01-18,2008-03-06,2006-12-28,其他
000889.SZ,ST中嘉,2022-05-06,2025-06-03,2022-04-30,ST
000890.SZ,*ST胜尔,2020-04-28,2021-05-16,2020-04-25,*ST
000892.SZ,ST星美,2006-05-09,2006-10-08,2006-05-08,ST
000892.SZ,SST星美,2006-10-09,2007-05-07,2006-09-28,其他
000892.SZ,S*ST星美,2007-05-08,2009-04-07,2007-04-30,从ST变为*ST
000892.SZ,*ST星美,2009-04-08,2009-05-18,2009-04-03,其他
000892.SZ,ST星美,2009-05-19,2011-02-27,2009-05-18,撤消*ST并实行ST
000892.SZ,*ST星美,2011-02-28,2013-03-27,2011-02-25,从ST变为*ST
000892.SZ,*ST星美,2015-04-23,2016-02-24,2015-04-22,*ST
000893.SZ,ST冷机,2002-04-09,2003-03-16,2002-04-08,ST
000893.SZ,*ST东凌,2018-05-03,2019-10-07,2018-04-28,*ST
000897.SZ,*ST津滨,2019-03-21,2020-06-04,2019-03-20,*ST
000898.SZ,*ST鞍钢,2013-03-29,2014-04-09,2013-03-28,*ST
000899.SZ,*ST赣能,2012-04-12,2013-05-01,2012-04-11,*ST
000902.SZ,*ST中服,2010-03-08,2011-04-11,2010-03-05,*ST
000902.SZ,*ST中服,2014-03-27,2014-04-09,2014-03-26,*ST
000903.SZ,ST云动,2025-07-10,,2025-07-09,ST
000906.SZ,S*ST建材,2008-04-16,2008-06-12,2008-04-15,*ST
000906.SZ,*ST建材,2008-06-13,2009-04-02,2008-06-11,其他
000908.SZ,*ST天一,2005-04-29,2006-10-08,2005-04-28,*ST
000908.SZ,S*ST天一,2006-10-09,2006-10-26,2006-09-28,其他
000908.SZ,*ST天一,2010-02-12,2011-05-31,2010-02-11,*ST
000908.SZ,ST天一,2011-06-01,2013-05-01,2011-05-31,撤消*ST并实行ST
000908.SZ,*ST天一,2013-05-02,2014-03-10,2013-04-26,从ST变为*ST
000908.SZ,*ST景峰,2024-05-06,2025-06-15,2024-04-30,*ST
000908.SZ,ST景峰,2025-06-16,2025-10-22,2025-06-13,撤消*ST并实行ST
000908.SZ,*ST景峰,2025-10-23,2026-03-25,2025-10-22,从ST变为*ST
000908.SZ,ST景峰,2026-03-26,2026-06-11,2026-03-25,撤消*ST并实行ST
000909.SZ,ST数源,2023-05-04,2026-03-31,2023-04-28,ST
000909.SZ,*ST数源,2026-04-01,,2026-03-31,从ST变为*ST
000911.SZ,*ST南糖,2019-04-04,2020-06-09,2019-04-03,*ST
000911.SZ,ST南糖,2020-06-10,2020-09-03,2020-06-09,撤消*ST并实行ST
000911.SZ,*ST广糖,2026-04-30,,2026-04-29,*ST
000912.SZ,*ST天化,2015-04-09,2016-03-14,2015-04-08,*ST
000912.SZ,*ST天化,2017-12-15,2019-04-14,2017-12-14,*ST
000913.SZ,*ST钱江,2016-04-21,2017-05-14,2016-04-20,*ST
000918.SZ,*ST亚华,2006-03-01,2006-10-08,2006-02-28,*ST
000918.SZ,S*ST亚华,2006-10-09,2008-03-09,2006-09-28,其他
000918.SZ,SST亚华,2008-03-10,2009-04-28,2008-03-07,撤消*ST并实行ST
000918.SZ,S*ST亚华,2009-04-29,2009-04-29,2009-04-28,从ST变为*ST
000918.SZ,*ST亚华,2009-04-30,2009-10-19,2009-04-28,其他
000918.SZ,*ST嘉凯,2023-05-04,,2023-04-28,*ST
000920.SZ,*ST汇通,2007-04-23,2008-08-05,2007-04-20,*ST
000921.SZ,ST科龙,2002-04-26,2003-06-03,2002-04-25,ST
000921.SZ,*ST科龙,2006-07-03,2006-10-08,2006-06-30,*ST
000921.SZ,S*ST科龙,2006-10-09,2007-03-28,2006-09-28,其他
000921.SZ,*ST科龙,2007-03-29,2007-07-24,2007-03-27,其他
000921.SZ,ST科龙,2007-07-25,2013-04-22,2007-07-24,撤消*ST并实行ST
000922.SZ,*ST阿继,2007-04-18,2008-10-12,2007-04-17,*ST
000922.SZ,ST阿继,2008-10-13,2010-04-15,2008-10-10,撤消*ST并实行ST
000922.SZ,*ST阿继,2010-04-16,2011-05-15,2010-04-15,从ST变为*ST
000922.SZ,ST阿继,2011-05-16,2012-09-20,2011-05-13,撤消*ST并实行ST
000922.SZ,ST佳电,2012-09-21,2013-01-24,2012-07-03,其他
000922.SZ,*ST佳电,2017-03-21,2018-11-26,2017-03-18,*ST
000925.SZ,*ST海纳,2006-05-08,2006-10-08,2006-04-28,*ST
000925.SZ,S*ST海纳,2006-10-09,2008-12-24,2006-09-28,其他
000925.SZ,SST海纳,2008-12-25,2009-04-29,2008-12-24,撤消*ST并实行ST
000925.SZ,ST海纳,2009-04-30,2009-06-04,2009-04-28,其他
000927.SZ,ST夏利,2003-04-29,2003-05-11,2003-04-28,ST
000927.SZ,*ST夏利,2003-05-12,2004-05-12,2003-04-28,从ST变为*ST
000927.SZ,*ST夏利,2015-04-02,2016-04-17,2015-04-01,*ST
000927.SZ,*ST夏利,2020-04-10,2021-01-03,2020-04-09,*ST
000928.SZ,*ST吉炭,2006-04-26,2006-06-04,2006-04-25,*ST
000928.SZ,*ST吉炭,2006-10-09,2007-06-03,2006-09-28,其他
000928.SZ,ST吉炭,2007-06-04,2009-05-18,2007-06-01,撤消*ST并实行ST
000928.SZ,*ST吉炭,2014-03-24,2014-09-29,2014-03-21,*ST
000929.SZ,*ST兰黄,2025-04-30,2026-06-15,2025-04-29,*ST
000931.SZ,*ST中科,2004-04-27,2005-05-12,2004-04-26,*ST
000932.SZ,*ST华菱,2017-05-03,2018-03-08,2017-04-29,*ST
000933.SZ,*ST神火,2016-04-20,2017-05-01,2016-04-19,*ST
000935.SZ,*ST双马,2008-04-30,2009-05-20,2008-04-29,*ST
000935.SZ,ST双马,2009-05-21,2010-10-31,2009-05-20,撤消*ST并实行ST
000939.SZ,*ST凯迪,2018-07-02,2020-11-04,2018-06-29,*ST
000950.SZ,*ST农化,2004-04-27,2005-04-19,2004-04-26,*ST
000950.SZ,ST农化,2005-04-20,2005-12-26,2005-04-19,撤消*ST并实行ST
000950.SZ,ST建峰,2006-10-09,2007-04-08,2006-09-28,其他
000950.SZ,*ST建峰,2016-04-25,2018-08-27,2016-04-22,*ST
000951.SZ,ST小鸭,2003-04-11,2003-05-11,2003-04-10,ST
000951.SZ,*ST小鸭,2003-05-12,2004-02-11,2003-04-30,从ST变为*ST
000951.SZ,*ST重汽,2004-02-12,2005-03-21,2003-12-31,其他
000953.SZ,*ST河化,2010-04-13,2011-05-19,2010-04-12,*ST
000953.SZ,ST河化,2011-05-20,2013-04-25,2011-05-19,撤消*ST并实行ST
000953.SZ,*ST河化,2013-04-26,2014-04-28,2013-04-25,从ST变为*ST
000953.SZ,*ST河化,2017-03-02,2018-06-10,2017-03-01,*ST
000953.SZ,ST河化,2018-06-11,2019-03-12,2018-06-08,撤消*ST并实行ST
000953.SZ,*ST河化,2019-03-13,2021-05-25,2019-03-12,从ST变为*ST
000955.SZ,*ST欣龙,2009-04-28,2010-06-03,2009-04-27,*ST
000955.SZ,ST欣龙,2010-06-04,2013-05-07,2010-06-03,撤消*ST并实行ST
000958.SZ,*ST东热,2010-04-28,2011-05-22,2010-04-27,*ST
000958.SZ,ST东热,2011-05-23,2013-04-25,2011-05-20,撤消*ST并实行ST
000958.SZ,*ST东热,2013-04-26,2014-04-02,2013-04-26,从ST变为*ST
000961.SZ,ST中南,2024-04-24,,2024-04-23,ST
000962.SZ,*ST东钽,2016-04-20,2017-04-04,2016-04-19,*ST
000965.SZ,S*ST天水,2007-04-16,2007-07-19,2007-04-13,*ST
000965.SZ,S*ST天保,2007-07-20,2007-09-26,2007-06-27,其他
000965.SZ,*ST天保,2007-09-27,2008-05-08,2007-09-25,其他
000967.SZ,*ST上风,2006-04-17,2006-09-20,2006-04-14,*ST
000967.SZ,*ST上风,2006-10-09,2007-08-23,2006-09-28,其他
000968.SZ,*ST煤气,2016-03-21,2017-05-14,2016-03-18,*ST
000971.SZ,*ST迈亚,2008-04-14,2009-07-27,2008-04-11,*ST
000971.SZ,ST迈亚,2009-07-28,2013-04-17,2009-07-27,撤消*ST并实行ST
000971.SZ,ST高升,2019-03-28,2019-04-29,2019-03-27,ST
000971.SZ,*ST高升,2019-04-30,2021-06-17,2019-04-27,从ST变为*ST
000971.SZ,ST高升,2021-06-18,2024-04-29,2021-06-17,撤消*ST并实行ST
000971.SZ,*ST高升,2024-04-30,,2024-04-27,从ST变为*ST
000972.SZ,*ST中基,2012-05-02,2013-11-05,2012-04-27,*ST
000972.SZ,*ST中基,2017-04-18,2018-11-01,2017-04-15,*ST
000972.SZ,ST中基,2018-11-02,2021-04-25,2018-11-01,撤消*ST并实行ST
000972.SZ,*ST中基,2021-04-26,2022-07-12,2021-04-23,从ST变为*ST
000972.SZ,ST中基,2022-07-13,2023-04-16,2022-07-12,撤消*ST并实行ST
000972.SZ,*ST中基,2025-04-01,2026-06-28,2025-03-29,*ST
000976.SZ,*ST春晖,2010-04-27,2011-03-28,2010-04-26,*ST
000976.SZ,*ST春晖,2015-03-11,2016-02-24,2015-03-10,*ST
000976.SZ,ST华铁,2023-05-05,2024-07-08,2023-04-29,ST
000976.SZ,*ST华铁,2024-07-09,,2024-07-06,从ST变为*ST
000980.SZ,ST金马,2003-04-10,2003-05-11,2003-04-09,ST
000980.SZ,*ST金马,2003-05-12,2004-02-12,2003-04-30,从ST变为*ST
000980.SZ,ST金马,2004-02-13,2005-04-06,2004-02-06,撤消*ST并实行ST
000980.SZ,*ST众泰,2020-06-24,2022-05-19,2020-06-23,*ST
000980.SZ,ST众泰,2022-05-20,2022-11-02,2022-05-19,撤消*ST并实行ST
000981.SZ,SST兰光,2007-04-30,2008-04-16,2007-04-27,ST
000981.SZ,S*ST兰光,2008-04-17,2011-05-29,2008-04-16,从ST变为*ST
000981.SZ,*ST兰光,2011-05-30,2011-08-25,2011-05-26,其他
000981.SZ,ST兰光,2011-08-26,2012-04-08,2011-08-19,撤消*ST并实行ST
000981.SZ,ST银亿,2019-05-06,2020-06-22,2019-04-30,ST
000981.SZ,*ST银亿,2020-06-23,2022-11-08,2020-06-20,从ST变为*ST
000982.SZ,S*ST雪绒,2007-04-13,2008-01-27,2007-04-12,*ST
000982.SZ,*ST中绒,2008-01-28,2008-06-17,2008-01-24,其他
000982.SZ,*ST中绒,2017-05-03,2021-06-07,2017-04-29,*ST
000989.SZ,ST九芝,2024-04-26,2025-05-06,2024-04-25,ST
000993.SZ,*ST闽电,2005-04-05,2006-07-06,2005-04-04,*ST
000995.SZ,*ST皇台,2004-04-19,2005-04-24,2004-04-16,*ST
000995.SZ,*ST皇台,2009-04-22,2010-06-23,2009-04-21,*ST
000995.SZ,ST皇台,2010-06-24,2013-04-02,2010-06-23,撤消*ST并实行ST
000995.SZ,*ST皇台,2015-04-28,2017-06-14,2015-04-27,*ST
000995.SZ,*ST皇台,2018-05-03,2020-12-15,2018-04-28,*ST
000995.SZ,*ST皇台,2022-04-29,2023-08-17,2022-04-28,*ST
000996.SZ,*ST中期,2023-05-05,2024-06-05,2023-04-29,*ST
001270.SZ,*ST铖昌,2025-04-24,2026-05-19,2025-04-23,*ST
001696.SZ,ST联益,2000-04-26,2003-10-22,2000-04-25,ST
001696.SZ,ST宗动,2003-10-23,2004-02-23,2003-08-19,其他
001896.SZ,*ST豫能,2010-04-06,2011-04-18,2010-04-02,*ST
002002.SZ,ST琼花,2008-12-29,2009-05-03,2008-12-26,ST
002002.SZ,*ST琼花,2009-05-04,2010-04-11,2009-04-30,从ST变为*ST
002002.SZ,ST琼花,2010-04-12,2012-03-25,2010-04-09,撤消*ST并实行ST
002002.SZ,ST金材,2012-03-26,2013-02-03,2012-02-29,其他
002002.SZ,ST鸿达,2023-10-12,,2023-10-11,ST
002005.SZ,*ST德豪,2019-04-30,2020-11-01,2019-04-29,*ST
002005.SZ,ST德豪,2020-11-02,2026-07-13,2020-10-30,撤消*ST并实行ST
002006.SZ,*ST精功,2014-04-29,2015-03-01,2014-04-28,*ST
002015.SZ,ST霞客,2014-03-21,2014-04-29,2014-03-20,ST
002015.SZ,*ST霞客,2014-04-30,2016-02-24,2014-04-29,从ST变为*ST
002019.SZ,*ST鑫富,2012-04-27,2013-05-09,2012-04-26,*ST
002021.SZ,*ST中捷,2019-04-30,2020-06-11,2019-04-27,*ST
002021.SZ,ST中捷,2020-06-12,2023-05-03,2020-06-11,撤消*ST并实行ST
002021.SZ,*ST中捷,2023-05-04,2024-06-02,2023-04-28,从ST变为*ST
002022.SZ,*ST科华,2022-05-06,2023-04-03,2022-04-30,*ST
002024.SZ,ST易购,2022-05-06,,2022-04-30,ST
002047.SZ,*ST成霖,2013-04-15,2014-01-12,2013-04-12,*ST
002047.SZ,*ST宝鹰,2025-04-28,2026-05-20,2025-04-25,*ST
002052.SZ,*ST同洲,2020-05-06,2021-06-07,2020-04-30,*ST
002052.SZ,ST同洲,2021-06-08,2022-04-20,2021-06-07,撤消*ST并实行ST
002052.SZ,*ST同洲,2022-04-21,2023-05-03,2022-04-20,从ST变为*ST
002052.SZ,ST同洲,2023-05-04,2024-04-22,2023-04-28,撤消*ST并实行ST
002052.SZ,*ST同洲,2024-04-23,2025-06-16,2024-04-20,从ST变为*ST
002055.SZ,ST得润,2026-01-06,,2025-12-31,ST
002058.SZ,*ST威尔,2021-04-08,2022-05-22,2021-04-07,*ST
002058.SZ,*ST威尔,2025-04-30,2026-06-14,2025-04-29,*ST
002061.SZ,*ST江化,2016-03-01,2017-03-13,2016-02-29,*ST
002069.SZ,*ST獐岛,2016-05-04,2017-04-04,2016-05-03,*ST
002069.SZ,ST獐子岛,2022-05-06,2023-05-29,2022-04-30,ST
002071.SZ,*ST长城,2020-06-22,2021-03-21,2020-06-19,*ST
002072.SZ,*ST德棉,2010-04-29,2011-06-02,2010-04-28,*ST
002072.SZ,ST德棉,2011-06-03,2013-05-22,2011-06-02,撤消*ST并实行ST
002072.SZ,*ST凯瑞,2019-05-06,2020-06-08,2019-04-30,*ST
002072.SZ,ST凯瑞,2020-06-09,2021-02-01,2020-06-08,撤消*ST并实行ST
002072.SZ,*ST凯瑞,2021-02-02,2022-11-16,2021-01-30,从ST变为*ST
002075.SZ,ST张铜,2008-09-02,2009-04-27,2008-09-01,ST
002075.SZ,*ST张铜,2009-04-28,2011-04-07,2009-04-27,从ST变为*ST
002076.SZ,*ST雪莱,2020-04-30,2021-06-09,2020-04-29,*ST
002076.SZ,ST雪莱,2021-06-10,2022-04-28,2021-06-09,撤消*ST并实行ST
002076.SZ,*ST雪莱,2022-04-29,2023-04-12,2022-04-28,从ST变为*ST
002076.SZ,*ST星光,2025-04-29,2026-06-21,2025-04-28,*ST
002077.SZ,*ST大港,2020-04-30,2021-06-02,2020-04-29,*ST
002082.SZ,ST万邦,2026-05-06,,2026-04-30,ST
002086.SZ,ST东海洋,2019-02-18,2020-06-30,2019-02-15,ST
002086.SZ,*ST东洋,2020-07-01,2021-12-26,2020-06-30,从ST变为*ST
002086.SZ,ST东洋,2021-12-27,2023-05-04,2021-12-24,撤消*ST并实行ST
002086.SZ,*ST东洋,2023-05-05,2024-06-11,2023-04-29,从ST变为*ST
002087.SZ,*ST新纺,2023-05-05,2024-06-05,2023-04-29,*ST
002089.SZ,*ST新海,2019-05-06,2020-08-03,2019-04-30,*ST
002089.SZ,ST新海,2020-08-04,2023-01-17,2020-08-01,撤消*ST并实行ST
002089.SZ,*ST新海,2023-01-18,2024-03-25,2023-01-17,从ST变为*ST
002092.SZ,ST中泰,2024-05-21,2025-05-19,2024-05-18,ST
002102.SZ,*ST冠福,2012-04-26,2013-05-06,2012-04-25,*ST
002102.SZ,ST冠福,2018-10-16,2023-05-10,2018-10-15,ST
002102.SZ,ST能特,2026-04-30,,2026-04-29,ST
002109.SZ,*ST兴化,2016-03-01,2017-03-27,2016-02-29,*ST
002109.SZ,ST兴化,2026-05-06,,2026-04-30,ST
002113.SZ,ST天润,2010-10-20,2011-04-27,2010-10-19,ST
002113.SZ,*ST天润,2011-04-28,2012-05-21,2011-04-27,从ST变为*ST
002113.SZ,ST天润,2012-05-22,2013-03-28,2012-05-21,撤消*ST并实行ST
002113.SZ,ST天润,2019-03-28,2020-04-28,2019-03-27,ST
002113.SZ,*ST天润,2020-04-29,2021-08-26,2020-04-28,从ST变为*ST
002113.SZ,ST天润,2021-08-27,2023-05-04,2021-08-26,撤消*ST并实行ST
002113.SZ,*ST天润,2023-05-05,,2023-04-29,从ST变为*ST
002114.SZ,*ST锌电,2012-03-23,2013-04-17,2012-03-22,*ST
002118.SZ,*ST紫鑫,2023-05-05,,2023-04-29,*ST
002121.SZ,*ST科陆,2020-04-30,2021-05-30,2020-04-29,*ST
002122.SZ,*ST天马,2018-05-03,2021-06-15,2018-05-02,*ST
002122.SZ,ST天马,2021-06-16,2022-11-01,2021-06-15,撤消*ST并实行ST
002122.SZ,*ST天马,2022-11-02,2023-01-09,2022-11-01,从ST变为*ST
002122.SZ,ST天马,2023-01-10,2023-02-27,2023-01-07,撤消*ST并实行ST
002122.SZ,ST汇洲,2025-10-31,,2025-10-30,ST
002124.SZ,ST天邦,2024-05-06,2025-05-05,2024-04-30,ST
002127.SZ,*ST新民,2014-03-11,2015-04-22,2014-03-10,*ST
002134.SZ,*ST普林,2014-04-14,2015-04-15,2014-04-11,*ST
002134.SZ,*ST普林,2017-05-02,2018-04-18,2017-04-28,*ST
002141.SZ,*ST贤丰,2024-04-29,2025-06-29,2024-04-26,*ST
002145.SZ,ST钛白,2009-04-22,2010-04-18,2009-04-21,ST
002145.SZ,*ST钛白,2010-04-19,2012-12-26,2010-04-16,从ST变为*ST
002147.SZ,ST新光,2018-12-04,2020-04-28,2018-12-03,ST
002147.SZ,*ST新光,2020-04-29,2022-05-31,2020-04-28,从ST变为*ST
002157.SZ,*ST正邦,2023-05-05,2024-06-11,2023-04-29,*ST
002160.SZ,*ST常铝,2014-03-11,2015-03-19,2014-03-10,*ST
002162.SZ,*ST上控,2013-02-08,2014-03-16,2013-02-07,*ST
002163.SZ,*ST三鑫,2014-04-29,2015-05-05,2014-04-28,*ST
002164.SZ,*ST东力,2014-04-23,2015-03-15,2014-04-22,*ST
002168.SZ,ST惠程,2021-03-03,2021-04-08,2021-03-02,ST
002168.SZ,ST惠程,2024-09-19,2025-04-29,2024-09-14,ST
002168.SZ,*ST惠程,2025-04-30,2026-05-10,2025-04-29,从ST变为*ST
002168.SZ,ST惠程,2026-05-11,,2026-05-08,撤消*ST并实行ST
002173.SZ,*ST千足,2016-04-19,2016-06-21,2016-04-18,*ST
002173.SZ,*ST创疗,2016-06-22,2017-04-20,2016-05-24,其他
002175.SZ,*ST东网,2019-04-29,2020-11-02,2019-04-26,*ST
002175.SZ,ST东网,2020-11-03,2021-05-05,2020-10-31,撤消*ST并实行ST
002175.SZ,*ST东网,2021-05-06,2022-04-10,2021-04-30,从ST变为*ST
002175.SZ,*ST东智,2026-04-30,,2026-04-29,*ST
002176.SZ,*ST江特,2020-04-30,2021-04-13,2020-04-29,*ST
002177.SZ,*ST御银,2022-05-05,2023-06-11,2022-04-29,*ST
002188.SZ,ST巴士,2018-02-08,2018-05-01,2018-02-07,ST
002188.SZ,*ST巴士,2018-05-02,2020-06-08,2018-04-27,从ST变为*ST
002188.SZ,ST巴士,2020-06-09,2021-02-08,2020-06-08,撤消*ST并实行ST
002188.SZ,*ST巴士,2021-02-09,2022-06-22,2021-02-06,从ST变为*ST
002190.SZ,*ST集成,2019-03-25,2020-06-07,2019-03-22,*ST
002192.SZ,*ST路翔,2015-03-23,2015-08-23,2015-03-20,*ST
002192.SZ,*ST融捷,2015-08-24,2016-02-04,2015-06-13,其他
002192.SZ,*ST融捷,2020-04-22,2021-03-21,2020-04-21,*ST
002193.SZ,ST如意,2026-05-06,,2026-04-30,ST
002194.SZ,*ST凡谷,2018-04-27,2019-08-14,2018-04-26,*ST
002197.SZ,ST证通,2024-05-06,2025-12-23,2024-04-30,ST
002198.SZ,ST嘉应,2026-05-06,,2026-04-30,ST
002199.SZ,*ST东晶,2016-04-26,2017-03-14,2016-04-25,*ST
002199.SZ,*ST东晶,2025-03-26,2026-07-22,2025-03-25,*ST
002200.SZ,*ST大地,2011-05-04,2014-03-04,2011-05-03,*ST
002200.SZ,*ST云投,2019-04-26,2020-06-03,2019-04-25,*ST
002200.SZ,ST云投,2020-06-04,2022-07-14,2020-06-03,撤消*ST并实行ST
002200.SZ,ST交投,2022-07-15,2025-04-17,2022-06-25,其他
002200.SZ,*ST交投,2025-04-18,2026-06-02,2025-04-17,从ST变为*ST
002207.SZ,*ST准油,2017-04-28,2018-09-10,2017-04-27,*ST
002207.SZ,ST准油,2018-09-11,2020-06-30,2018-09-10,撤消*ST并实行ST
002207.SZ,*ST准油,2026-04-29,,2026-04-28,*ST
002210.SZ,*ST飞马,2019-05-06,2021-12-01,2019-04-30,*ST
002211.SZ,ST宏达,2022-05-06,2023-06-20,2022-04-30,ST
002211.SZ,ST宏达,2025-04-25,,2025-04-24,ST
002214.SZ,*ST大立,2025-04-29,2026-08-04,2025-04-26,*ST
002217.SZ,*ST联工,2014-04-25,2014-05-06,2014-04-24,*ST
002217.SZ,*ST合泰,2014-05-07,2015-04-13,2014-04-08,其他
002217.SZ,*ST合泰,2024-05-06,2025-06-23,2024-04-30,*ST
002217.SZ,ST合力泰,2026-06-23,,2026-06-18,ST
002219.SZ,*ST恒康,2020-05-06,2022-07-03,2020-04-30,*ST
002220.SZ,ST天宝,2019-05-28,2020-06-01,2019-05-27,ST
002220.SZ,*ST天宝,2020-06-02,2020-06-29,2020-05-30,从ST变为*ST
002227.SZ,*ST特迅,2026-04-22,,2026-04-21,*ST
002231.SZ,*ST奥维,2025-04-30,,2025-04-29,*ST
002234.SZ,*ST民和,2014-04-22,2015-04-02,2014-04-21,*ST
002247.SZ,*ST聚力,2020-05-06,2021-06-03,2020-04-30,*ST
002248.SZ,*ST东数,2014-04-29,2015-04-29,2014-04-28,*ST
002248.SZ,*ST东数,2017-04-27,2018-04-15,2017-04-26,*ST
002251.SZ,*ST步高,2023-10-31,2024-10-15,2023-10-30,*ST
002251.SZ,ST步步高,2024-10-16,2025-04-20,2024-10-15,撤消*ST并实行ST
002253.SZ,*ST智胜,2025-04-29,2026-06-25,2025-04-28,*ST
002255.SZ,*ST海陆,2020-04-29,2021-05-09,2020-04-28,*ST
002256.SZ,*ST兆新,2020-04-27,2021-08-03,2020-04-24,*ST
002259.SZ,ST升达,2018-10-09,2019-05-05,2018-10-08,ST
002259.SZ,*ST升达,2019-05-06,2021-09-23,2019-04-30,从ST变为*ST
002259.SZ,ST升达,2021-09-24,2025-05-19,2021-09-23,撤消*ST并实行ST
002260.SZ,*ST德奥,2018-05-02,2022-05-04,2018-04-27,*ST
002263.SZ,*ST东南,2018-05-02,2020-06-02,2018-04-27,*ST
002265.SZ,*ST西仪,2013-03-27,2014-04-02,2013-03-26,*ST
002280.SZ,*ST联络,2020-06-29,2021-05-24,2020-06-24,*ST
002280.SZ,ST联络,2024-05-06,,2024-04-30,ST
002288.SZ,*ST超华,2024-05-06,,2024-04-30,*ST
002289.SZ,*ST宇顺,2016-05-03,2017-05-17,2016-04-29,*ST
002289.SZ,*ST宇顺,2019-04-26,2020-06-08,2019-04-25,*ST
002289.SZ,ST宇顺,2020-06-09,2021-04-27,2020-06-08,撤消*ST并实行ST
002289.SZ,ST宇顺,2023-04-28,2025-05-05,2023-04-27,ST
002289.SZ,*ST宇顺,2025-05-06,2026-06-25,2025-04-30,从ST变为*ST
002290.SZ,*ST中科,2019-05-06,2020-07-07,2019-04-30,*ST
002290.SZ,ST中科创,2020-07-08,2020-11-30,2020-07-07,撤消*ST并实行ST
002290.SZ,ST禾盛,2020-12-01,2021-04-19,2020-10-23,其他
002305.SZ,*ST南置,2025-04-30,,2025-04-29,*ST
002306.SZ,*ST云网,2015-04-30,2016-05-15,2015-04-29,*ST
002306.SZ,*ST云网,2017-04-27,2019-07-31,2017-04-26,*ST
002306.SZ,ST云网,2019-08-01,2021-04-13,2019-07-31,撤消*ST并实行ST
002306.SZ,*ST云网,2025-04-16,2026-06-11,2025-04-15,*ST
002306.SZ,ST云网,2026-06-12,,2026-06-11,撤消*ST并实行ST
002308.SZ,*ST威创,2024-07-09,,2024-07-06,*ST
002309.SZ,ST中利,2022-05-31,2024-04-24,2022-05-30,ST
002309.SZ,*ST中利,2024-04-25,2025-06-03,2024-04-24,从ST变为*ST
002309.SZ,ST中利,2025-06-04,2025-07-08,2025-06-03,撤消*ST并实行ST
002310.SZ,*ST东园,2024-04-30,2025-05-28,2024-04-27,*ST
002312.SZ,*ST三泰,2017-04-28,2018-05-08,2017-04-27,*ST
002313.SZ,*ST日海,2022-05-06,2023-11-02,2022-04-30,*ST
002316.SZ,*ST亚联,2022-05-06,2023-04-16,2022-04-30,*ST
002316.SZ,ST亚联,2024-08-06,2025-08-26,2024-08-05,ST
002319.SZ,*ST乐通,2020-04-28,2021-03-22,2020-04-25,*ST
002321.SZ,*ST华英,2021-04-30,2022-06-26,2021-04-29,*ST
002321.SZ,ST华英,2022-06-27,2023-06-06,2022-06-24,撤消*ST并实行ST
002323.SZ,*ST百特,2018-07-06,2019-12-03,2018-07-05,*ST
002323.SZ,ST百特,2019-12-04,2020-05-05,2019-12-03,撤消*ST并实行ST
002323.SZ,*ST百特,2020-05-06,2020-05-28,2020-04-30,从ST变为*ST
002323.SZ,*ST雅博,2020-05-29,2022-06-01,2020-05-14,其他
002323.SZ,*ST雅博,2026-04-30,,2026-04-29,*ST
002325.SZ,*ST洪涛,2024-05-06,,2024-04-30,*ST
002333.SZ,*ST罗普,2019-05-06,2020-06-08,2019-04-30,*ST
002333.SZ,ST罗普,2020-06-09,2021-05-25,2020-06-08,撤消*ST并实行ST
002336.SZ,*ST人乐,2016-04-20,2017-04-27,2016-04-19,*ST
002336.SZ,*ST人乐,2019-04-17,2020-06-17,2019-04-16,*ST
002336.SZ,ST人乐,2020-06-18,2021-05-25,2020-06-17,撤消*ST并实行ST
002336.SZ,*ST人乐,2024-04-22,2025-06-12,2024-04-19,*ST
002341.SZ,ST新纶,2024-05-06,,2024-04-30,ST
002354.SZ,*ST天娱,2020-05-06,2021-05-24,2020-04-30,*ST
002356.SZ,*ST赫美,2019-05-06,2022-07-04,2019-04-30,*ST
002358.SZ,ST森源,2021-04-30,2023-03-20,2021-04-29,ST
002359.SZ,*ST北讯,2019-05-06,2021-06-09,2019-04-30,*ST
002360.SZ,ST同德,2026-04-29,,2026-04-28,ST
002366.SZ,*ST海核,2022-05-06,2023-05-18,2022-04-30,*ST
002373.SZ,*ST联信,2014-04-11,2014-06-15,2014-04-10,*ST
002379.SZ,*ST鲁丰,2016-04-22,2017-05-23,2016-04-21,*ST
002388.SZ,ST新亚,2024-11-13,2026-01-12,2024-11-12,ST
002411.SZ,*ST必康,2022-07-01,2023-06-18,2022-06-30,*ST
002417.SZ,*ST元达,2015-04-30,2016-03-22,2015-04-29,*ST
002417.SZ,*ST深南,2022-04-21,2023-06-14,2022-04-20,*ST
002418.SZ,*ST康盛,2020-04-30,2021-06-08,2020-04-29,*ST
002420.SZ,*ST毅昌,2019-04-30,2020-07-22,2019-04-27,*ST
002420.SZ,ST毅昌,2020-07-23,2021-03-21,2020-07-22,撤消*ST并实行ST
002423.SZ,*ST中特,2016-05-03,2017-04-20,2016-04-29,*ST
002424.SZ,ST百灵,2024-05-06,2025-06-29,2024-04-30,ST
002424.SZ,ST百灵,2025-12-23,,2025-12-20,ST
002425.SZ,ST凯文,2024-09-19,2025-12-10,2024-09-18,ST
002426.SZ,*ST胜利,2020-04-30,2021-05-09,2020-04-29,*ST
002427.SZ,ST尤夫,2018-02-08,2018-05-02,2018-02-07,ST
002427.SZ,*ST尤夫,2018-05-03,2020-08-03,2018-05-02,从ST变为*ST
002427.SZ,ST尤夫,2020-08-04,2022-04-24,2020-08-03,撤消*ST并实行ST
002427.SZ,*ST尤夫,2022-04-25,2023-05-11,2022-04-22,从ST变为*ST
002431.SZ,ST棕榈,2026-04-28,,2026-04-25,ST
002433.SZ,ST太安,2022-09-28,2023-05-04,2022-09-27,ST
002433.SZ,*ST太安,2023-05-05,2024-06-13,2023-04-29,从ST变为*ST
002435.SZ,ST长康,2024-05-06,,2024-04-30,ST
002445.SZ,ST中南,2018-10-31,2020-04-29,2018-10-30,ST
002445.SZ,*ST中南,2020-04-30,2021-06-10,2020-04-29,从ST变为*ST
002447.SZ,*ST晨鑫,2020-05-06,2022-06-05,2020-04-30,*ST
002450.SZ,ST康得新,2019-01-23,2019-05-05,2019-01-22,ST
002450.SZ,*ST康得,2019-05-06,2021-04-13,2019-04-30,从ST变为*ST
002459.SZ,*ST天业,2014-03-17,2015-04-12,2014-03-14,*ST
002464.SZ,*ST众应,2021-04-26,2022-06-06,2021-04-23,*ST
002470.SZ,*ST金正,2020-07-01,2021-12-28,2020-06-30,*ST
002470.SZ,ST金正,2021-12-29,2023-07-23,2021-12-28,撤消*ST并实行ST
002473.SZ,*ST圣莱,2017-05-02,2019-03-18,2017-04-28,*ST
002473.SZ,ST圣莱,2020-07-27,2021-04-29,2020-07-24,ST
002473.SZ,*ST圣莱,2021-04-30,2022-05-30,2021-04-29,从ST变为*ST
002482.SZ,ST广田,2022-07-12,2023-05-04,2022-07-09,ST
002482.SZ,*ST广田,2023-05-05,2024-06-17,2023-04-29,从ST变为*ST
002485.SZ,*ST雪发,2022-05-06,2023-12-24,2022-04-30,*ST
002485.SZ,ST雪发,2023-12-25,,2023-12-22,撤消*ST并实行ST
002490.SZ,*ST墨龙,2017-04-07,2018-04-15,2017-04-06,*ST
002490.SZ,ST墨龙,2024-04-01,2025-05-05,2024-03-29,ST
002496.SZ,ST辉丰,2018-08-14,2019-02-10,2018-08-13,ST
002496.SZ,*ST辉丰,2020-04-29,2021-06-15,2020-04-29,*ST
002496.SZ,ST辉丰,2021-06-16,2022-05-12,2021-06-15,撤消*ST并实行ST
002496.SZ,*ST辉丰,2025-04-23,2026-06-17,2025-04-22,*ST
002499.SZ,*ST科林,2019-04-26,2023-03-26,2019-04-25,*ST
002501.SZ,*ST利源,2019-05-06,2022-06-30,2019-04-30,*ST
002501.SZ,*ST利源,2026-04-30,,2026-04-29,*ST
002502.SZ,*ST鼎龙,2020-04-30,2021-05-24,2020-04-29,*ST
002502.SZ,ST鼎龙,2023-05-05,,2023-04-29,ST
002503.SZ,*ST搜特,2023-04-26,,2023-04-25,*ST
002504.SZ,*ST弘高,2017-05-03,2018-05-10,2017-05-02,*ST
002504.SZ,ST弘高,2021-04-23,2023-04-27,2021-04-22,ST
002504.SZ,*ST弘高,2023-04-28,,2023-04-27,从ST变为*ST
002506.SZ,ST超日,2013-02-01,2013-05-02,2013-01-31,ST
002506.SZ,*ST超日,2013-05-03,2015-03-08,2013-04-27,从ST变为*ST
002506.SZ,*ST集成,2015-03-09,2015-08-11,2015-01-24,其他
002512.SZ,ST达华,2026-03-03,,2026-02-27,ST
002513.SZ,*ST蓝丰,2016-04-27,2017-04-06,2016-04-26,*ST
002513.SZ,*ST蓝丰,2020-04-29,2021-06-20,2020-04-28,*ST
002514.SZ,*ST宝馨,2026-05-06,,2026-04-30,*ST
002528.SZ,ST英飞拓,2024-05-06,2026-04-29,2024-04-30,ST
002528.SZ,*ST英飞,2026-04-30,,2026-04-29,从ST变为*ST
002529.SZ,*ST海源,2020-05-06,2021-06-21,2020-04-30,*ST
002529.SZ,*ST海源,2025-04-29,2026-06-14,2025-04-28,*ST
002535.SZ,*ST林重,2020-05-06,2021-06-23,2020-04-30,*ST
002535.SZ,ST林重,2021-06-24,2023-06-14,2021-06-23,撤消*ST并实行ST
002538.SZ,ST司特,2026-03-31,,2026-03-27,ST
002542.SZ,*ST中岩,2026-04-21,,2026-04-18,*ST
002547.SZ,*ST春兴,2026-04-30,,2026-04-29,*ST
002552.SZ,*ST宝鼎,2018-05-03,2019-03-05,2018-05-02,*ST
002564.SZ,*ST天沃,2023-06-30,2025-04-14,2023-06-29,*ST
002569.SZ,*ST步森,2019-04-30,2020-06-08,2019-04-29,*ST
002569.SZ,ST步森,2020-06-09,2025-04-27,2020-06-08,撤消*ST并实行ST
002569.SZ,*ST步森,2025-04-28,,2025-04-25,从ST变为*ST
002570.SZ,*ST因美,2018-04-27,2019-04-17,2018-04-26,*ST
002571.SZ,*ST德力,2017-04-25,2018-04-09,2017-04-24,*ST
002575.SZ,ST群兴,2020-04-22,2020-06-23,2020-04-21,ST
002575.SZ,*ST群兴,2020-06-24,2022-06-05,2020-06-23,从ST变为*ST
002581.SZ,ST未名,2025-07-08,2026-04-29,2025-07-05,ST
002581.SZ,*ST未名,2026-04-30,,2026-04-29,从ST变为*ST
002586.SZ,ST围海,2019-05-29,2020-05-05,2019-05-28,ST
002586.SZ,*ST围海,2020-05-06,2022-11-20,2020-04-30,从ST变为*ST
002586.SZ,ST围海,2022-11-21,2023-05-04,2022-11-18,撤消*ST并实行ST
002586.SZ,*ST围海,2023-05-05,2025-12-22,2023-04-29,从ST变为*ST
002586.SZ,ST围海,2025-12-23,2026-08-30,2025-12-20,撤消*ST并实行ST
002592.SZ,ST八菱,2020-07-02,,2020-07-01,ST
002598.SZ,ST章鼓,2026-04-08,,2026-04-04,ST
002602.SZ,ST华通,2024-11-08,2025-11-11,2024-11-07,ST
002604.SZ,ST龙力,2018-01-19,2018-05-01,2018-01-18,ST
002604.SZ,*ST龙力,2018-05-02,2020-05-31,2018-04-27,从ST变为*ST
002608.SZ,*ST舜船,2015-04-30,2017-04-18,2015-04-29,*ST
002610.SZ,ST爱康,2024-05-06,,2024-04-30,ST
002618.SZ,*ST丹邦,2021-04-30,2022-05-30,2021-04-29,*ST
002619.SZ,*ST艾格,2021-04-30,,2021-04-29,*ST
002620.SZ,ST瑞和,2025-04-30,2026-04-29,2025-04-29,ST
002620.SZ,*ST瑞和,2026-04-30,,2026-04-29,从ST变为*ST
002621.SZ,*ST美吉,2024-05-06,,2024-04-30,*ST
002629.SZ,*ST仁智,2019-04-30,2020-09-17,2019-04-29,*ST
002629.SZ,ST仁智,2020-09-18,2021-12-16,2020-09-17,撤消*ST并实行ST
002630.SZ,ST华西,2025-04-30,2026-04-29,2025-04-29,ST
002630.SZ,*ST华西,2026-04-30,,2026-04-29,从ST变为*ST
002633.SZ,*ST申科,2015-01-28,2016-03-29,2015-01-27,*ST
002634.SZ,*ST棒杰,2026-04-28,,2026-04-25,*ST
002638.SZ,*ST勤上,2020-07-01,2021-07-15,2020-06-30,*ST
002640.SZ,*ST跨境,2021-05-07,2022-09-29,2021-04-30,*ST
002642.SZ,*ST荣联,2019-04-26,2020-06-08,2019-04-25,*ST
002647.SZ,*ST仁东,2025-01-03,2026-04-13,2024-12-31,*ST
002650.SZ,ST加加,2020-06-15,2021-07-27,2020-06-12,ST
002650.SZ,ST加加,2024-04-30,,2024-04-29,ST
002656.SZ,ST摩登,2020-01-13,2025-01-13,2020-01-10,ST
002656.SZ,*ST摩登,2025-01-14,2025-03-09,2025-01-11,从ST变为*ST
002656.SZ,ST摩登,2025-03-10,2025-04-28,2025-03-07,撤消*ST并实行ST
002656.SZ,*ST摩登,2025-04-29,2026-07-19,2025-04-28,从ST变为*ST
002665.SZ,ST航高,2024-04-30,,2024-04-27,ST
002667.SZ,*ST威领,2026-05-06,,2026-04-30,*ST
002668.SZ,ST奥马,2021-09-07,2022-09-22,2021-09-04,ST
002681.SZ,*ST奋达,2020-05-06,2021-04-12,2020-04-30,*ST
002684.SZ,*ST猛狮,2019-05-06,2020-11-01,2019-04-30,*ST
002684.SZ,ST猛狮,2020-11-02,2021-04-29,2020-10-30,撤消*ST并实行ST
002684.SZ,*ST猛狮,2021-04-30,2022-06-05,2021-04-29,从ST变为*ST
002689.SZ,ST远智,2025-12-02,,2025-11-29,ST
002691.SZ,*ST冀凯,2026-04-30,,2026-04-29,*ST
002692.SZ,ST远程,2019-06-04,2023-11-06,2019-06-03,ST
002693.SZ,*ST双成,2025-04-30,2026-05-24,2025-04-29,*ST
002694.SZ,*ST顾地,2026-04-30,,2026-04-29,*ST
002699.SZ,ST美盛,2022-06-06,2023-05-04,2022-06-02,ST
002699.SZ,*ST美盛,2023-05-05,,2023-04-29,从ST变为*ST
002700.SZ,ST浩源,2020-04-30,2025-03-23,2020-04-29,ST
002711.SZ,ST欧浦,2019-04-24,2019-05-05,2019-04-23,ST
002711.SZ,*ST欧浦,2019-05-06,2021-06-01,2019-04-30,从ST变为*ST
002713.SZ,*ST东易,2025-04-30,2026-07-19,2025-04-29,*ST
002716.SZ,ST金贵,2019-10-09,2020-04-29,2019-10-08,ST
002716.SZ,*ST金贵,2020-04-30,2021-06-27,2020-04-29,从ST变为*ST
002717.SZ,ST岭南,2025-04-30,2026-04-29,2025-04-29,ST
002717.SZ,*ST岭南,2026-04-30,,2026-04-29,从ST变为*ST
002719.SZ,*ST麦趣,2020-05-06,2021-12-19,2020-04-30,*ST
002719.SZ,ST麦趣,2026-04-29,,2026-04-28,ST
002721.SZ,*ST金一,2023-05-05,2024-06-11,2023-04-30,*ST
002721.SZ,ST金一,2024-06-12,2025-06-15,2024-06-08,撤消*ST并实行ST
002726.SZ,ST龙大,2026-04-30,,2026-04-29,ST
002731.SZ,ST萃华,2026-02-10,2026-07-06,2026-02-07,ST
002731.SZ,*ST萃华,2026-07-07,,2026-07-06,从ST变为*ST
002740.SZ,ST爱迪尔,2022-05-05,2023-05-04,2022-04-29,ST
002740.SZ,*ST爱迪,2023-05-05,,2023-04-29,从ST变为*ST
002742.SZ,ST三圣,2022-09-27,2025-04-28,2022-09-24,ST
002742.SZ,*ST三圣,2025-04-29,2026-05-05,2025-04-26,从ST变为*ST
002743.SZ,ST富煌,2026-09-08,,2026-09-05,ST
002748.SZ,ST世龙,2024-05-17,2025-05-21,2024-05-16,ST
002750.SZ,*ST龙津,2024-05-06,2025-06-05,2024-04-30,*ST
002751.SZ,*ST易尚,2022-05-06,2023-06-19,2022-04-30,*ST
002759.SZ,ST天际,2026-07-15,,2026-07-14,ST
002762.SZ,*ST金比,2025-04-24,2026-06-21,2025-04-23,*ST
002766.SZ,*ST索菱,2019-05-06,2020-11-02,2019-04-30,*ST
002766.SZ,ST索菱,2020-11-03,2021-04-12,2020-11-02,撤消*ST并实行ST
002766.SZ,*ST索菱,2021-04-13,2022-05-10,2021-04-10,从ST变为*ST
002770.SZ,ST科迪,2020-06-29,2021-05-05,2020-06-24,ST
002770.SZ,*ST科迪,2021-05-06,2022-05-31,2021-04-30,从ST变为*ST
002776.SZ,ST柏龙,2021-04-08,2023-05-03,2021-04-07,ST
002776.SZ,*ST柏龙,2023-05-04,,2023-04-28,从ST变为*ST
002781.SZ,ST奇信,2022-04-20,2022-05-05,2022-04-19,ST
002781.SZ,*ST奇信,2022-05-06,2023-06-11,2022-04-30,从ST变为*ST
002789.SZ,*ST建艺,2025-04-28,,2025-04-25,*ST
002800.SZ,ST天顺,2023-04-28,2024-06-12,2023-04-27,ST
002808.SZ,ST恒久,2023-05-05,2025-04-24,2023-04-29,ST
002808.SZ,*ST恒久,2025-04-25,2026-06-22,2025-04-24,从ST变为*ST
002816.SZ,*ST和科,2023-04-28,2024-09-09,2023-04-27,*ST
002816.SZ,*ST和科,2025-04-30,,2025-04-29,*ST
002822.SZ,ST中装,2024-02-27,2025-08-20,2024-02-24,ST
002822.SZ,*ST中装,2025-08-21,2026-01-21,2025-08-20,从ST变为*ST
002822.SZ,ST中装,2026-01-22,,2026-01-21,撤消*ST并实行ST
002848.SZ,*ST高斯,2025-04-28,2026-06-01,2025-04-25,*ST
002856.SZ,*ST美芝,2026-04-30,,2026-04-29,*ST
002868.SZ,*ST绿康,2025-04-30,2026-05-12,2025-04-29,*ST
002872.SZ,*ST天圣,2019-04-29,2020-07-12,2019-04-26,*ST
002872.SZ,ST天圣,2020-07-13,,2020-07-10,撤消*ST并实行ST
002883.SZ,*ST中设,2026-05-06,,2026-04-30,*ST
002898.SZ,*ST赛隆,2025-04-28,2026-06-25,2025-04-25,*ST
002932.SZ,*ST明德,2026-04-22,,2026-04-21,*ST
002951.SZ,ST金时,2023-07-19,2024-03-28,2023-07-18,ST
002951.SZ,*ST金时,2024-03-29,2025-05-22,2024-03-28,从ST变为*ST
002977.SZ,*ST天箭,2026-04-24,,2026-04-23,*ST
003004.SZ,*ST声迅,2025-05-06,2026-05-19,2025-04-30,*ST
003032.SZ,*ST传智,2025-04-23,2026-06-10,2025-04-22,*ST
600052.SH,*ST广厦,2007-04-24,2008-06-12,2007-04-23,*ST
600053.SH,ST江纸,2003-04-30,2003-05-11,2003-04-29,ST
600053.SH,*ST江纸,2003-05-12,2005-01-31,2003-04-29,从ST变为*ST
600053.SH,ST江纸,2005-02-01,2006-10-08,2005-01-31,撤消*ST并实行ST
600053.SH,SST江纸,2006-10-09,2006-12-28,2006-09-28,其他
600053.SH,ST江纸,2006-12-29,2007-02-14,2006-12-28,其他
600053.SH,*ST九鼎,2026-04-30,,2026-04-29,*ST
600057.SH,ST厦新,2002-04-22,2003-04-20,2002-04-19,ST
600057.SH,*ST夏新,2008-05-05,2011-08-28,2008-04-30,*ST
600069.SH,*ST银鸽,2015-03-24,2016-04-04,2015-03-21,*ST
600069.SH,*ST银鸽,2020-04-30,2020-07-09,2020-04-29,*ST
600070.SH,ST富润,2023-05-04,2024-04-29,2023-04-28,ST
600070.SH,*ST富润,2024-04-30,,2024-04-27,从ST变为*ST
600071.SH,*ST光学,2015-05-04,2016-03-08,2015-04-30,*ST
600072.SH,*ST钢构,2014-04-01,2015-05-10,2014-03-31,*ST
600074.SH,*ST中达,2011-04-26,2012-06-11,2011-04-25,*ST
600074.SH,ST中达,2012-06-12,2012-09-03,2012-06-11,撤消*ST并实行ST
600074.SH,*ST中达,2013-04-26,2014-05-13,2013-04-26,*ST
600074.SH,ST保千里,2017-12-29,2018-05-02,2017-12-28,ST
600074.SH,*ST保千,2018-05-03,2020-04-09,2018-05-02,从ST变为*ST
600075.SH,*ST新业,2014-03-31,2015-04-02,2014-03-28,*ST
600076.SH,*ST华光,2006-04-21,2006-08-07,2006-04-20,*ST
600076.SH,*ST华光,2006-10-09,2007-06-26,2006-09-28,其他
600076.SH,ST华光,2007-06-27,2009-03-16,2007-06-26,撤消*ST并实行ST
600076.SH,*ST华光,2009-03-17,2010-06-08,2009-03-16,从ST变为*ST
600076.SH,ST华光,2010-06-09,2012-04-16,2010-06-08,撤消*ST并实行ST
600076.SH,*ST华光,2012-04-17,2013-03-06,2012-04-16,从ST变为*ST
600077.SH,*ST国能,2004-04-23,2005-06-07,2004-04-22,*ST
600077.SH,*ST百科,2010-03-01,2011-05-05,2010-02-26,*ST
600077.SH,ST百科,2011-05-06,2011-10-31,2011-05-05,撤消*ST并实行ST
600077.SH,*ST宋都,2023-05-05,,2023-04-29,*ST
600078.SH,*ST澄星,2021-05-06,2022-08-15,2021-04-30,*ST
600078.SH,ST澄星,2022-08-16,2024-06-23,2022-08-15,撤消*ST并实行ST
600079.SH,ST人福,2025-12-16,,2025-12-13,ST
600080.SH,*ST金花,2007-04-17,2008-06-05,2007-04-14,*ST
600080.SH,ST金花,2008-06-06,2010-04-26,2008-06-05,撤消*ST并实行ST
600080.SH,*ST金花,2010-04-27,2011-07-05,2010-04-26,从ST变为*ST
600080.SH,ST金花,2011-07-06,2012-06-11,2011-07-05,撤消*ST并实行ST
600080.SH,ST金花,2020-06-02,2021-05-11,2020-06-01,ST
600080.SH,ST金花,2026-04-30,,2026-04-29,ST
600082.SH,ST海泰,2002-03-21,2003-08-24,2002-03-20,ST
600082.SH,ST海泰,2026-04-14,,2026-04-11,ST
600083.SH,ST红光,1998-05-04,2000-05-11,1998-04-30,ST
600083.SH,ST红光,2002-05-22,2003-05-14,2002-05-14,撤销PT
600083.SH,ST博讯,2003-05-15,2006-10-08,2003-03-13,其他
600083.SH,SST博讯,2006-10-09,2007-01-15,2006-09-28,其他
600083.SH,ST博讯,2007-01-16,2007-05-07,2007-01-12,其他
600083.SH,*ST博讯,2007-05-08,2007-05-16,2007-04-30,从ST变为*ST
600083.SH,*ST博信,2007-05-17,2008-06-24,2007-05-12,其他
600083.SH,ST博信,2008-06-25,2011-03-01,2008-06-24,撤消*ST并实行ST
600083.SH,*ST博信,2011-03-02,2012-04-25,2011-03-01,从ST变为*ST
600083.SH,ST博信,2012-04-26,2013-01-31,2012-04-25,撤消*ST并实行ST
600083.SH,*ST博信,2020-04-29,2022-08-15,2020-04-28,*ST
600083.SH,*ST博信,2024-05-06,,2024-04-30,*ST
600084.SH,*ST新天,2007-04-27,2008-04-22,2007-04-26,*ST
600084.SH,ST新天,2008-04-23,2009-06-24,2008-04-22,撤消*ST并实行ST
600084.SH,ST中葡,2009-06-25,2010-03-10,2009-06-23,其他
600084.SH,*ST中葡,2010-03-11,2011-12-21,2010-03-10,从ST变为*ST
600084.SH,ST中葡,2011-12-22,2012-08-28,2011-12-21,撤消*ST并实行ST
600084.SH,*ST中葡,2019-04-26,2020-05-10,2019-04-25,*ST
600084.SH,ST中葡,2020-05-11,2021-04-26,2020-05-08,撤消*ST并实行ST
600084.SH,*ST中葡,2021-04-27,2022-05-11,2021-04-26,从ST变为*ST
600084.SH,*ST尼雅,2026-04-29,,2026-04-28,*ST
600086.SH,*ST多佳,2005-03-29,2006-05-28,2005-03-28,*ST
600086.SH,*ST金钰,2020-06-24,2021-01-20,2020-06-23,*ST
600090.SH,ST啤酒花,2003-11-25,2005-04-26,2003-11-24,ST
600090.SH,*ST酒花,2005-04-27,2006-02-22,2005-04-26,从ST变为*ST
600090.SH,ST啤酒花,2006-10-09,2008-01-02,2006-09-28,其他
600090.SH,*ST济堂,2020-06-30,2022-06-09,2020-06-30,*ST
600091.SH,*ST明科,2010-05-04,2011-08-03,2010-04-30,*ST
600091.SH,ST明科,2011-08-04,2015-05-03,2011-08-03,撤消*ST并实行ST
600091.SH,*ST明科,2015-05-04,2016-03-29,2015-04-30,从ST变为*ST
600091.SH,ST明科,2016-03-30,2021-04-29,2016-03-29,撤消*ST并实行ST
600091.SH,*ST明科,2021-04-30,2022-05-24,2021-04-29,从ST变为*ST
600093.SH,*ST禾嘉,2006-04-25,2006-10-08,2006-04-24,*ST
600093.SH,S*ST禾嘉,2006-10-09,2006-12-05,2006-09-28,其他
600093.SH,*ST禾嘉,2006-12-06,2007-08-23,2006-12-01,其他
600093.SH,*ST易见,2021-07-07,2022-05-25,2021-07-06,*ST
600094.SH,*ST华源,2007-05-08,2011-10-10,2007-04-30,*ST
600094.SH,ST华源,2011-10-11,2012-02-29,2011-08-18,撤消*ST并实行ST
600097.SH,ST恒泰,2000-07-17,2002-03-19,2000-07-14,ST
600101.SH,*ST明星,2007-05-08,2008-03-12,2007-04-30,*ST
600107.SH,ST尔雅,2025-05-06,2026-05-05,2025-04-30,ST
600107.SH,*ST尔雅,2026-05-06,,2026-04-30,从ST变为*ST
600109.SH,ST成百,2001-03-30,2003-04-06,2001-03-29,ST
600112.SH,*ST天成,2017-04-27,2018-05-06,2017-04-26,*ST
600112.SH,ST天成,2019-05-24,2021-05-05,2019-05-23,ST
600112.SH,*ST天成,2021-05-06,2022-09-13,2021-04-30,从ST变为*ST
600112.SH,ST天成,2022-09-14,2024-05-05,2022-09-13,撤消*ST并实行ST
600112.SH,*ST天成,2024-05-06,,2024-04-30,从ST变为*ST
600115.SH,ST东航,2009-04-17,2010-05-27,2009-04-16,ST
600117.SH,*ST西钢,2023-05-05,2024-05-08,2023-04-29,*ST
600117.SH,ST西钢,2024-05-09,2024-07-17,2024-05-08,撤消*ST并实行ST
600119.SH,*ST长投,2019-05-06,2020-04-20,2019-04-30,*ST
600119.SH,ST长投,2020-04-21,2021-05-16,2020-04-20,撤消*ST并实行ST
600119.SH,*ST长投,2026-04-28,,2026-04-27,*ST
600121.SH,*ST郑煤,2017-04-19,2018-04-11,2017-04-18,*ST
600122.SH,*ST宏图,2020-04-30,2021-05-13,2020-04-29,*ST
600122.SH,ST宏图,2021-05-14,2023-04-19,2021-05-13,撤消*ST并实行ST
600122.SH,*ST宏图,2023-04-20,,2023-04-19,从ST变为*ST
600130.SH,*ST波导,2009-04-29,2010-06-29,2009-04-28,*ST
600130.SH,ST波导,2010-06-30,2012-07-16,2010-06-29,撤消*ST并实行ST
600130.SH,*ST波导,2025-04-30,2026-04-29,2025-04-29,*ST
600131.SH,*ST岷电,2010-04-16,2011-04-13,2010-04-15,*ST
600136.SH,*ST道博,2006-05-09,2006-10-08,2006-05-08,*ST
600136.SH,S*ST道博,2006-10-09,2006-10-15,2006-09-28,其他
600136.SH,*ST道博,2006-10-16,2007-05-27,2006-10-11,其他
600136.SH,ST道博,2007-05-28,2009-08-18,2007-05-25,撤消*ST并实行ST
600136.SH,ST明诚,2022-05-06,2023-04-27,2022-04-30,ST
600136.SH,*ST明诚,2023-04-28,2024-06-25,2023-04-27,从ST变为*ST
600136.SH,ST明诚,2024-06-26,,2024-06-25,撤消*ST并实行ST
600137.SH,ST包装,2000-04-26,2001-03-05,2000-04-25,ST
600137.SH,ST长控,2002-07-16,2003-05-11,2002-07-15,ST
600137.SH,*ST长控,2003-05-12,2004-02-26,2003-04-30,从ST变为*ST
600137.SH,ST长控,2004-02-27,2006-02-27,2004-02-26,撤消*ST并实行ST
600137.SH,*ST长控,2006-02-28,2006-10-08,2006-02-27,从ST变为*ST
600137.SH,S*ST长控,2006-10-09,2007-04-12,2006-09-28,其他
600137.SH,*ST长控,2007-04-13,2007-05-29,2007-04-10,其他
600137.SH,*ST浪莎,2007-05-30,2007-10-16,2007-04-20,其他
600137.SH,ST浪莎,2007-10-17,2008-06-11,2007-10-16,撤消*ST并实行ST
600139.SH,ST鼎天,2003-04-11,2003-05-11,2003-04-10,ST
600139.SH,*ST鼎天,2003-05-12,2004-01-28,2003-04-10,从ST变为*ST
600139.SH,ST鼎天,2004-01-29,2004-04-06,2004-01-16,撤消*ST并实行ST
600139.SH,ST绵高新,2004-04-07,2005-03-13,2004-02-03,其他
600139.SH,*ST绵高,2007-04-11,2008-06-01,2007-04-10,*ST
600139.SH,ST绵高,2008-06-02,2009-05-19,2008-05-30,撤消*ST并实行ST
600139.SH,ST西源,2021-05-06,2022-05-05,2021-04-30,ST
600139.SH,*ST西源,2022-05-06,,2022-05-05,从ST变为*ST
600145.SH,*ST四维,2010-05-04,2011-07-19,2010-04-30,*ST
600145.SH,*ST国创,2011-07-20,2011-10-27,2011-05-26,其他
600145.SH,ST国创,2011-10-28,2012-08-28,2011-10-27,撤消*ST并实行ST
600145.SH,*ST国创,2014-05-05,2015-06-30,2014-04-30,*ST
600145.SH,*ST新亿,2015-07-01,2022-03-29,2015-05-15,其他
600146.SH,*ST大元,2005-02-24,2006-02-22,2005-02-23,*ST
600146.SH,*ST环球,2020-06-24,2022-06-01,2020-06-23,*ST
600149.SH,ST建通,2009-08-27,2009-10-27,2009-08-26,ST
600149.SH,*ST建通,2009-10-28,2012-03-26,2009-10-27,从ST变为*ST
600149.SH,ST廊发展,2012-03-27,2012-08-21,2012-02-16,撤消*ST并实行ST
600149.SH,*ST坊展,2017-04-28,2018-05-09,2017-04-27,*ST
600149.SH,ST坊展,2018-05-10,2021-04-15,2018-05-09,撤消*ST并实行ST
600150.SH,ST重机,2001-04-11,2002-04-11,2001-04-10,ST
600150.SH,*ST船舶,2018-04-24,2019-03-28,2018-04-23,*ST
600155.SH,*ST宝硕,2007-02-16,2014-03-09,2007-02-15,*ST
600156.SH,*ST鑫泰,2004-03-18,2005-04-20,2004-03-17,*ST
600157.SH,*ST永泰,2020-09-29,2021-01-18,2020-09-26,*ST
600157.SH,ST永泰,2021-01-19,2021-04-29,2021-01-18,撤消*ST并实行ST
600159.SH,*ST宁窖,2003-07-01,2004-03-30,2003-06-24,*ST
600159.SH,ST宁窖,2004-03-31,2004-06-29,2004-03-30,撤消*ST并实行ST
600159.SH,*ST宁窖,2004-06-30,2004-12-13,2004-06-29,从ST变为*ST
600159.SH,ST宁窖,2004-12-14,2006-02-05,2004-12-13,撤消*ST并实行ST
600163.SH,*ST南纸,2015-02-11,2015-12-09,2015-02-10,*ST
600163.SH,*ST闽能,2015-12-10,2016-03-17,2015-12-03,其他
600165.SH,ST宁科,2024-04-08,2024-04-29,2024-04-03,ST
600165.SH,*ST宁科,2024-04-30,2025-05-05,2024-04-27,从ST变为*ST
600165.SH,ST宁科,2025-05-06,2025-09-18,2025-04-30,撤消*ST并实行ST
600165.SH,*ST宁科,2025-09-19,2026-01-13,2025-09-18,从ST变为*ST
600165.SH,ST宁科,2026-01-14,2026-08-25,2026-01-13,撤消*ST并实行ST
600167.SH,ST黎明,2001-04-26,2002-03-28,2001-04-25,ST
600167.SH,ST沈新开,2002-03-29,2003-02-11,2002-02-09,其他
600169.SH,ST太重,2025-11-04,,2025-11-01,ST
600173.SH,*ST丹江,2006-04-25,2006-10-08,2006-04-24,*ST
600173.SH,S*ST丹江,2006-10-09,2007-10-07,2006-09-28,其他
600173.SH,ST丹江,2007-10-08,2007-10-14,2007-09-26,撤消*ST并实行ST
600173.SH,ST卧龙,2007-10-15,2008-02-27,2007-10-09,其他
600175.SH,*ST美都,2020-05-06,2020-06-28,2020-04-30,*ST
600178.SH,*ST东安,2014-04-30,2015-04-26,2014-04-29,*ST
600179.SH,*ST黑化,2010-04-16,2011-05-23,2010-04-15,*ST
600179.SH,ST黑化,2011-05-24,2012-08-26,2011-05-23,撤消*ST并实行ST
600179.SH,ST黑化,2016-03-11,2016-05-02,2016-03-10,ST
600179.SH,*ST黑化,2016-05-03,2016-11-02,2016-04-29,从ST变为*ST
600179.SH,ST安通,2019-06-19,2020-05-05,2019-06-18,ST
600179.SH,*ST安通,2020-05-06,2021-05-09,2020-04-30,从ST变为*ST
600180.SH,*ST九发,2008-06-27,2011-12-14,2008-06-26,*ST
600180.SH,ST九发,2011-12-15,2012-09-02,2011-12-14,撤消*ST并实行ST
600180.SH,*ST瑞茂,2026-04-30,,2026-04-29,*ST
600182.SH,ST桦林,2003-04-28,2003-05-11,2003-04-25,ST
600182.SH,*ST桦林,2003-05-12,2005-03-20,2003-04-25,从ST变为*ST
600182.SH,SST佳通,2021-04-26,2022-05-04,2021-04-23,ST
600182.SH,S*ST佳通,2022-05-05,2023-05-16,2022-04-29,从ST变为*ST
600185.SH,*ST海星,2009-05-04,2010-02-11,2009-04-30,*ST
600186.SH,*ST莲花,2019-04-29,2020-04-08,2019-04-26,*ST
600187.SH,*ST黑龙,2005-04-21,2006-10-08,2005-04-20,*ST
600187.SH,S*ST黑龙,2006-10-09,2009-04-16,2006-09-28,其他
600187.SH,ST黑龙,2009-04-17,2009-05-04,2009-04-14,撤消*ST并实行ST
600187.SH,ST国中,2009-05-05,2010-08-25,2009-04-29,其他
600187.SH,*ST国中,2026-05-06,,2026-04-30,*ST
600190.SH,ST锦州港,2003-04-23,2004-03-18,2003-04-22,ST
600190.SH,ST锦港,2024-06-04,2025-05-05,2024-06-01,ST
600190.SH,*ST锦港,2025-05-06,2025-06-29,2025-04-30,从ST变为*ST
600191.SH,*ST华资,2021-04-30,2022-08-15,2021-04-29,*ST
600193.SH,*ST创兴,2018-05-03,2019-03-27,2018-05-02,*ST
600193.SH,ST创兴,2019-03-28,2021-06-21,2019-03-27,撤消*ST并实行ST
600193.SH,*ST创兴,2025-05-06,2026-06-07,2025-04-30,*ST
600198.SH,*ST大唐,2007-04-30,2008-06-02,2007-04-27,*ST
600198.SH,ST大唐,2008-06-03,2009-06-04,2008-06-02,撤消*ST并实行ST
600198.SH,*ST大唐,2018-04-27,2019-04-23,2018-04-26,*ST
600198.SH,*ST大唐,2021-04-30,2022-04-20,2021-04-29,*ST
600199.SH,*ST金牛,2005-04-20,2006-04-17,2005-04-19,*ST
600199.SH,ST金牛,2006-04-18,2006-07-03,2006-04-17,撤消*ST并实行ST
600199.SH,ST金种子,2006-10-09,2007-05-14,2006-09-28,其他
600200.SH,*ST苏吴,2025-05-06,2025-12-08,2025-04-30,*ST
600202.SH,*ST哈空,2018-04-25,2019-04-01,2018-04-24,*ST
600203.SH,*ST福日,2004-04-27,2005-04-18,2004-04-26,*ST
600203.SH,ST福日,2005-04-19,2006-03-20,2005-04-18,撤消*ST并实行ST
600203.SH,*ST福日,2011-01-27,2012-04-25,2011-01-26,*ST
600203.SH,ST福日,2012-04-26,2012-08-19,2012-04-25,撤消*ST并实行ST
600207.SH,*ST安彩,2007-05-08,2008-04-24,2007-04-30,*ST
600207.SH,ST安彩,2008-04-25,2012-08-21,2008-04-24,撤消*ST并实行ST
600209.SH,*ST罗顿,2006-04-25,2006-07-27,2006-04-24,*ST
600209.SH,*ST罗顿,2006-10-09,2007-06-13,2006-09-28,其他
600209.SH,ST罗顿,2007-06-14,2008-06-16,2007-06-13,撤消*ST并实行ST
600209.SH,*ST罗顿,2010-04-27,2011-10-31,2010-04-26,*ST
600209.SH,ST罗顿,2011-11-01,2012-07-15,2011-10-31,撤消*ST并实行ST
600209.SH,*ST罗顿,2018-04-24,2019-05-06,2018-04-23,*ST
600209.SH,ST罗顿,2019-05-07,2021-03-21,2019-05-01,撤消*ST并实行ST
600209.SH,*ST罗顿,2021-03-22,2022-05-24,2021-03-19,从ST变为*ST
600212.SH,*ST江泉,2008-04-15,2009-07-02,2008-04-14,*ST
600212.SH,*ST江泉,2016-04-11,2017-02-22,2016-04-08,*ST
600212.SH,*ST江泉,2020-04-27,2021-03-14,2020-04-24,*ST
600213.SH,*ST亚星,2005-04-27,2006-10-08,2005-04-26,*ST
600213.SH,S*ST亚星,2006-10-09,2007-06-04,2006-09-28,其他
600213.SH,*ST亚星,2007-06-05,2007-07-04,2007-06-04,其他
600213.SH,ST亚星,2007-07-05,2008-05-08,2007-06-27,撤消*ST并实行ST
600213.SH,*ST亚星,2024-05-06,,2024-04-30,*ST
600215.SH,*ST经开,2020-05-06,2021-05-09,2020-04-30,*ST
600217.SH,*ST秦岭,2007-05-08,2008-06-05,2007-04-30,*ST
600217.SH,ST秦岭,2008-06-06,2009-08-25,2008-06-05,撤消*ST并实行ST
600217.SH,*ST秦岭,2009-08-26,2011-07-21,2009-08-25,从ST变为*ST
600217.SH,ST秦岭,2011-07-22,2012-08-23,2011-07-21,撤消*ST并实行ST
600217.SH,*ST秦岭,2015-03-18,2016-03-08,2015-03-17,*ST
600220.SH,ST阳光,2024-05-06,,2024-04-30,ST
600221.SH,*ST海航,2021-02-19,2022-05-18,2021-02-18,*ST
600221.SH,ST海航,2022-05-19,2022-09-29,2022-05-18,撤消*ST并实行ST
600223.SH,*ST万杰,2007-04-13,2008-05-29,2007-04-12,*ST
600223.SH,ST万杰,2008-05-30,2009-07-07,2008-05-29,撤消*ST并实行ST
600223.SH,ST鲁置业,2009-07-08,2010-03-10,2009-01-09,其他
600225.SH,*ST天香,2006-04-28,2006-10-08,2006-04-27,*ST
600225.SH,S*ST天香,2006-10-09,2009-10-27,2006-09-28,其他
600225.SH,ST天香,2009-10-28,2009-11-25,2009-10-22,撤消*ST并实行ST
600225.SH,ST松江,2009-11-26,2010-05-18,2009-11-20,其他
600225.SH,*ST松江,2017-03-21,2018-05-06,2017-03-18,*ST
600225.SH,*ST松江,2020-04-24,2022-05-10,2020-04-23,*ST
600225.SH,*ST卓朗,2024-11-01,2025-02-06,2024-10-31,*ST
600226.SH,*ST瀚叶,2020-07-01,2021-05-19,2020-06-30,*ST
600226.SH,ST瀚叶,2021-05-20,2023-05-09,2021-05-19,撤消*ST并实行ST
600228.SH,*ST昌九,2011-04-26,2012-06-10,2011-04-25,*ST
600228.SH,ST昌九,2012-06-11,2012-08-29,2012-06-08,撤消*ST并实行ST
600228.SH,*ST昌九,2014-05-05,2015-03-18,2014-04-30,*ST
600228.SH,*ST昌九,2017-03-14,2018-05-09,2017-03-11,*ST
600228.SH,ST昌九,2018-05-10,2021-04-05,2018-05-09,撤消*ST并实行ST
600228.SH,*ST返利,2025-04-28,2026-06-08,2025-04-25,*ST
600230.SH,*ST沧大,2016-03-25,2017-03-14,2016-03-24,*ST
600234.SH,ST天龙,2003-04-17,2003-05-11,2003-04-16,ST
600234.SH,*ST天龙,2003-05-12,2004-06-02,2003-04-16,从ST变为*ST
600234.SH,ST天龙,2004-06-03,2006-05-08,2004-06-02,撤消*ST并实行ST
600234.SH,*ST天龙,2006-05-09,2006-10-08,2006-05-08,从ST变为*ST
600234.SH,S*ST天龙,2006-10-09,2007-02-08,2006-09-28,其他
600234.SH,*ST天龙,2007-02-09,2007-06-26,2007-02-06,其他
600234.SH,ST天龙,2007-06-27,2009-05-03,2007-06-26,撤消*ST并实行ST
600234.SH,*ST天龙,2009-05-04,2010-06-08,2009-04-30,从ST变为*ST
600234.SH,ST天龙,2010-06-09,2013-05-01,2010-06-08,撤消*ST并实行ST
600234.SH,*ST天龙,2013-05-02,2014-03-27,2013-04-26,从ST变为*ST
600234.SH,*ST山水,2014-03-28,2014-04-20,2014-02-28,其他
600234.SH,*ST山水,2016-05-03,2017-03-27,2016-04-29,*ST
600234.SH,ST山水,2017-03-28,2019-04-28,2017-03-25,撤消*ST并实行ST
600234.SH,*ST山水,2019-04-29,2020-04-08,2019-04-26,从ST变为*ST
600234.SH,ST山水,2020-04-09,2021-05-10,2020-04-08,撤消*ST并实行ST
600234.SH,*ST科新,2024-04-30,2025-05-19,2024-04-29,*ST
600238.SH,*ST椰岛,2018-04-26,2019-04-25,2018-04-25,*ST
600238.SH,ST椰岛,2019-04-26,2021-04-08,2019-04-25,撤消*ST并实行ST
600238.SH,*ST椰岛,2025-05-06,2026-08-02,2025-04-30,*ST
600238.SH,ST椰岛,2026-08-03,,2026-07-31,撤消*ST并实行ST
600239.SH,*ST云城,2021-04-28,2022-05-12,2021-04-27,*ST
600239.SH,ST云城,2022-05-13,2023-05-09,2022-05-12,撤消*ST并实行ST
600239.SH,ST云城,2026-04-30,,2026-04-29,ST
600240.SH,*ST仕奇,2004-04-26,2005-03-17,2004-04-23,*ST
600240.SH,*ST华业,2019-04-30,2019-12-11,2019-04-29,*ST
600241.SH,*ST时万,2020-04-27,2021-05-17,2020-04-24,*ST
600241.SH,ST时万,2021-05-18,2023-05-30,2021-05-15,撤消*ST并实行ST
600242.SH,*ST华龙,2006-05-09,2006-10-08,2006-05-08,*ST
600242.SH,S*ST华龙,2006-10-09,2009-01-04,2006-09-28,其他
600242.SH,ST华龙,2009-01-05,2011-04-06,2008-12-25,撤消*ST并实行ST
600242.SH,*ST中昌,2015-05-04,2016-04-06,2015-04-30,*ST
600242.SH,*ST中昌,2020-07-01,2021-05-19,2020-06-30,*ST
600242.SH,ST中昌,2021-05-20,2022-05-05,2021-05-19,撤消*ST并实行ST
600242.SH,*ST中昌,2022-05-06,2023-05-30,2022-05-05,从ST变为*ST
600243.SH,*ST海华,2020-04-22,2021-05-09,2020-04-21,*ST
600243.SH,*ST海华,2025-04-23,,2025-04-22,*ST
600247.SH,ST成城,2014-04-10,2014-06-30,2014-04-09,ST
600247.SH,*ST成城,2014-07-01,2016-05-08,2014-06-30,从ST变为*ST
600247.SH,ST成城,2016-05-09,2018-05-02,2016-05-06,撤消*ST并实行ST
600247.SH,*ST成城,2018-05-03,2019-05-08,2018-05-02,从ST变为*ST
600247.SH,ST成城,2019-05-09,2020-06-30,2019-05-08,撤消*ST并实行ST
600247.SH,*ST成城,2020-07-01,,2020-06-30,从ST变为*ST
600248.SH,*ST秦丰,2006-05-09,2006-10-08,2006-05-08,*ST
600248.SH,S*ST秦丰,2006-10-09,2007-02-14,2006-09-28,其他
600248.SH,*ST秦丰,2007-02-15,2008-12-25,2007-02-12,其他
600248.SH,ST化建,2008-12-26,2009-04-09,2008-12-19,撤消*ST并实行ST
600250.SH,*ST南纺,2012-05-03,2013-05-05,2012-05-02,*ST
600255.SH,*ST梦舟,2020-05-06,2020-12-16,2020-04-30,*ST
600255.SH,*ST鑫科,2020-12-17,2021-03-15,2020-12-05,其他
600259.SH,*ST聚酯,2006-05-09,2006-10-08,2006-05-08,*ST
600259.SH,S*ST聚酯,2006-10-09,2009-01-18,2006-09-28,其他
600259.SH,ST聚酯,2009-01-19,2009-02-05,2009-01-12,撤消*ST并实行ST
600259.SH,ST有色,2009-02-06,2010-05-18,2008-12-27,其他
600260.SH,ST凯乐,2021-08-17,2022-05-05,2021-08-16,ST
600260.SH,*ST凯乐,2022-05-06,,2022-04-30,从ST变为*ST
600265.SH,ST景谷,2012-09-27,2013-05-02,2012-09-26,ST
600265.SH,*ST景谷,2013-05-03,2014-04-28,2013-05-02,从ST变为*ST
600265.SH,ST景谷,2014-04-29,2016-05-02,2014-04-28,撤消*ST并实行ST
600265.SH,*ST景谷,2016-05-03,2017-02-09,2016-04-29,从ST变为*ST
600265.SH,ST景谷,2017-02-10,2021-04-29,2017-02-09,撤消*ST并实行ST
600265.SH,*ST景谷,2021-04-30,2022-07-25,2021-04-29,从ST变为*ST
600265.SH,ST景谷,2022-07-26,2024-06-04,2022-07-25,撤消*ST并实行ST
600265.SH,ST景谷,2025-04-30,2026-04-26,2025-04-29,ST
600265.SH,*ST景谷,2026-04-27,,2026-04-24,从ST变为*ST
600275.SH,*ST昌鱼,2008-05-05,2009-12-29,2008-04-30,*ST
600275.SH,ST昌鱼,2009-12-30,2012-08-28,2009-12-29,撤消*ST并实行ST
600275.SH,*ST昌鱼,2017-05-02,2018-05-08,2017-04-28,*ST
600275.SH,ST昌鱼,2018-05-09,2021-05-05,2018-05-08,撤消*ST并实行ST
600275.SH,*ST昌鱼,2021-05-06,2022-05-24,2021-04-30,从ST变为*ST
600277.SH,ST亿利,2024-05-06,,2024-04-30,ST
600280.SH,*ST中商,2020-05-06,2021-05-18,2020-04-30,*ST
600281.SH,*ST太化,2011-04-27,2012-05-27,2011-04-26,*ST
600281.SH,ST太化,2012-05-28,2012-08-27,2012-05-25,撤消*ST并实行ST
600282.SH,*ST南钢,2014-04-30,2015-02-09,2014-04-29,*ST
600287.SH,ST舜天,2024-07-09,2025-07-15,2024-07-06,ST
600289.SH,ST信通,2017-12-27,2018-04-25,2017-12-26,ST
600289.SH,*ST信通,2018-04-26,2021-05-19,2018-04-25,从ST变为*ST
600289.SH,ST信通,2021-05-20,2024-05-05,2021-05-19,撤消*ST并实行ST
600289.SH,*ST信通,2024-05-06,2025-07-08,2024-04-30,从ST变为*ST
600289.SH,ST信通,2025-07-09,,2025-07-08,撤消*ST并实行ST
600290.SH,ST华仪,2019-12-26,2020-04-26,2019-12-25,ST
600290.SH,*ST华仪,2020-04-27,2021-05-16,2020-04-24,从ST变为*ST
600290.SH,ST华仪,2021-05-17,2023-05-03,2021-05-14,撤消*ST并实行ST
600290.SH,*ST华仪,2023-05-04,,2023-04-28,从ST变为*ST
600291.SH,*ST西水,2021-05-06,2022-05-16,2021-04-30,*ST
600299.SH,*ST新材,2010-04-07,2011-07-07,2010-04-06,*ST
600299.SH,ST新材,2011-07-08,2012-08-29,2011-07-07,撤消*ST并实行ST
600299.SH,*ST新材,2014-04-17,2015-04-09,2014-04-16,*ST
600300.SH,ST维维,2021-04-27,2022-04-11,2021-04-26,ST
600301.SH,*ST南化,2010-04-26,2011-12-18,2010-04-23,*ST
600301.SH,ST南化,2011-12-19,2012-08-27,2011-12-16,撤消*ST并实行ST
600301.SH,*ST南化,2013-05-03,2014-04-22,2013-05-02,*ST
600301.SH,ST南化,2014-04-23,2015-04-22,2014-04-22,撤消*ST并实行ST
600301.SH,*ST南化,2015-04-23,2017-04-09,2015-04-22,从ST变为*ST
600301.SH,ST南化,2017-04-10,2021-04-27,2017-04-07,撤消*ST并实行ST
600301.SH,*ST南化,2021-04-28,2022-05-26,2021-04-27,从ST变为*ST
600302.SH,ST标准,2026-05-06,,2026-04-30,ST
600303.SH,ST曙光,2022-05-06,2025-04-20,2022-04-30,ST
600306.SH,*ST商城,2014-04-16,2015-03-02,2014-04-15,*ST
600306.SH,*ST商城,2016-04-27,2017-04-18,2016-04-26,*ST
600306.SH,*ST商城,2020-05-06,2022-03-24,2020-04-30,*ST
600306.SH,ST商城,2022-03-25,2023-03-30,2022-03-24,撤消*ST并实行ST
600306.SH,*ST商城,2023-03-31,2024-05-28,2023-03-30,从ST变为*ST
600311.SH,ST荣华,2015-12-01,2016-04-06,2015-11-30,ST
600311.SH,*ST荣华,2020-04-29,2021-05-18,2020-04-28,*ST
600311.SH,ST荣华,2021-05-19,2022-05-05,2021-05-18,撤消*ST并实行ST
600311.SH,*ST荣华,2022-05-06,,2022-04-30,从ST变为*ST
600313.SH,ST中农,2003-04-23,2003-05-11,2003-04-22,ST
600313.SH,*ST中农,2003-05-12,2005-04-11,2003-04-22,从ST变为*ST
600313.SH,ST中农,2006-03-08,2006-10-08,2006-03-07,ST
600313.SH,SST中农,2006-10-09,2007-12-23,2006-09-28,其他
600313.SH,ST中农,2007-12-24,2009-04-20,2007-12-19,其他
600313.SH,*ST中农,2009-04-21,2011-10-18,2009-04-20,从ST变为*ST
600313.SH,ST中农,2011-10-19,2012-07-11,2011-10-13,撤消*ST并实行ST
600319.SH,*ST亚星,2013-05-02,2014-05-07,2013-04-26,*ST
600319.SH,*ST亚星,2016-03-29,2017-02-26,2016-03-28,*ST
600319.SH,ST亚星,2019-11-04,2021-04-29,2019-11-01,ST
600319.SH,*ST亚星,2021-04-30,2022-05-09,2021-04-29,从ST变为*ST
600321.SH,*ST正源,2018-04-12,2019-03-31,2018-04-11,*ST
600321.SH,ST正源,2019-04-01,2020-04-20,2019-03-29,撤消*ST并实行ST
600329.SH,*ST中新,2008-04-02,2009-04-23,2008-04-01,*ST
600335.SH,*ST中发,2004-03-18,2005-03-03,2004-03-17,*ST
600335.SH,*ST盛工,2005-03-04,2005-03-07,2005-01-12,其他
600335.SH,ST盛工,2005-03-08,2006-05-24,2005-03-07,撤消*ST并实行ST
600335.SH,*ST盛工,2011-02-23,2012-04-26,2011-02-22,*ST
600337.SH,ST美克,2026-05-06,,2026-04-30,ST
600338.SH,ST珠峰,2003-08-29,2004-01-28,2003-08-28,ST
600338.SH,*ST珠峰,2004-01-29,2005-03-31,2004-01-16,从ST变为*ST
600338.SH,ST珠峰,2005-04-01,2006-10-08,2005-03-31,撤消*ST并实行ST
600338.SH,SST珠峰,2006-10-09,2006-10-22,2006-09-28,其他
600338.SH,ST珠峰,2006-10-23,2012-04-26,2006-10-18,其他
600338.SH,*ST珠峰,2012-04-27,2013-03-11,2012-04-26,从ST变为*ST
600339.SH,*ST天利,2016-04-19,2017-02-07,2016-04-18,*ST
600339.SH,*ST工程,2017-02-08,2017-02-16,2017-02-08,其他
600339.SH,*ST油工,2017-02-17,2017-05-07,2017-02-11,其他
600340.SH,*ST国祥,2009-05-04,2010-06-30,2009-04-30,*ST
600340.SH,ST国祥,2010-07-01,2011-11-01,2010-06-30,撤消*ST并实行ST
600340.SH,*ST华幸,2026-05-06,,2026-04-30,*ST
600346.SH,*ST橡塑,2016-04-29,2016-11-02,2016-04-28,*ST
600354.SH,*ST敦种,2020-03-23,2021-05-18,2020-03-20,*ST
600355.SH,*ST精伦,2010-04-20,2011-06-23,2010-04-19,*ST
600355.SH,ST精伦,2011-06-24,2012-08-22,2011-06-23,撤消*ST并实行ST
600355.SH,*ST精伦,2025-04-29,,2025-04-26,*ST
600358.SH,*ST联合,2013-05-03,2014-04-23,2013-05-02,*ST
600358.SH,*ST联合,2020-05-06,2021-05-06,2020-04-30,*ST
600358.SH,ST联合,2025-03-18,2026-04-19,2025-03-15,ST
600359.SH,*ST新农,2012-05-03,2013-04-09,2012-05-02,*ST
600360.SH,ST华微,2024-05-06,2025-05-05,2024-04-30,ST
600360.SH,*ST华微,2025-05-06,2026-05-19,2025-04-30,从ST变为*ST
600365.SH,*ST通葡,2011-02-16,2012-08-15,2011-02-15,*ST
600365.SH,ST通葡,2020-08-25,,2020-08-24,ST
600369.SH,*ST长运,2005-05-10,2006-06-04,2005-05-09,*ST
600369.SH,ST长运,2006-06-05,2006-07-20,2006-06-02,撤消*ST并实行ST
600369.SH,ST长运,2006-10-09,2008-01-27,2006-09-28,其他
600369.SH,*ST长运,2008-01-28,2009-02-25,2008-01-25,从ST变为*ST
600370.SH,*ST三房,2026-04-30,,2026-04-29,*ST
600372.SH,*ST昌河,2008-04-15,2010-09-20,2008-04-14,*ST
600372.SH,ST昌河,2010-09-21,2011-06-02,2010-09-13,撤消*ST并实行ST
600373.SH,*ST鑫新,2010-04-28,2011-04-13,2010-04-27,*ST
600375.SH,*ST星马,2016-04-12,2017-03-07,2016-04-11,*ST
600375.SH,*ST汉马,2024-04-01,2025-04-17,2024-03-29,*ST
600381.SH,*ST贤成,2007-05-08,2008-05-19,2007-04-30,*ST
600381.SH,ST贤成,2008-05-20,2012-03-19,2008-05-19,撤消*ST并实行ST
600381.SH,ST贤成,2013-03-06,2013-05-01,2013-03-05,ST
600381.SH,*ST贤成,2013-05-02,2015-02-09,2013-04-26,从ST变为*ST
600381.SH,ST春天,2016-06-29,2016-11-20,2016-06-28,ST
600381.SH,ST春天,2024-05-06,2025-04-29,2024-04-30,ST
600381.SH,*ST春天,2025-04-30,,2025-04-29,从ST变为*ST
600382.SH,*ST广珠,2021-05-06,2022-05-31,2021-04-30,*ST
600382.SH,ST广珠,2022-06-01,2023-05-31,2022-05-31,撤消*ST并实行ST
600385.SH,ST金泰,2003-04-09,2004-04-21,2003-04-08,ST
600385.SH,*ST金泰,2004-04-22,2005-05-11,2004-04-21,从ST变为*ST
600385.SH,ST金泰,2005-05-12,2006-09-11,2005-05-11,撤消*ST并实行ST
600385.SH,ST金泰,2006-10-09,2007-02-14,2006-09-28,其他
600385.SH,*ST金泰,2007-02-15,2008-06-11,2007-02-14,从ST变为*ST
600385.SH,ST金泰,2008-06-12,2012-04-19,2008-06-11,撤消*ST并实行ST
600385.SH,*ST金泰,2012-04-20,2014-08-05,2012-04-19,从ST变为*ST
600385.SH,ST金泰,2014-08-06,2015-05-04,2014-07-31,撤消*ST并实行ST
600385.SH,*ST金泰,2019-04-26,2020-04-29,2019-04-25,*ST
600385.SH,ST金泰,2020-04-30,2021-04-26,2020-04-29,撤消*ST并实行ST
600385.SH,*ST金泰,2021-04-27,2022-06-09,2021-04-26,从ST变为*ST
600386.SH,*ST北巴,2007-04-23,2008-03-26,2007-04-20,*ST
600387.SH,ST海越,2021-05-06,2022-11-23,2021-04-30,ST
600387.SH,ST海越,2023-05-05,2024-04-22,2023-04-29,ST
600387.SH,*ST海越,2024-04-23,2025-06-15,2024-04-20,从ST变为*ST
600388.SH,ST龙净,2022-05-06,2023-07-16,2022-04-30,ST
600390.SH,*ST金瑞,2016-04-29,2017-05-03,2016-04-28,*ST
600392.SH,*ST天成,2012-05-02,2013-05-01,2012-05-02,*ST
600393.SH,ST粤泰,2021-05-06,2022-06-14,2021-04-30,ST
600393.SH,ST粤泰,2023-05-05,,2023-04-29,ST
600396.SH,*ST金山,2019-04-29,2020-04-12,2019-04-26,*ST
600396.SH,*ST金山,2023-04-24,2024-06-04,2023-04-21,*ST
600397.SH,*ST安煤,2018-04-19,2019-04-21,2018-04-18,*ST
600399.SH,*ST抚钢,2018-06-27,2019-04-07,2018-06-26,*ST
600399.SH,ST抚钢,2019-04-08,2021-04-15,2019-04-04,撤消*ST并实行ST
600403.SH,*ST大有,2017-03-27,2018-04-11,2017-03-24,*ST
600403.SH,ST大有,2021-04-28,2022-04-17,2021-04-27,ST
600408.SH,*ST安泰,2015-05-04,2016-03-14,2015-04-30,*ST
600408.SH,*ST安泰,2018-04-24,2019-03-27,2018-04-23,*ST
600408.SH,ST安泰,2019-03-28,2022-05-05,2019-03-27,撤消*ST并实行ST
600416.SH,*ST湘电,2020-04-01,2021-03-31,2020-03-31,*ST
600419.SH,*ST天宏,2006-05-09,2006-05-25,2006-05-08,*ST
600419.SH,*ST天宏,2006-10-09,2007-06-26,2006-09-28,其他
600419.SH,ST天宏,2007-06-27,2008-04-28,2007-06-26,撤消*ST并实行ST
600419.SH,*ST天宏,2008-04-29,2009-05-18,2008-04-29,从ST变为*ST
600419.SH,ST天宏,2009-05-19,2012-08-27,2009-05-18,撤消*ST并实行ST
600421.SH,ST国药,2008-05-05,2009-05-03,2008-04-30,ST
600421.SH,*ST国药,2009-05-04,2010-06-09,2009-04-30,从ST变为*ST
600421.SH,ST国药,2010-06-10,2012-05-01,2010-06-09,撤消*ST并实行ST
600421.SH,*ST国药,2012-05-02,2014-03-30,2012-04-27,从ST变为*ST
600421.SH,ST仰帆,2018-01-11,2019-04-28,2018-01-10,ST
600421.SH,*ST仰帆,2019-04-29,2020-05-12,2019-04-26,从ST变为*ST
600421.SH,ST仰帆,2020-05-13,2020-11-05,2020-05-12,撤消*ST并实行ST
600421.SH,ST华嵘,2020-11-06,2021-06-16,2020-11-03,其他
600421.SH,*ST华嵘,2025-04-29,2026-05-31,2025-04-26,*ST
600423.SH,*ST柳化,2017-05-03,2019-12-19,2017-04-29,*ST
600423.SH,ST柳化,2019-12-20,2021-05-19,2019-12-19,撤消*ST并实行ST
600423.SH,*ST柳化,2026-04-28,,2026-04-25,*ST
600425.SH,*ST青松,2017-04-11,2018-05-02,2017-04-08,*ST
600429.SH,*ST三元,2006-10-09,2007-04-25,2006-09-28,其他
600429.SH,ST三元,2007-04-26,2008-04-28,2007-04-25,撤消*ST并实行ST
600439.SH,ST瑞贝卡,2026-08-03,,2026-07-31,ST
600444.SH,*ST国通,2010-04-19,2011-07-04,2010-04-16,*ST
600444.SH,ST国通,2011-07-05,2012-09-02,2011-07-05,撤消*ST并实行ST
600444.SH,*ST国通,2013-05-02,2014-03-09,2013-04-26,*ST
600444.SH,*ST国通,2015-04-20,2016-04-24,2015-04-17,*ST
600455.SH,*ST博通,2010-04-27,2012-07-02,2010-04-26,*ST
600455.SH,ST博通,2012-07-03,2013-03-27,2012-06-27,撤消*ST并实行ST
600462.SH,*ST石岘,2007-04-24,2008-06-04,2007-04-23,*ST
600462.SH,ST石岘,2008-06-05,2010-04-25,2008-06-04,撤消*ST并实行ST
600462.SH,*ST石岘,2010-04-26,2013-04-07,2010-04-23,从ST变为*ST
600462.SH,ST九有,2019-01-15,2019-05-05,2019-01-14,ST
600462.SH,*ST九有,2019-05-06,2021-05-13,2019-04-30,从ST变为*ST
600462.SH,ST九有,2021-05-14,2024-05-05,2021-05-13,撤消*ST并实行ST
600462.SH,*ST九有,2024-05-06,2025-06-23,2024-04-30,从ST变为*ST
600466.SH,*ST迪康,2007-05-08,2008-06-01,2007-04-30,*ST
600466.SH,ST迪康,2008-06-02,2009-03-18,2008-05-30,撤消*ST并实行ST
600466.SH,*ST蓝光,2023-05-04,,2023-04-28,*ST
600470.SH,*ST六化,2020-05-06,2021-04-05,2020-04-30,*ST
600476.SH,*ST湘邮,2026-04-29,,2026-04-28,*ST
600485.SH,*ST信威,2019-04-30,,2019-04-29,*ST
600490.SH,*ST合臣,2010-04-29,2011-08-07,2010-04-28,*ST
600490.SH,ST合臣,2011-08-08,2012-09-03,2011-08-05,撤消*ST并实行ST
600491.SH,ST龙元,2026-05-06,,2026-04-30,ST
600503.SH,ST宏智,2004-02-05,2004-11-01,2004-02-04,ST
600503.SH,*ST宏智,2004-11-02,2004-12-22,2004-11-01,从ST变为*ST
600503.SH,ST宏智,2004-12-23,2005-04-07,2004-12-22,撤消*ST并实行ST
600503.SH,ST新智,2005-04-08,2005-05-09,2005-04-05,其他
600503.SH,*ST新智,2005-05-10,2006-04-02,2005-05-09,从ST变为*ST
600503.SH,ST新智,2006-04-03,2006-10-08,2006-03-31,撤消*ST并实行ST
600503.SH,SST新智,2006-10-09,2008-07-13,2006-09-28,其他
600506.SH,*ST香梨,2009-03-13,2010-11-10,2009-03-12,*ST
600506.SH,ST香梨,2010-11-11,2012-08-23,2010-11-10,撤消*ST并实行ST
600506.SH,*ST香梨,2021-04-28,2022-05-09,2021-04-27,*ST
600515.SH,ST一投,2005-05-10,2006-05-07,2005-05-09,ST
600515.SH,*ST一投,2006-05-08,2006-10-08,2006-04-28,从ST变为*ST
600515.SH,S*ST一投,2006-10-09,2007-04-12,2006-09-28,其他
600515.SH,*ST一投,2007-04-13,2007-04-29,2007-04-10,其他
600515.SH,ST一投,2007-04-30,2008-07-08,2007-04-27,撤消*ST并实行ST
600515.SH,ST筑信,2008-07-09,2010-03-31,2008-06-13,其他
600515.SH,*ST筑信,2010-04-01,2011-05-05,2010-03-31,从ST变为*ST
600515.SH,ST筑信,2011-05-06,2011-12-15,2011-05-05,撤消*ST并实行ST
600515.SH,ST海建,2011-12-16,2012-09-02,2011-10-26,其他
600515.SH,*ST基础,2021-02-19,2022-05-18,2021-02-18,*ST
600515.SH,ST基础,2022-05-19,2022-10-13,2022-05-18,撤消*ST并实行ST
600516.SH,*ST海龙,2006-04-26,2006-10-08,2006-04-25,*ST
600516.SH,S*ST海龙,2006-10-09,2007-01-24,2006-09-28,其他
600516.SH,*ST海龙,2007-01-25,2007-01-28,2007-01-22,其他
600516.SH,*ST方大,2007-01-29,2007-05-28,2006-11-11,其他
600516.SH,ST方大,2007-05-29,2008-03-06,2007-05-28,撤消*ST并实行ST
600518.SH,ST康美,2019-05-21,2021-04-28,2019-05-18,ST
600518.SH,*ST康美,2021-04-29,2022-05-19,2021-04-28,从ST变为*ST
600518.SH,ST康美,2022-05-20,2024-07-03,2022-05-19,撤消*ST并实行ST
600520.SH,*ST中发,2016-04-18,2017-04-24,2016-04-15,*ST
600525.SH,ST长园,2025-04-30,2026-08-25,2025-04-29,ST
600526.SH,*ST菲达,2019-04-22,2020-04-16,2019-04-19,*ST
600530.SH,*ST昂立,2020-04-29,2020-05-05,2020-04-29,其他
600530.SH,*ST交昂,2020-05-06,2021-05-16,2020-04-30,*ST
600530.SH,*ST交昂,2023-07-05,2023-10-08,2023-07-04,*ST
600530.SH,ST交昂,2023-10-09,2024-06-20,2023-09-28,撤消*ST并实行ST
600530.SH,ST交昂,2026-08-04,,2026-08-01,ST
600532.SH,*ST华科,2012-03-30,2012-12-11,2012-03-29,*ST
600532.SH,*ST未来,2022-07-01,2023-05-29,2022-06-30,*ST
600537.SH,*ST亿晶,2026-04-29,,2026-04-28,*ST
600538.SH,*ST国发,2010-04-29,2011-08-21,2010-04-28,*ST
600538.SH,ST国发,2011-08-22,2012-08-23,2011-08-19,撤消*ST并实行ST
600538.SH,*ST国发,2013-04-01,2014-02-23,2013-03-29,*ST
600539.SH,ST狮头,2011-06-30,2014-07-07,2011-06-29,ST
600539.SH,*ST狮头,2015-04-21,2016-05-10,2015-04-20,*ST
600539.SH,ST狮头,2016-07-15,2017-04-16,2016-07-14,ST
600539.SH,*ST狮头,2018-04-25,2019-04-07,2018-04-24,*ST
600539.SH,ST狮头,2019-04-08,2021-05-18,2019-04-04,撤消*ST并实行ST
600540.SH,*ST新赛,2017-05-02,2018-04-08,2017-04-28,*ST
600543.SH,*ST莫高,2023-05-04,2024-07-07,2023-04-28,*ST
600543.SH,*ST莫高,2026-04-27,,2026-04-24,*ST
600546.SH,*ST山煤,2016-05-03,2017-04-11,2016-04-29,*ST
600550.SH,*ST天威,2014-03-12,2015-03-17,2014-03-11,*ST
600552.SH,*ST方兴,2007-05-08,2008-04-06,2007-04-30,*ST
600555.SH,*ST九龙,2013-05-03,2014-04-29,2013-04-27,*ST
600555.SH,*ST海创,2020-05-06,2022-06-15,2020-04-30,*ST
600556.SH,ST北生,2007-05-08,2008-05-04,2007-04-30,ST
600556.SH,*ST北生,2008-05-05,2013-02-07,2008-04-30,从ST变为*ST
600556.SH,ST北生,2013-02-08,2013-05-02,2013-02-05,撤消*ST并实行ST
600556.SH,*ST北生,2013-05-03,2014-05-07,2013-05-02,从ST变为*ST
600556.SH,ST慧球,2016-09-13,2020-04-20,2016-09-09,ST
600562.SH,*ST高陶,2010-02-24,2011-08-24,2010-02-23,*ST
600562.SH,ST高陶,2011-08-25,2012-08-23,2011-08-24,撤消*ST并实行ST
600565.SH,ST迪马,2024-05-06,,2024-04-30,ST
600568.SH,*ST潜药,2007-04-19,2008-12-25,2007-04-18,*ST
600568.SH,ST潜药,2008-12-26,2009-08-26,2008-12-25,撤消*ST并实行ST
600568.SH,*ST中珠,2020-06-02,2021-05-17,2020-06-01,*ST
600568.SH,ST中珠,2021-05-18,,2021-05-17,撤消*ST并实行ST
600576.SH,*ST庆丰,2006-03-27,2006-10-08,2006-03-24,*ST
600576.SH,S*ST庆丰,2006-10-09,2007-01-24,2006-09-28,其他
600576.SH,*ST庆丰,2007-01-25,2007-05-31,2007-01-22,其他
600579.SH,*ST黄海,2007-05-08,2008-06-18,2007-04-30,*ST
600579.SH,ST黄海,2008-06-19,2012-05-01,2008-06-18,撤消*ST并实行ST
600579.SH,*ST黄海,2012-05-02,2014-04-28,2012-04-27,从ST变为*ST
600581.SH,*ST八钢,2016-03-30,2017-05-02,2016-03-29,*ST
600581.SH,*ST八钢,2026-03-31,,2026-03-30,*ST
600589.SH,ST榕泰,2021-05-06,2023-04-26,2021-04-30,ST
600589.SH,*ST榕泰,2023-04-27,2024-06-13,2023-04-26,从ST变为*ST
600593.SH,*ST圣亚,2021-07-22,2022-05-19,2021-07-20,*ST
600595.SH,*ST中孚,2019-05-06,2020-04-29,2019-04-30,*ST
600595.SH,ST中孚,2020-04-30,2020-12-14,2020-04-29,撤消*ST并实行ST
600595.SH,*ST中孚,2020-12-15,2022-01-13,2020-12-14,从ST变为*ST
600595.SH,ST中孚,2022-01-14,2022-05-19,2022-01-13,撤消*ST并实行ST
600598.SH,*ST大荒,2014-03-28,2015-04-02,2014-03-27,*ST
600599.SH,*ST花炮,2007-04-27,2008-06-17,2007-04-26,*ST
600599.SH,*ST熊猫,2020-06-11,2021-05-19,2020-06-10,*ST
600599.SH,ST熊猫,2021-05-20,2025-05-05,2021-05-19,撤消*ST并实行ST
600599.SH,*ST熊猫,2025-05-06,2026-05-31,2025-04-30,从ST变为*ST
600601.SH,ST方科,2021-04-30,2022-05-05,2021-04-29,ST
600601.SH,*ST方科,2022-05-06,2023-06-13,2022-05-05,从ST变为*ST
600603.SH,ST兴业,2002-03-26,2003-05-11,2002-03-25,ST
600603.SH,*ST兴业,2003-05-12,2004-05-09,2003-04-30,从ST变为*ST
600603.SH,ST兴业,2004-05-10,2012-01-18,2004-04-30,撤消*ST并实行ST
600603.SH,*ST兴业,2012-01-19,2014-03-09,2012-01-18,从ST变为*ST
600603.SH,*ST兴业,2016-02-15,2017-03-27,2016-02-05,*ST
600603.SH,ST广物,2024-09-03,2025-10-28,2024-08-31,ST
600604.SH,*ST二纺机,2008-03-18,2009-12-30,2008-03-17,*ST
600604.SH,ST二纺,2009-12-31,2011-03-14,2009-12-30,撤消*ST并实行ST
600604.SH,*ST二纺,2011-03-15,2012-09-04,2011-03-14,从ST变为*ST
600606.SH,ST嘉丰,1998-05-29,1999-05-30,1998-05-26,ST
600608.SH,S*ST沪科,2007-05-08,2007-06-27,2007-04-30,*ST
600608.SH,*ST沪科,2007-06-28,2008-12-28,2007-06-22,其他
600608.SH,ST沪科,2008-12-29,2010-04-29,2008-12-26,撤消*ST并实行ST
600608.SH,*ST沪科,2010-04-30,2011-09-05,2010-04-29,从ST变为*ST
600608.SH,ST沪科,2011-09-06,2013-02-07,2011-09-05,撤消*ST并实行ST
600608.SH,*ST沪科,2015-04-29,2016-05-04,2015-04-28,*ST
600608.SH,ST沪科,2016-05-05,2016-10-26,2016-05-04,撤消*ST并实行ST
600608.SH,*ST沪科,2017-03-27,2018-04-03,2017-03-24,*ST
600608.SH,ST沪科,2018-04-04,2025-04-29,2018-04-03,撤消*ST并实行ST
600608.SH,*ST沪科,2025-04-30,2026-06-07,2025-04-29,从ST变为*ST
600609.SH,*ST金杯,2006-05-08,2006-08-09,2006-04-28,*ST
600609.SH,*ST金杯,2006-10-09,2007-04-29,2006-09-28,其他
600609.SH,ST金杯,2007-04-30,2008-05-21,2007-04-27,撤消*ST并实行ST
600609.SH,*ST金杯,2010-05-04,2011-06-23,2010-04-30,*ST
600609.SH,ST金杯,2011-06-24,2012-08-21,2011-06-23,撤消*ST并实行ST
600610.SH,ST中纺机,1999-04-27,2003-03-31,1999-04-26,ST
600610.SH,S*ST中纺,2007-05-08,2008-05-29,2007-04-28,*ST
600610.SH,SST中纺,2008-05-30,2012-08-27,2008-05-29,撤消*ST并实行ST
600610.SH,S*ST中纺,2014-03-28,2014-11-24,2014-03-27,*ST
600610.SH,*ST中纺,2014-11-25,2015-01-13,2014-11-20,其他
600610.SH,*ST中毅,2015-01-14,2015-05-05,2014-11-07,其他
600610.SH,*ST毅达,2018-07-02,2020-08-16,2018-06-29,*ST
600610.SH,ST毅达,2020-08-17,2021-05-18,2020-08-11,撤消*ST并实行ST
600613.SH,*ST永生,2003-05-12,2006-01-10,2003-04-30,*ST
600614.SH,*ST发展,2006-05-09,2006-06-19,2006-05-08,*ST
600614.SH,*ST鼎立,2006-10-09,2007-05-27,2006-09-28,其他
600614.SH,ST鼎立,2007-05-28,2008-03-05,2007-05-25,撤消*ST并实行ST
600614.SH,*ST鹏起,2019-04-29,2021-06-01,2019-04-26,*ST
600615.SH,*ST丰华,2003-05-12,2005-02-15,2003-04-30,*ST
600615.SH,ST丰华,2005-02-16,2006-10-08,2005-02-04,撤消*ST并实行ST
600615.SH,SST丰华,2006-10-09,2007-02-28,2006-09-28,其他
600615.SH,ST丰华,2007-03-01,2007-06-14,2007-02-26,其他
600615.SH,ST丰华,2019-04-29,2019-09-29,2019-04-26,ST
600615.SH,*ST丰华,2021-05-06,2022-08-23,2021-04-30,*ST
600617.SH,ST联华,2003-05-12,2004-04-25,2003-04-30,ST
600617.SH,*ST联华,2004-04-26,2006-10-08,2004-04-23,从ST变为*ST
600617.SH,S*ST联华,2006-10-09,2007-02-04,2006-09-28,其他
600617.SH,*ST联华,2007-02-05,2007-02-07,2007-01-31,其他
600617.SH,ST联华,2009-04-30,2010-05-03,2009-04-29,ST
600617.SH,*ST联华,2010-05-04,2011-12-21,2010-04-30,从ST变为*ST
600617.SH,ST联华,2011-12-22,2013-05-02,2011-12-21,撤消*ST并实行ST
600617.SH,*ST联华,2013-05-03,2014-03-24,2013-04-27,从ST变为*ST
600622.SH,ST嘉宝,2002-03-27,2003-04-06,2002-03-26,ST
600624.SH,ST复华,2025-09-23,,2025-09-20,ST
600629.SH,ST棱光,2000-04-28,2005-04-26,2000-04-27,ST
600629.SH,*ST棱光,2005-04-27,2006-10-08,2005-04-26,从ST变为*ST
600629.SH,S*ST棱光,2006-10-09,2007-10-25,2006-09-28,其他
600629.SH,*ST棱光,2007-10-26,2007-12-03,2007-10-18,其他
600629.SH,ST棱光,2007-12-04,2008-05-22,2007-12-03,撤消*ST并实行ST
600633.SH,ST双鹿,1998-05-04,1999-07-04,1998-04-30,ST
600633.SH,*ST白猫,2009-03-24,2011-09-28,2009-03-23,*ST
600634.SH,*ST海鸟,2010-04-30,2012-07-02,2010-04-29,*ST
600634.SH,ST海鸟,2012-07-03,2012-07-18,2012-06-27,撤消*ST并实行ST
600634.SH,ST澄海,2012-07-19,2014-04-07,2012-07-13,其他
600634.SH,*ST富控,2018-05-03,2021-06-01,2018-05-02,*ST
600636.SH,*ST爱富,2017-03-30,2018-05-01,2017-03-29,*ST
600636.SH,*ST国化,2025-04-29,2026-05-31,2025-04-26,*ST
600644.SH,*ST乐电,2015-03-31,2016-03-09,2015-03-30,*ST
600645.SH,*ST春花,2006-05-09,2006-10-08,2006-05-08,*ST
600645.SH,S*ST春花,2006-10-09,2007-01-24,2006-09-28,其他
600645.SH,*ST春花,2007-01-25,2007-12-03,2007-01-22,其他
600645.SH,ST望春花,2007-12-04,2009-02-15,2007-12-03,撤消*ST并实行ST
600645.SH,ST协和,2009-02-16,2009-03-18,2009-02-12,其他
600645.SH,ST中源,2009-03-19,2012-03-18,2009-03-17,其他
600647.SH,ST粤海发,1998-04-29,2001-06-10,1998-04-28,ST
600647.SH,ST同达,2001-06-11,2005-06-07,2001-04-06,其他
600647.SH,*ST同达,2023-05-05,2024-06-04,2023-04-29,*ST
600651.SH,*ST飞乐,2020-05-06,2021-04-15,2020-04-30,*ST
600652.SH,*ST游久,2019-05-06,2020-05-12,2019-04-30,*ST
600652.SH,ST游久,2020-05-13,2021-04-29,2020-05-12,撤消*ST并实行ST
600652.SH,*ST游久,2021-04-30,2022-05-24,2021-04-29,从ST变为*ST
600654.SH,*ST中安,2017-05-03,2018-05-09,2017-04-29,*ST
600654.SH,ST中安,2018-05-10,2019-05-05,2018-05-09,撤消*ST并实行ST
600654.SH,*ST中安,2019-05-06,2020-05-10,2019-04-30,从ST变为*ST
600654.SH,ST中安,2020-05-11,2022-05-05,2020-05-08,撤消*ST并实行ST
600654.SH,*ST中安,2022-05-06,2023-06-08,2022-05-05,从ST变为*ST
600654.SH,ST中安,2023-06-09,2024-06-25,2023-06-08,撤消*ST并实行ST
600657.SH,*ST天桥,2006-04-28,2006-08-03,2006-04-27,*ST
600657.SH,*ST天桥,2006-10-09,2007-07-01,2006-09-28,其他
600657.SH,ST天桥,2007-07-02,2009-04-09,2007-06-29,撤消*ST并实行ST
600658.SH,ST京天龙,2000-04-18,2001-04-08,2000-04-15,ST
600666.SH,*ST瑞德,2019-04-29,2020-05-05,2019-04-26,*ST
600666.SH,ST瑞德,2020-05-06,2022-04-25,2020-04-30,撤消*ST并实行ST
600666.SH,*ST瑞德,2022-04-26,2023-06-14,2022-04-23,从ST变为*ST
600666.SH,ST瑞德,2023-06-15,2024-08-19,2023-06-14,撤消*ST并实行ST
600671.SH,ST天目,2007-05-08,2008-06-05,2007-04-30,ST
600671.SH,*ST天目,2011-05-04,2012-06-10,2011-05-03,*ST
600671.SH,ST天目,2012-06-11,2013-05-08,2012-06-08,撤消*ST并实行ST
600671.SH,*ST目药,2020-06-15,2021-05-19,2020-06-12,*ST
600671.SH,ST目药,2021-05-20,2023-04-26,2021-05-19,撤消*ST并实行ST
600671.SH,*ST目药,2023-04-27,2024-06-13,2023-04-26,从ST变为*ST
600671.SH,ST目药,2024-06-14,2025-05-19,2024-06-13,撤消*ST并实行ST
600675.SH,*ST中企,2016-03-22,2017-03-01,2016-03-19,*ST
600677.SH,*ST航通,2020-01-22,,2020-01-21,*ST
600678.SH,ST金顶,2009-06-30,2011-01-31,2009-06-29,ST
600678.SH,*ST金顶,2011-02-01,2013-02-03,2011-01-31,从ST变为*ST
600678.SH,ST金顶,2026-04-30,,2026-04-29,ST
600681.SH,*ST万鸿,2004-04-26,2005-02-15,2004-04-23,*ST
600681.SH,ST万鸿,2005-02-16,2006-10-08,2005-02-04,撤消*ST并实行ST
600681.SH,SST万鸿,2006-10-09,2007-05-07,2006-09-28,其他
600681.SH,S*ST万鸿,2007-05-08,2011-09-07,2007-04-30,从ST变为*ST
600681.SH,ST万鸿,2011-09-08,2013-01-30,2011-09-01,撤消*ST并实行ST
600683.SH,ST甬华联,2000-04-13,2001-04-16,2000-04-12,ST
600687.SH,ST刚泰,2019-04-12,2019-05-05,2019-04-11,ST
600687.SH,*ST刚泰,2019-05-06,2021-01-06,2019-04-30,从ST变为*ST
600689.SH,*ST三毛,2014-04-15,2015-03-02,2014-04-14,*ST
600691.SH,ST东碳,1999-04-29,2000-05-09,1999-04-28,ST
600691.SH,*ST林控,2004-04-21,2005-04-14,2004-04-20,*ST
600691.SH,ST林控,2005-04-15,2005-06-12,2005-04-14,撤消*ST并实行ST
600691.SH,ST东碳,2005-06-13,2006-10-08,2004-04-20,其他
600691.SH,SST东碳,2006-10-09,2007-05-07,2006-09-28,其他
600691.SH,S*ST东碳,2007-05-08,2007-05-24,2007-04-30,从ST变为*ST
600691.SH,*ST东碳,2007-05-25,2008-12-28,2007-05-22,其他
600691.SH,ST东碳,2008-12-29,2010-04-21,2008-12-26,撤消*ST并实行ST
600691.SH,*ST东碳,2010-04-22,2013-04-02,2010-04-21,从ST变为*ST
600691.SH,*ST阳化,2015-04-13,2016-04-20,2015-04-10,*ST
600695.SH,ST大江,2003-04-29,2003-05-11,2003-04-28,ST
600695.SH,*ST大江,2003-05-12,2004-04-25,2003-04-28,从ST变为*ST
600695.SH,ST大江,2004-04-26,2006-04-17,2004-04-23,撤消*ST并实行ST
600695.SH,*ST大江,2006-04-18,2006-09-19,2006-04-17,从ST变为*ST
600695.SH,*ST大江,2006-10-09,2007-05-27,2006-09-28,其他
600695.SH,ST大江,2007-05-28,2008-06-22,2007-05-25,撤消*ST并实行ST
600695.SH,*ST绿庭,2021-04-21,2022-05-16,2021-04-20,*ST
600696.SH,ST豪盛,2000-05-09,2001-02-28,2000-05-08,ST
600696.SH,*ST匹凸,2017-03-29,2018-02-08,2017-03-28,*ST
600696.SH,ST匹凸,2018-02-09,2018-06-18,2018-02-08,撤消*ST并实行ST
600696.SH,ST岩石,2018-06-19,2021-06-16,2018-06-12,其他
600696.SH,*ST岩石,2025-04-23,2026-05-31,2025-04-22,*ST
600698.SH,ST轻骑,2002-04-29,2006-10-08,2002-04-26,ST
600698.SH,SST轻骑,2006-10-09,2008-11-06,2006-09-28,其他
600698.SH,ST轻骑,2008-11-07,2011-04-05,2008-11-04,其他
600698.SH,*ST轻骑,2011-04-06,2013-07-04,2011-04-01,从ST变为*ST
600698.SH,ST轻骑,2013-07-05,2014-05-04,2013-06-29,撤消*ST并实行ST
600698.SH,*ST天雁,2019-03-29,2020-04-29,2019-03-28,*ST
600698.SH,ST天雁,2020-04-30,2021-06-03,2020-04-29,撤消*ST并实行ST
600699.SH,*ST得亨,2007-04-25,2008-12-28,2007-04-24,*ST
600699.SH,ST得亨,2008-12-29,2010-04-14,2008-12-26,撤消*ST并实行ST
600699.SH,*ST得亨,2010-04-15,2011-08-24,2010-04-14,从ST变为*ST
600699.SH,ST得亨,2011-08-25,2012-02-29,2011-08-24,撤消*ST并实行ST
600701.SH,*ST工新,2009-04-27,2010-06-30,2009-04-24,*ST
600701.SH,*ST工新,2016-04-25,2017-02-13,2016-04-22,*ST
600701.SH,*ST工新,2018-05-03,2021-03-14,2018-05-02,*ST
600702.SH,ST舍得,2020-09-22,2021-05-18,2020-09-21,ST
600703.SH,ST活力,2001-02-06,2001-04-10,2001-01-20,ST
600703.SH,ST天颐,2001-04-11,2002-03-27,2001-02-08,其他
600703.SH,*ST天颐,2006-05-08,2006-10-08,2006-04-28,*ST
600703.SH,S*ST天颐,2006-10-09,2008-07-07,2006-09-28,其他
600703.SH,ST天颐,2008-07-08,2008-07-13,2008-07-01,撤消*ST并实行ST
600703.SH,ST三安,2008-07-14,2009-01-22,2008-07-09,其他
600705.SH,*ST北亚,2006-04-11,2006-10-08,2006-04-10,*ST
600705.SH,S*ST北亚,2006-10-09,2012-08-29,2006-09-28,其他
600705.SH,ST航投,2012-08-30,2013-02-05,2012-08-23,撤消*ST并实行ST
600706.SH,*ST长信,2007-04-25,2008-06-18,2007-04-24,*ST
600706.SH,ST长信,2008-06-19,2012-09-03,2008-06-18,撤消*ST并实行ST
600707.SH,*ST彩虹,2013-04-01,2014-03-13,2013-03-29,*ST
600710.SH,*ST常林,2015-04-28,2017-07-30,2015-04-27,*ST
600710.SH,ST常林,2017-07-31,2018-03-27,2017-07-25,撤消*ST并实行ST
600711.SH,*ST雄震,2006-05-08,2006-10-08,2006-04-28,*ST
600711.SH,S*ST雄震,2006-10-09,2007-01-21,2006-09-28,其他
600711.SH,*ST雄震,2007-01-22,2007-03-25,2007-01-17,其他
600711.SH,ST雄震,2007-03-26,2011-03-03,2007-03-23,撤消*ST并实行ST
600711.SH,ST盛屯,2024-08-01,2025-08-13,2024-07-31,ST
600714.SH,*ST金瑞,2007-03-27,2008-05-29,2007-03-26,*ST
600714.SH,ST金瑞,2008-05-30,2011-04-28,2008-05-29,撤消*ST并实行ST
600715.SH,ST松辽,1999-04-29,2000-05-07,1999-04-28,ST
600715.SH,ST松辽,2002-04-23,2003-05-11,2002-04-20,ST
600715.SH,*ST松辽,2003-05-12,2004-04-22,2003-04-30,从ST变为*ST
600715.SH,ST松辽,2004-04-23,2006-04-27,2004-04-22,撤消*ST并实行ST
600715.SH,*ST松辽,2006-04-28,2006-10-08,2006-04-27,从ST变为*ST
600715.SH,S*ST松辽,2006-10-09,2006-11-13,2006-09-28,其他
600715.SH,*ST松辽,2006-11-14,2007-06-04,2006-11-09,其他
600715.SH,ST松辽,2007-06-05,2011-04-28,2007-06-04,撤消*ST并实行ST
600715.SH,*ST松辽,2011-04-29,2012-05-27,2011-04-28,从ST变为*ST
600715.SH,ST松辽,2012-05-28,2012-08-29,2012-05-25,撤消*ST并实行ST
600715.SH,*ST松辽,2015-01-30,2016-03-13,2015-01-29,*ST
600715.SH,*ST文投,2024-04-29,2025-05-05,2024-04-26,*ST
600716.SH,*ST耀华,2007-04-30,2008-06-02,2007-04-27,*ST
600716.SH,ST耀华,2008-06-03,2010-02-07,2008-06-02,撤消*ST并实行ST
600716.SH,ST凤凰,2010-02-08,2010-04-01,2010-01-05,其他
600719.SH,ST热电,2022-05-05,2023-04-02,2022-04-29,ST
600721.SH,ST百花村,2000-04-07,2001-05-10,2000-04-06,ST
600721.SH,*ST百花,2006-05-09,2006-10-08,2006-05-08,*ST
600721.SH,S*ST百花,2006-10-09,2007-06-26,2006-09-28,其他
600721.SH,SST百花,2007-06-27,2008-01-23,2007-06-26,撤消*ST并实行ST
600721.SH,ST百花,2008-01-24,2011-06-02,2008-01-21,其他
600721.SH,*ST百花,2016-03-08,2017-03-19,2016-03-07,*ST
600721.SH,*ST百花,2019-04-30,2020-04-29,2019-04-29,*ST
600721.SH,ST百花,2020-04-30,2021-03-31,2020-04-29,撤消*ST并实行ST
600721.SH,*ST百花,2021-04-01,2022-05-04,2021-03-31,从ST变为*ST
600722.SH,*ST沧化,2007-05-08,2008-04-21,2007-04-30,*ST
600722.SH,ST沧化,2008-04-22,2008-05-07,2008-04-22,撤消*ST并实行ST
600722.SH,ST金化,2008-05-08,2010-03-30,2008-05-06,其他
600722.SH,*ST金化,2010-03-31,2011-05-05,2010-03-30,从ST变为*ST
600722.SH,ST金化,2011-05-06,2013-01-30,2011-05-05,撤消*ST并实行ST
600722.SH,*ST金化,2015-04-21,2016-02-04,2015-04-20,*ST
600725.SH,*ST云维,2016-05-03,2017-03-15,2016-04-29,*ST
600725.SH,ST云维,2017-03-16,2021-05-31,2017-03-15,撤消*ST并实行ST
600726.SH,*ST华源,2019-04-30,2020-05-05,2019-04-29,*ST
600726.SH,*ST华源,2022-04-29,2023-06-12,2022-04-28,*ST
600727.SH,*ST鲁北,2009-05-04,2011-08-17,2009-04-30,*ST
600727.SH,ST鲁北,2011-08-18,2012-06-26,2011-08-12,撤消*ST并实行ST
600728.SH,*ST新太,2006-05-09,2006-10-08,2006-05-08,*ST
600728.SH,S*ST新太,2006-10-09,2007-05-27,2006-09-28,其他
600728.SH,SST新太,2007-05-28,2009-03-16,2007-05-25,撤消*ST并实行ST
600728.SH,S*ST新太,2009-03-17,2010-06-08,2009-03-16,从ST变为*ST
600728.SH,*ST新太,2010-06-09,2010-09-12,2010-06-04,其他
600728.SH,ST新太,2010-09-13,2011-08-07,2010-09-10,撤消*ST并实行ST
600730.SH,*ST高科,2026-04-28,,2026-04-25,*ST
600732.SH,*ST新梅,2015-04-29,2017-06-05,2015-04-28,*ST
600732.SH,ST新梅,2017-06-06,2019-12-26,2017-05-27,撤消*ST并实行ST
600732.SH,ST爱旭,2019-12-27,2020-03-04,2019-12-24,其他
600733.SH,S*ST前锋,2012-03-16,2013-04-07,2012-03-15,*ST
600733.SH,S*ST前锋,2017-03-22,2018-02-21,2017-03-21,*ST
600733.SH,SST前锋,2018-02-22,2018-08-30,2018-02-14,撤消*ST并实行ST
600734.SH,ST实达,2001-05-08,2002-03-10,2001-04-30,ST
600734.SH,*ST实达,2006-05-09,2006-10-08,2006-05-08,*ST
600734.SH,S*ST实达,2006-10-09,2008-12-25,2006-09-28,其他
600734.SH,ST实达,2008-12-26,2009-05-20,2008-12-22,撤消*ST并实行ST
600734.SH,*ST实达,2020-06-16,2022-06-14,2020-06-15,*ST
600734.SH,ST实达,2022-06-15,2024-06-10,2022-06-14,撤消*ST并实行ST
600734.SH,*ST实达,2026-04-30,,2026-04-29,*ST
600735.SH,*ST陈香,2004-04-23,2005-03-07,2004-04-22,*ST
600735.SH,ST陈香,2005-03-08,2006-10-08,2005-03-07,撤消*ST并实行ST
600735.SH,SST陈香,2006-10-09,2007-05-07,2006-09-28,其他
600735.SH,S*ST陈香,2007-05-08,2007-05-27,2007-04-30,从ST变为*ST
600735.SH,S*ST锦股,2007-05-28,2007-08-14,2007-05-24,其他
600735.SH,*ST锦股,2007-08-15,2008-05-22,2007-08-10,其他
600735.SH,ST新华锦,2025-09-30,,2025-09-27,ST
600737.SH,ST屯河,2004-07-26,2006-04-18,2004-07-23,ST
600737.SH,*ST屯河,2006-04-19,2006-10-08,2006-04-18,从ST变为*ST
600737.SH,S*ST屯河,2006-10-09,2007-01-22,2006-09-28,其他
600737.SH,*ST屯河,2007-01-23,2007-03-06,2007-01-22,其他
600738.SH,ST民百,2003-04-25,2003-05-11,2003-04-24,ST
600738.SH,*ST民百,2003-05-12,2004-03-28,2003-04-24,从ST变为*ST
600738.SH,ST民百,2004-03-29,2005-04-10,2004-03-26,撤消*ST并实行ST
600740.SH,*ST山焦,2010-03-31,2011-05-02,2010-03-30,*ST
600743.SH,ST幸福,2001-02-21,2006-10-08,2001-02-20,ST
600743.SH,SST幸福,2006-10-09,2008-08-27,2006-09-28,其他
600743.SH,ST幸福,2008-08-28,2009-03-25,2008-08-25,其他
600745.SH,ST康赛,2001-04-27,2003-04-29,2001-04-26,ST
600745.SH,*ST天华,2006-04-28,2006-10-08,2006-04-27,*ST
600745.SH,S*ST天华,2006-10-09,2008-07-07,2006-09-28,其他
600745.SH,ST天华,2008-07-08,2009-04-21,2008-07-01,撤消*ST并实行ST
600745.SH,*ST闻泰,2026-05-06,,2026-04-30,*ST
600749.SH,ST藏圣地,2003-03-10,2003-05-11,2003-03-07,ST
600749.SH,*ST藏圣地,2003-05-12,2004-04-21,2003-04-30,从ST变为*ST
600749.SH,*ST藏旅,2018-05-02,2019-04-09,2018-04-27,*ST
600751.SH,ST天海,2003-06-30,2004-05-09,2003-06-27,ST
600751.SH,*ST天海,2004-05-10,2006-10-08,2004-04-30,从ST变为*ST
600751.SH,S*ST天海,2006-10-09,2007-01-21,2006-09-28,其他
600751.SH,SST天海,2007-01-22,2008-05-04,2007-01-19,撤消*ST并实行ST
600751.SH,S*ST天海,2008-05-05,2009-08-26,2008-04-30,从ST变为*ST
600751.SH,SST天海,2009-08-27,2013-04-22,2009-08-26,撤消*ST并实行ST
600753.SH,ST冰熊,2001-04-24,2006-07-16,2001-04-21,ST
600753.SH,ST冰熊,2006-10-09,2007-10-08,2006-09-28,其他
600753.SH,*ST庚星,2025-04-29,2025-06-05,2025-04-26,*ST
600753.SH,*ST海钦,2025-06-06,2026-06-15,2025-05-24,其他
600753.SH,ST海钦,2026-06-16,,2026-06-13,撤消*ST并实行ST
600757.SH,*ST源发,2007-05-08,2008-06-03,2007-04-30,*ST
600757.SH,ST源发,2008-06-04,2010-03-30,2008-06-03,撤消*ST并实行ST
600757.SH,*ST源发,2010-03-31,2011-08-21,2010-03-30,从ST变为*ST
600757.SH,ST源发,2011-08-22,2012-03-25,2011-08-19,撤消*ST并实行ST
600758.SH,ST金帝,1999-05-04,2000-04-25,1999-04-29,ST
600758.SH,ST金帝,2003-04-29,2003-05-11,2003-04-28,ST
600758.SH,*ST金帝,2003-05-12,2004-04-28,2003-04-28,从ST变为*ST
600758.SH,ST金帝,2004-04-29,2006-10-08,2004-04-28,撤消*ST并实行ST
600758.SH,SST金帝,2006-10-09,2007-02-06,2006-09-28,其他
600758.SH,ST金帝,2007-02-07,2007-06-20,2007-02-05,其他
600758.SH,ST红阳,2007-06-21,2008-03-13,2007-04-25,其他
600759.SH,ST琼华侨,1999-05-04,2001-05-17,1999-04-30,ST
600759.SH,ST琼华侨,2003-01-07,2006-05-08,2002-12-28,撤销PT
600759.SH,*ST华侨,2006-05-09,2006-10-08,2006-05-08,从ST变为*ST
600759.SH,S*ST华侨,2006-10-09,2007-11-18,2006-09-28,其他
600759.SH,*ST华侨,2007-11-19,2007-12-03,2007-11-14,其他
600759.SH,ST华侨,2007-12-04,2008-02-21,2007-12-03,撤消*ST并实行ST
600759.SH,ST洲际,2022-04-26,2023-09-21,2022-04-25,ST
600759.SH,*ST洲际,2023-09-22,2024-01-14,2023-09-21,从ST变为*ST
600759.SH,ST洲际,2024-01-15,2024-06-25,2024-01-12,撤消*ST并实行ST
600759.SH,ST洲际,2026-04-29,,2026-04-28,ST
600760.SH,ST黑豹,2003-03-14,2003-05-11,2003-03-13,ST
600760.SH,*ST黑豹,2003-05-12,2004-03-29,2003-04-30,从ST变为*ST
600760.SH,ST黑豹,2004-03-30,2006-03-01,2004-03-29,撤消*ST并实行ST
600760.SH,ST黑豹,2006-10-09,2008-06-12,2006-09-28,其他
600760.SH,*ST黑豹,2013-04-02,2014-03-06,2013-03-30,*ST
600760.SH,*ST黑豹,2016-04-27,2017-03-12,2016-04-26,*ST
600763.SH,ST中燕,2001-06-26,2005-01-30,2001-06-23,ST
600763.SH,*ST中燕,2005-01-31,2006-03-06,2005-01-28,从ST变为*ST
600763.SH,ST中燕,2006-03-07,2006-10-08,2006-03-06,撤消*ST并实行ST
600763.SH,SST中燕,2006-10-09,2006-11-08,2006-09-28,其他
600763.SH,ST中燕,2006-11-09,2007-04-17,2006-11-06,其他
600763.SH,ST通策,2007-04-18,2007-06-03,2007-04-13,其他
600766.SH,ST烟发,2003-04-29,2003-05-11,2003-04-28,ST
600766.SH,*ST烟发,2003-05-12,2004-04-18,2003-04-28,从ST变为*ST
600766.SH,ST烟发,2004-04-19,2006-02-28,2004-04-16,撤消*ST并实行ST
600766.SH,*ST烟发,2006-03-01,2006-09-20,2006-02-28,从ST变为*ST
600766.SH,*ST烟发,2006-10-09,2007-03-29,2006-09-28,其他
600766.SH,ST园城,2011-05-04,2012-05-01,2011-05-03,ST
600766.SH,*ST园城,2012-05-02,2013-05-08,2012-04-27,从ST变为*ST
600766.SH,*ST园城,2021-04-26,2022-09-14,2021-04-23,*ST
600766.SH,*ST园城,2023-05-05,2024-06-04,2023-04-29,*ST
600767.SH,*ST运盛,2005-04-26,2006-02-28,2005-04-25,*ST
600767.SH,ST运盛,2006-03-01,2006-10-08,2006-02-28,撤消*ST并实行ST
600767.SH,SST运盛,2006-10-09,2006-12-27,2006-09-28,其他
600767.SH,ST运盛,2006-12-28,2007-07-02,2006-12-25,其他
600767.SH,*ST运盛,2017-04-21,2018-04-11,2017-04-20,*ST
600767.SH,ST运盛,2018-04-12,2021-08-09,2018-04-11,撤消*ST并实行ST
600767.SH,*ST运盛,2022-04-28,2023-05-30,2022-04-27,*ST
600768.SH,ST甬华通,2001-04-19,2002-10-07,2001-04-18,ST
600768.SH,ST甬富邦,2002-10-08,2003-03-26,2002-08-15,其他
600769.SH,ST祥龙,2003-04-29,2003-05-11,2003-04-28,ST
600769.SH,*ST祥龙,2003-05-12,2004-05-10,2003-04-28,从ST变为*ST
600769.SH,*ST祥龙,2010-04-23,2011-06-23,2010-04-22,*ST
600769.SH,ST祥龙,2011-06-24,2013-05-02,2011-06-23,撤消*ST并实行ST
600769.SH,*ST祥龙,2013-05-03,2014-04-03,2013-05-02,从ST变为*ST
600771.SH,ST东盛,2008-04-30,2013-04-25,2008-04-30,ST
600773.SH,*ST金珠,2006-05-08,2006-10-08,2006-04-28,*ST
600773.SH,S*ST金珠,2006-10-09,2007-03-06,2006-09-28,其他
600773.SH,*ST金珠,2007-03-07,2007-04-05,2007-03-02,其他
600773.SH,*ST雅砻,2007-04-06,2007-05-27,2006-08-28,其他
600773.SH,ST雅砻,2007-05-28,2009-03-03,2007-05-25,撤消*ST并实行ST
600773.SH,*ST雅砻,2009-03-04,2010-03-15,2009-03-03,从ST变为*ST
600775.SH,ST熊猫,1999-05-26,2000-04-27,1999-05-25,ST
600776.SH,*ST东信,2004-04-26,2005-05-16,2004-04-23,*ST
600777.SH,ST新潮,2024-04-30,2025-07-07,2024-04-27,ST
600777.SH,*ST新潮,2025-07-08,2026-06-22,2025-07-05,从ST变为*ST
600778.SH,*ST友好,2018-04-26,2019-05-06,2018-04-25,*ST
600779.SH,*ST水井,2015-05-04,2016-05-08,2015-04-30,*ST
600781.SH,ST民丰,2003-04-30,2003-05-11,2003-04-29,ST
600781.SH,*ST民丰,2003-05-12,2004-03-21,2003-04-29,从ST变为*ST
600781.SH,ST民丰,2004-03-22,2006-02-09,2004-03-19,撤消*ST并实行ST
600781.SH,*ST民丰,2006-02-10,2006-07-02,2006-02-09,从ST变为*ST
600781.SH,*ST辅仁,2006-10-09,2007-04-01,2006-09-28,其他
600781.SH,ST辅仁,2019-09-03,2020-06-28,2019-08-31,ST
600781.SH,*ST辅仁,2020-06-29,2021-05-19,2020-06-24,从ST变为*ST
600781.SH,ST辅仁,2021-05-20,2022-06-30,2021-05-19,撤消*ST并实行ST
600781.SH,*ST辅仁,2022-07-01,2023-05-29,2022-06-30,从ST变为*ST
600784.SH,ST鲁银,2003-03-03,2003-05-11,2003-02-28,ST
600784.SH,*ST鲁银,2003-05-12,2004-03-15,2003-04-30,从ST变为*ST
600792.SH,ST马龙,2002-04-17,2003-03-19,2002-04-16,ST
600792.SH,*ST马龙,2008-04-01,2009-03-19,2008-03-31,*ST
600792.SH,ST马龙,2009-03-20,2011-03-28,2009-03-19,撤消*ST并实行ST
600792.SH,*ST马龙,2011-03-29,2011-10-31,2011-03-28,从ST变为*ST
600793.SH,ST宜纸,2003-04-29,2004-04-14,2003-04-28,ST
600793.SH,*ST宜纸,2008-02-01,2009-08-18,2008-01-31,*ST
600793.SH,ST宜纸,2009-08-19,2016-11-20,2009-08-18,撤消*ST并实行ST
600800.SH,*ST磁卡,2006-07-03,2006-10-08,2006-07-01,*ST
600800.SH,S*ST磁卡,2006-10-09,2008-04-24,2006-09-28,其他
600800.SH,SST磁卡,2008-04-25,2009-03-03,2008-04-24,撤消*ST并实行ST
600800.SH,ST磁卡,2009-03-04,2012-08-30,2009-02-27,其他
600804.SH,ST鹏博士,2022-04-29,2024-05-05,2022-04-28,ST
600804.SH,*ST鹏博,2024-05-06,2025-06-09,2024-04-30,从ST变为*ST
600807.SH,ST济百,2003-03-07,2003-05-11,2003-03-06,ST
600807.SH,*ST济百,2003-05-12,2004-04-21,2003-04-30,从ST变为*ST
600807.SH,ST济百,2004-04-22,2006-04-17,2004-04-21,撤消*ST并实行ST
600807.SH,*ST济百,2006-04-18,2006-10-08,2006-04-17,从ST变为*ST
600807.SH,S*ST济百,2006-10-09,2007-01-14,2006-09-28,其他
600807.SH,*ST济百,2007-01-15,2007-05-27,2007-01-10,其他
600807.SH,*ST天业,2018-05-03,2019-04-22,2018-04-28,*ST
600807.SH,ST天业,2019-04-23,2020-07-01,2019-04-20,撤消*ST并实行ST
600811.SH,*ST东方,2025-03-18,,2025-03-17,*ST
600815.SH,*ST厦工,2017-05-02,2018-05-08,2017-04-28,*ST
600815.SH,*ST厦工,2019-04-30,2021-04-14,2019-04-29,*ST
600816.SH,*ST安信,2005-07-11,2006-05-07,2005-07-08,*ST
600816.SH,*ST安信,2020-05-06,2021-05-17,2020-04-30,*ST
600816.SH,ST安信,2021-05-18,2023-07-03,2021-05-17,撤消*ST并实行ST
600816.SH,ST建元,2023-07-04,2023-11-06,2022-12-26,其他
600817.SH,ST宏盛,2008-03-20,2009-05-03,2008-03-19,ST
600817.SH,*ST宏盛,2009-05-04,2013-02-07,2009-04-30,从ST变为*ST
600817.SH,ST宏盛,2013-02-08,2016-04-27,2013-02-01,撤消*ST并实行ST
600817.SH,*ST宏盛,2016-04-28,2018-05-08,2016-04-27,从ST变为*ST
600817.SH,ST宏盛,2018-05-09,2021-04-18,2018-05-08,撤消*ST并实行ST
600818.SH,ST永久,1999-04-29,2001-05-17,1999-04-28,ST
600818.SH,ST永久,2002-06-28,2005-03-20,2002-06-21,撤销PT
600818.SH,ST中路,2026-04-29,,2026-04-28,ST
600821.SH,*ST劝业,2020-04-29,2021-05-18,2020-04-28,*ST
600823.SH,ST世茂,2023-05-05,2024-05-05,2023-04-29,ST
600823.SH,*ST世茂,2024-05-06,,2024-04-30,从ST变为*ST
600828.SH,*ST成商,2007-04-24,2008-05-29,2007-04-23,*ST
600831.SH,ST黄河科,1998-04-29,2002-03-28,1998-04-28,ST
600831.SH,ST广网,2024-07-09,2025-11-09,2024-07-06,ST
600833.SH,ST网点,1999-05-18,2000-05-11,1999-05-15,ST
600836.SH,*ST界龙,2020-04-30,2021-05-18,2020-04-29,*ST
600836.SH,*ST易连,2024-05-06,,2024-04-30,*ST
600837.SH,ST农商社,1998-05-04,1999-07-04,1998-04-30,ST
600844.SH,*ST大盈,2004-05-10,2006-05-14,2004-04-30,*ST
600844.SH,ST大盈,2006-05-15,2006-10-08,2006-05-12,撤消*ST并实行ST
600844.SH,SST大盈,2006-10-09,2007-04-25,2006-09-28,其他
600844.SH,ST大盈,2007-04-26,2007-05-31,2007-04-24,其他
600844.SH,ST丹科,2007-06-01,2008-03-13,2007-03-03,其他
600844.SH,*ST丹科,2017-05-03,2018-03-01,2017-04-29,*ST
600845.SH,ST钢管,2000-04-28,2001-05-17,2000-04-27,ST
600847.SH,ST渝万里,1999-04-23,2000-04-27,1999-04-22,ST
600847.SH,ST渝万里,2003-05-19,2004-04-21,2003-05-16,ST
600847.SH,*ST万里,2004-04-22,2005-03-28,2004-04-21,从ST变为*ST
600847.SH,ST渝万里,2005-03-29,2006-06-29,2005-03-28,撤消*ST并实行ST
600847.SH,ST渝万里,2006-10-09,2012-05-17,2006-09-28,其他
600847.SH,*ST万里,2017-05-03,2018-05-08,2017-04-29,*ST
600848.SH,ST自仪,2001-05-08,2006-10-08,2001-04-30,ST
600848.SH,SST自仪,2006-10-09,2006-10-25,2006-09-28,其他
600848.SH,ST自仪,2006-10-26,2007-05-13,2006-10-23,其他
600853.SH,ST北特钢,2001-04-10,2002-09-26,2001-04-07,ST
600853.SH,ST龙建,2002-09-27,2003-05-25,2002-04-03,其他
600854.SH,*ST春兰,2007-04-30,2009-11-12,2007-04-27,*ST
600854.SH,ST春兰,2009-11-13,2012-05-17,2009-11-09,撤消*ST并实行ST
600855.SH,ST北旅,1998-06-10,2000-05-31,1998-06-09,ST
600856.SH,ST中天,2019-08-12,2020-04-29,2019-08-09,ST
600856.SH,*ST中天,2020-04-30,2021-04-15,2020-04-29,从ST变为*ST
600856.SH,ST中天,2021-04-16,2021-11-17,2021-04-15,撤消*ST并实行ST
600856.SH,*ST中天,2021-11-18,2022-05-24,2021-11-17,从ST变为*ST
600858.SH,ST渤海,2002-04-17,2003-09-07,2002-04-16,ST
600858.SH,*ST渤海,2003-09-08,2004-03-01,2003-04-28,从ST变为*ST
600858.SH,ST渤海,2004-03-02,2005-05-08,2004-03-01,撤消*ST并实行ST
600860.SH,*ST北人,2010-03-22,2011-05-26,2010-03-19,*ST
600860.SH,ST北人,2011-05-27,2012-08-22,2011-05-26,撤消*ST并实行ST
600860.SH,*ST京城,2014-03-31,2015-03-23,2014-03-28,*ST
600860.SH,*ST京城,2017-03-21,2018-04-03,2017-03-18,*ST
600860.SH,*ST京城,2020-03-31,2021-04-01,2020-03-28,*ST
600862.SH,ST通机,1998-06-05,1999-06-06,1998-06-04,ST
600862.SH,ST纵横,2002-07-19,2003-05-11,2002-07-18,ST
600862.SH,*ST纵横,2003-05-12,2005-04-26,2003-04-30,从ST变为*ST
600862.SH,ST纵横,2005-04-27,2006-10-08,2005-04-26,撤消*ST并实行ST
600862.SH,SST纵横,2006-10-09,2007-02-27,2006-09-28,其他
600862.SH,SST通科,2007-02-28,2007-04-25,2007-01-23,其他
600862.SH,S*ST通科,2007-04-26,2008-01-17,2007-04-25,从ST变为*ST
600862.SH,*ST通科,2008-01-18,2008-04-28,2008-01-15,其他
600864.SH,ST岁宝,2004-05-10,2004-08-08,2004-04-30,ST
600866.SH,*ST星湖,2016-04-27,2017-04-11,2016-04-26,*ST
600868.SH,*ST梅雁,2008-05-05,2009-05-18,2008-04-30,*ST
600868.SH,ST梅雁,2009-05-19,2012-08-21,2009-05-18,撤消*ST并实行ST
600869.SH,*ST三普,2004-04-21,2005-06-07,2004-04-20,*ST
600870.SH,ST厦华,2002-04-26,2004-04-29,2002-04-25,ST
600870.SH,*ST厦华,2008-05-05,2010-05-13,2008-04-30,*ST
600870.SH,ST厦华,2010-05-14,2013-03-13,2010-05-07,撤消*ST并实行ST
600870.SH,*ST厦华,2015-05-04,2016-04-05,2015-04-30,*ST
600870.SH,*ST厦华,2018-04-27,2019-04-08,2018-04-26,*ST
600870.SH,ST厦华,2019-04-09,2021-05-05,2019-04-05,撤消*ST并实行ST
600870.SH,*ST厦华,2021-05-06,2022-06-01,2021-04-30,从ST变为*ST
600871.SH,*ST仪化,2014-03-31,2015-03-30,2014-03-28,*ST
600871.SH,*ST油服,2018-03-29,2019-04-01,2018-03-28,*ST
600873.SH,ST藏明珠,2003-02-21,2003-05-11,2003-02-20,ST
600873.SH,*ST明珠,2003-05-12,2005-03-21,2003-04-30,从ST变为*ST
600874.SH,ST渤化,1999-05-17,2001-01-14,1999-05-17,ST
600874.SH,ST创业,2001-01-15,2001-03-25,2000-10-11,其他
600876.SH,ST洛玻,1999-04-29,2000-04-27,1999-04-28,ST
600876.SH,*ST洛玻,2004-04-26,2005-06-27,2004-04-23,*ST
600876.SH,*ST洛玻,2008-03-31,2009-05-19,2008-03-28,*ST
600876.SH,ST洛玻,2009-05-20,2011-04-18,2009-05-19,撤消*ST并实行ST
600877.SH,*ST嘉陵,2012-05-02,2013-05-09,2012-04-27,*ST
600877.SH,*ST嘉陵,2017-05-03,2018-04-02,2017-04-29,*ST
600877.SH,ST嘉陵,2018-04-03,2019-03-25,2018-04-02,撤消*ST并实行ST
600877.SH,*ST嘉陵,2019-03-26,2019-09-24,2019-03-25,从ST变为*ST
600877.SH,*ST电能,2019-09-25,2020-04-20,2019-08-20,其他
600877.SH,ST电能,2020-04-21,2021-05-12,2020-04-20,撤消*ST并实行ST
600882.SH,*ST大成,2012-03-20,2012-11-22,2012-03-19,*ST
600885.SH,*ST力阳,2010-04-12,2011-12-21,2010-04-09,*ST
600885.SH,ST力阳,2011-12-22,2012-12-03,2011-12-21,撤消*ST并实行ST
600885.SH,ST宏发,2012-12-04,2013-02-25,2012-11-10,其他
600886.SH,ST华靖,2003-03-10,2003-05-11,2003-03-07,ST
600886.SH,*ST华靖,2003-05-12,2004-02-04,2003-04-30,从ST变为*ST
600887.SH,*ST伊利,2009-05-04,2010-06-08,2009-04-30,*ST
600889.SH,*ST京化,2026-04-24,,2026-04-23,*ST
600890.SH,*ST中房,2006-04-21,2006-10-08,2006-04-20,*ST
600890.SH,S*ST中房,2006-10-09,2007-01-04,2006-09-28,其他
600890.SH,*ST中房,2007-01-05,2007-05-27,2006-12-28,其他
600890.SH,ST中房,2007-05-28,2009-04-20,2007-05-25,撤消*ST并实行ST
600890.SH,*ST中房,2009-04-21,2010-07-18,2009-04-20,从ST变为*ST
600890.SH,ST中房,2010-07-19,2012-08-23,2010-07-16,撤消*ST并实行ST
600890.SH,*ST中房,2021-04-06,2022-05-24,2021-04-02,*ST
600891.SH,*ST秋林,2003-05-12,2005-04-28,2003-04-30,*ST
600891.SH,ST秋林,2005-04-29,2006-10-08,2005-04-28,撤消*ST并实行ST
600891.SH,SST秋林,2006-10-09,2007-05-07,2006-09-28,其他
600891.SH,S*ST秋林,2007-05-08,2008-06-02,2007-04-30,从ST变为*ST
600891.SH,SST秋林,2008-06-03,2011-02-28,2008-06-02,撤消*ST并实行ST
600891.SH,ST秋林,2011-03-01,2011-08-31,2011-02-22,其他
600891.SH,ST秋林,2019-04-10,2019-05-05,2019-04-09,ST
600891.SH,*ST秋林,2019-05-06,2021-03-18,2019-04-30,从ST变为*ST
600892.SH,ST石劝业,1998-06-08,2001-04-15,1998-06-05,ST
600892.SH,*ST湖科,2004-04-23,2006-03-08,2004-04-22,*ST
600892.SH,ST湖科,2006-03-09,2006-10-08,2006-03-08,撤消*ST并实行ST
600892.SH,SST湖科,2006-10-09,2008-05-04,2006-09-28,其他
600892.SH,S*ST湖科,2008-05-05,2009-02-26,2008-04-30,从ST变为*ST
600892.SH,*ST湖科,2009-02-27,2009-12-29,2009-02-24,其他
600892.SH,ST湖科,2009-12-30,2010-07-08,2009-12-29,撤消*ST并实行ST
600892.SH,ST宝诚,2010-07-09,2011-02-27,2010-04-22,其他
600892.SH,*ST宝诚,2011-02-28,2012-04-25,2011-02-25,从ST变为*ST
600892.SH,ST宝诚,2012-04-26,2013-04-21,2012-04-25,撤消*ST并实行ST
600892.SH,*ST大晟,2020-04-30,2021-03-22,2020-04-29,*ST
600892.SH,*ST大晟,2025-05-06,2026-06-30,2025-04-30,*ST
600893.SH,ST吉发,2001-10-10,2004-03-02,2001-10-09,ST
600894.SH,*ST广钢,2012-02-14,2012-08-30,2012-02-13,*ST
600896.SH,*ST海投,2018-05-03,2019-04-07,2018-05-02,*ST
600896.SH,*ST海医,2021-05-06,2022-06-27,2021-04-30,*ST
600898.SH,ST郑百文,1999-04-27,2001-03-26,1999-04-26,ST
600898.SH,*ST三联,2009-04-30,2011-07-24,2009-04-29,*ST
600898.SH,ST三联,2011-07-25,2011-11-13,2011-07-18,撤消*ST并实行ST
600898.SH,*ST美讯,2020-04-30,2021-05-18,2020-04-29,*ST
600898.SH,ST美讯,2021-05-19,2022-04-26,2021-05-18,撤消*ST并实行ST
600898.SH,ST美讯,2023-05-05,2024-04-25,2023-04-29,ST
600898.SH,*ST美讯,2024-04-26,,2024-04-25,从ST变为*ST
600961.SH,*ST株冶,2013-03-15,2014-03-05,2013-03-14,*ST
600962.SH,*ST中鲁,2015-04-30,2016-04-06,2015-04-29,*ST
600965.SH,*ST福成,2026-05-06,,2026-04-30,*ST
600978.SH,*ST宜生,2020-05-06,,2020-04-30,*ST
600980.SH,*ST北磁,2013-04-03,2014-03-25,2013-04-02,*ST
600984.SH,*ST建机,2007-04-06,2008-06-18,2007-04-05,*ST
600984.SH,ST建机,2008-06-19,2010-03-02,2008-06-18,撤消*ST并实行ST
600984.SH,*ST建机,2010-03-03,2011-11-14,2010-03-02,从ST变为*ST
600984.SH,ST建机,2011-11-15,2012-07-16,2011-11-14,撤消*ST并实行ST
600984.SH,*ST建机,2015-02-25,2016-05-09,2015-02-17,*ST
600988.SH,*ST宝龙,2007-04-27,2008-06-03,2007-04-26,*ST
600988.SH,ST宝龙,2008-06-04,2010-04-28,2008-06-03,撤消*ST并实行ST
600988.SH,*ST宝龙,2010-04-29,2011-09-05,2010-04-28,从ST变为*ST
600988.SH,ST宝龙,2011-09-06,2013-02-06,2011-09-05,撤消*ST并实行ST
601005.SH,*ST重钢,2017-04-05,2018-03-08,2017-03-31,*ST
601010.SH,ST文峰,2026-04-30,,2026-04-29,ST
601020.SH,ST华钰,2021-04-30,2022-05-25,2021-04-29,ST
601106.SH,*ST一重,2017-04-21,2018-05-08,2017-04-20,*ST
601113.SH,ST华鼎,2019-10-09,2022-06-26,2019-10-08,ST
601258.SH,*ST庞大,2019-09-09,2020-01-14,2019-09-06,*ST
601258.SH,ST庞大,2020-01-15,2021-05-19,2020-01-14,撤消*ST并实行ST
601258.SH,*ST庞大,2023-05-05,,2023-04-29,*ST
601399.SH,ST国重装,2020-06-08,2021-05-10,2020-05-30,ST
601519.SH,*ST智慧,2017-05-02,2018-05-09,2017-04-28,*ST
601558.SH,*ST锐电,2014-05-05,2015-05-03,2014-04-30,*ST
601558.SH,*ST锐电,2017-04-26,2018-04-11,2017-04-25,*ST
601558.SH,ST锐电,2018-04-12,2020-05-12,2018-04-11,撤消*ST并实行ST
601718.SH,ST际华,2026-05-06,,2026-04-30,ST
601777.SH,*ST力帆,2020-08-25,2021-03-03,2020-08-24,*ST
601777.SH,ST力帆,2021-03-04,2021-04-25,2021-03-03,撤消*ST并实行ST
601798.SH,*ST蓝科,2018-04-25,2019-04-23,2018-04-24,*ST
601798.SH,ST蓝科,2019-04-24,2020-04-27,2019-04-23,撤消*ST并实行ST
601918.SH,*ST新集,2016-05-03,2017-03-26,2016-04-29,*ST
601919.SH,*ST远洋,2013-03-29,2014-04-02,2013-03-28,*ST
601975.SH,ST长油,2019-01-08,2019-03-28,2018-12-28,ST
603001.SH,ST奥康,2023-04-27,2024-06-25,2023-04-26,ST
603003.SH,*ST龙宇,2024-05-06,2025-06-09,2024-04-30,*ST
603007.SH,ST花王,2021-05-06,2024-09-10,2021-04-30,ST
603007.SH,*ST花王,2024-09-11,2025-01-13,2024-09-10,从ST变为*ST
603007.SH,ST花王,2025-01-14,2025-05-05,2025-01-13,撤消*ST并实行ST
603007.SH,*ST花王,2025-05-06,2026-04-20,2025-04-30,从ST变为*ST
603008.SH,ST喜临门,2026-04-28,,2026-04-25,ST
603021.SH,ST华鹏,2025-04-23,2026-05-05,2025-04-22,ST
603021.SH,*ST华鹏,2026-05-06,,2026-04-30,从ST变为*ST
603023.SH,*ST威帝,2024-05-06,2025-06-03,2024-04-30,*ST
603030.SH,*ST全筑,2023-05-05,2024-05-08,2023-04-29,*ST
603030.SH,ST全筑,2024-05-09,2024-07-09,2024-05-08,撤消*ST并实行ST
603032.SH,*ST德新,2021-04-28,2022-05-09,2021-04-27,*ST
603039.SH,ST泛微,2022-05-05,2023-04-02,2022-04-29,ST
603117.SH,ST万林,2022-05-05,2024-07-29,2022-04-29,ST
603133.SH,*ST碳元,2023-04-28,2024-06-04,2023-04-27,*ST
603157.SH,*ST拉夏,2020-07-01,2022-04-21,2020-06-30,*ST
603188.SH,ST亚邦,2018-08-14,2018-11-06,2018-08-13,ST
603188.SH,ST亚邦,2019-08-13,2021-05-18,2019-08-10,ST
603189.SH,*ST网达,2026-05-06,,2026-04-30,*ST
603261.SH,*ST立航,2025-04-29,2026-06-15,2025-04-26,*ST
603268.SH,*ST松发,2025-04-29,2026-04-19,2025-04-28,*ST
603272.SH,*ST联翔,2026-04-29,,2026-04-28,*ST
603322.SH,ST超讯,2022-02-09,2022-03-27,2022-02-08,ST
603359.SH,*ST东珠,2026-04-30,,2026-04-29,*ST
603363.SH,*ST傲农,2024-05-06,2025-05-19,2024-04-30,*ST
603377.SH,ST东时,2024-05-06,,2024-04-30,ST
603378.SH,*ST亚士,2026-05-06,,2026-04-30,*ST
603388.SH,ST元成,2024-04-30,2025-05-05,2024-04-27,ST
603388.SH,*ST元成,2025-05-06,,2025-04-30,从ST变为*ST
603389.SH,*ST亚振,2020-04-29,2021-05-12,2020-04-28,*ST
603389.SH,*ST亚振,2025-05-06,2026-06-30,2025-04-30,*ST
603398.SH,*ST沐邦,2025-05-06,,2025-04-30,*ST
603429.SH,*ST集友,2026-03-24,,2026-03-21,*ST
603517.SH,ST绝味,2025-09-23,,2025-09-20,ST
603555.SH,*ST贵人,2020-05-06,2021-07-21,2020-04-30,*ST
603555.SH,ST贵人,2021-07-22,2022-05-24,2021-07-21,撤消*ST并实行ST
603555.SH,ST贵人,2023-04-28,,2023-04-27,ST
603557.SH,ST起步,2021-04-30,2026-05-05,2021-04-29,ST
603557.SH,*ST起步,2026-05-06,,2026-04-30,从ST变为*ST
603559.SH,ST通脉,2023-05-04,2024-05-05,2023-04-28,ST
603559.SH,*ST通脉,2024-05-06,2025-07-03,2024-04-30,从ST变为*ST
603559.SH,ST通脉,2025-07-04,2026-07-01,2025-07-03,撤消*ST并实行ST
603580.SH,*ST艾艾,2025-04-30,2026-06-30,2025-04-29,*ST
603595.SH,ST东尼,2025-10-31,,2025-10-30,ST
603603.SH,*ST博天,2022-05-06,2024-03-26,2022-04-30,*ST
603608.SH,*ST天创,2024-05-06,2025-05-05,2024-04-30,*ST
603718.SH,*ST海利,2026-05-06,,2026-04-30,*ST
603721.SH,*ST天择,2025-05-06,2026-06-01,2025-04-30,*ST
603729.SH,ST龙韵,2021-05-06,2022-05-30,2021-04-30,ST
603729.SH,ST龙韵,2026-04-30,,2026-04-29,ST
603779.SH,ST威龙,2019-11-25,2021-08-09,2019-11-22,ST
603789.SH,*ST星农,2025-05-06,2026-05-19,2025-04-30,*ST
603789.SH,ST星农,2026-05-20,,2026-05-19,撤消*ST并实行ST
603810.SH,ST丰山,2019-07-16,2019-11-13,2019-07-15,ST
603813.SH,*ST原尚,2025-04-30,2026-06-15,2025-04-29,*ST
603822.SH,ST嘉澳,2025-12-11,,2025-12-10,ST
603825.SH,ST华扬,2025-08-26,,2025-08-23,ST
603828.SH,ST柯利达,2024-05-06,2026-04-28,2024-04-30,ST
603828.SH,*ST利达,2026-04-29,,2026-04-28,从ST变为*ST
603838.SH,*ST四通,2025-04-30,,2025-04-29,*ST
603843.SH,*ST正平,2025-05-06,,2025-04-30,*ST
603863.SH,ST松炀,2021-05-06,2022-04-18,2021-04-30,ST
603869.SH,ST智知,2024-05-06,,2024-04-30,ST
603879.SH,ST永悦,2024-05-06,2025-05-05,2024-04-30,ST
603880.SH,ST南卫,2023-05-04,2024-06-25,2023-04-28,ST
603922.SH,ST金鸿顺,2026-04-30,,2026-04-29,ST
603959.SH,ST百利,2024-05-06,2025-07-14,2024-04-30,ST
603959.SH,ST百利,2026-04-28,,2026-04-25,ST
603963.SH,*ST大药,2024-04-29,,2024-04-26,*ST
603996.SH,ST中新,2019-05-29,2020-05-05,2019-05-28,ST
603996.SH,*ST中新,2020-05-06,2022-04-21,2020-04-30,从ST变为*ST
605081.SH,*ST太和,2025-04-29,2026-06-07,2025-04-26,*ST
605199.SH,ST葫芦娃,2025-04-30,,2025-04-29,ST
605336.SH,*ST帅电,2026-04-23,,2026-04-22,*ST
