ts_code,trade_date,symbol,name,area,industry,market,exchange,list_status,list_date,delist_date,open,high,low,close,pre_close,change,pct_chg,vol,amount,adj_factor,reference_factor,open_adj,high_adj,low_adj,close_adj,limit_pre_close,up_limit,down_limit,is_suspended,is_st,is_research_universe,st_data_available,has_stock_metadata,is_listed_on_date,has_invalid_raw_price,has_invalid_adjusted_price,has_invalid_adj_factor,has_invalid_volume,has_invalid_amount,has_zero_volume,is_open_at_up_limit,is_open_at_down_limit,is_close_at_up_limit,is_close_at_down_limit,can_trade_at_open
000001.SZ,2025-01-02,000001,平安银行,深圳,银行,主板,SZSE,L,1991-04-03,,11.73,11.77,11.39,11.43,11.7,-0.27,-2.3077,1819596.99,2102923.078,127.7841,134.5794,11.137718647876273,11.175698933120522,10.814886223300148,10.852866508544398,11.7,12.87,10.53,False,False,True,True,True,True,False,False,False,False,False,False,False,False,False,False,True
000002.SZ,2025-01-02,000002,万科A,深圳,全国地产,主板,SZSE,L,1991-01-29,,7.25,7.36,7.07,7.11,7.26,-0.15,-2.0661,1182666.05,854487.563,181.704,181.704,7.25,7.36,7.07,7.110000000000001,7.26,7.99,6.53,False,False,True,True,True,True,False,False,False,False,False,False,False,False,False,False,True
000004.SZ,2025-01-02,000004,国华退,,,主板,SZSE,D,1990-12-01,2026-07-14,13.73,14.39,13.33,14.18,13.84,0.34,2.4566,119760.37,167987.024,4.064,4.064,13.73,14.39,13.33,14.18,13.84,15.22,12.46,False,False,True,True,True,True,False,False,False,False,False,False,False,False,False,False,True
000006.SZ,2025-01-02,000006,深振业A,深圳,区域地产,主板,SZSE,L,1992-04-27,,7.23,7.52,7.18,7.25,7.32,-0.07,-0.9563,307195.1,225252.942,39.74,39.74,7.230000000000001,7.5200000000000005,7.179999999999999,7.25,7.32,8.05,6.59,False,False,True,True,True,True,False,False,False,False,False,False,False,False,False,False,True
000007.SZ,2025-01-02,000007,全新好,深圳,其他商业,主板,SZSE,L,1992-04-13,,7.0,7.27,6.94,7.02,7.03,-0.01,-0.1422,68219.01,48456.355,8.284,8.284,7.0,7.27,6.94,7.02,7.03,7.73,6.33,False,False,True,True,True,True,False,False,False,False,False,False,False,False,False,False,True
000008.SZ,2025-01-02,000008,神州高铁,北京,运输设备,主板,SZSE,L,1992-05-07,,2.95,2.98,2.81,2.84,2.9,-0.06,-2.069,1095700.44,316812.796,22.408,22.408,2.9500000000000006,2.98,2.81,2.84,2.9,3.19,2.61,False,False,True,True,True,True,False,False,False,False,False,False,False,False,False,False,True
000009.SZ,2025-01-02,000009,中国宝安,深圳,电气设备,主板,SZSE,L,1991-06-25,,9.16,9.17,8.82,8.9,9.15,-0.25,-2.7322,239104.54,215305.581,8.977,9.0053,9.131213840738232,9.141182414800173,8.792282322632229,8.872030915127759,9.15,10.07,8.24,False,False,True,True,True,True,False,False,False,False,False,False,False,False,False,False,True
000010.SZ,2025-01-02,000010,*ST美丽,深圳,建筑工程,主板,SZSE,L,1995-10-27,,2.79,2.83,2.67,2.71,2.81,-0.1,-3.5587,347095.0,95665.836,10.775,10.775,2.79,2.83,2.67,2.71,2.81,3.09,2.53,False,False,True,True,True,True,False,False,False,False,False,False,False,False,False,False,True
000011.SZ,2025-01-02,000011,深物业A,深圳,房产服务,主板,SZSE,L,1992-03-30,,8.7,8.86,8.55,8.62,8.74,-0.12,-1.373,42325.1,36956.749,4.411,4.411,8.7,8.86,8.55,8.62,8.74,9.61,7.87,False,False,True,True,True,True,False,False,False,False,False,False,False,False,False,False,True
000012.SZ,2025-01-02,000012,南玻A,深圳,玻璃,主板,SZSE,L,1992-02-28,,5.29,5.31,5.11,5.14,5.28,-0.14,-2.6515,163923.12,85557.805,29.9276,30.3449,5.217252454283916,5.236977416303893,5.039727796104124,5.069315239134089,5.28,5.81,4.75,False,False,True,True,True,True,False,False,False,False,False,False,False,False,False,False,True
000001.SZ,2025-01-03,000001,平安银行,深圳,银行,主板,SZSE,L,1991-04-03,,11.44,11.54,11.36,11.38,11.43,-0.05,-0.4374,1154680.44,1320520.978,127.7841,134.5794,10.86236157985546,10.957312292966085,10.78640100936696,10.805391151989086,11.43,12.57,10.29,False,False,True,True,True,True,False,False,False,False,False,False,False,False,False,False,True
000002.SZ,2025-01-03,000002,万科A,深圳,全国地产,主板,SZSE,L,1991-01-29,,7.17,7.18,6.96,7.0,7.11,-0.11,-1.5471,1124915.16,795154.845,181.704,181.704,7.17,7.18,6.96,7.0,7.11,7.82,6.4,False,False,True,True,True,True,False,False,False,False,False,False,False,False,False,False,True
000004.SZ,2025-01-03,000004,国华退,,,主板,SZSE,D,1990-12-01,2026-07-14,14.2,14.4,12.76,12.8,14.18,-1.38,-9.732,123929.75,164927.377,4.064,4.064,14.2,14.4,12.76,12.8,14.18,15.6,12.76,False,False,True,True,True,True,False,False,False,False,False,False,False,False,False,False,True
000006.SZ,2025-01-03,000006,深振业A,深圳,区域地产,主板,SZSE,L,1992-04-27,,7.3,7.45,6.86,6.91,7.25,-0.34,-4.6897,392405.05,275530.027,39.74,39.74,7.300000000000001,7.450000000000001,6.859999999999999,6.91,7.25,7.98,6.53,False,False,True,True,True,True,False,False,False,False,False,False,False,False,False,False,True
000007.SZ,2025-01-03,000007,全新好,深圳,其他商业,主板,SZSE,L,1992-04-13,,6.99,7.02,6.6,6.6,7.02,-0.42,-5.9829,79353.0,53622.184,8.284,8.284,6.99,7.02,6.6,6.6,7.02,7.72,6.32,False,False,True,True,True,True,False,False,False,False,False,False,False,False,False,False,True
000008.SZ,2025-01-03,000008,神州高铁,北京,运输设备,主板,SZSE,L,1992-05-07,,2.84,2.85,2.63,2.65,2.84,-0.19,-6.6901,1177823.73,319412.025,22.408,22.408,2.84,2.85,2.63,2.65,2.84,3.12,2.56,False,False,True,True,True,True,False,False,False,False,False,False,False,False,False,False,True
000009.SZ,2025-01-03,000009,中国宝安,深圳,电气设备,主板,SZSE,L,1991-06-25,,8.9,8.97,8.68,8.72,8.9,-0.18,-2.0225,143679.27,126688.166,8.977,9.0053,8.872030915127759,8.941810933561348,8.65272228576505,8.692596582012815,8.9,9.79,8.01,False,False,True,True,True,True,False,False,False,False,False,False,False,False,False,False,True
000010.SZ,2025-01-03,000010,*ST美丽,深圳,建筑工程,主板,SZSE,L,1995-10-27,,2.75,2.78,2.61,2.64,2.71,-0.07,-2.583,283047.16,75658.571,10.775,10.775,2.75,2.78,2.61,2.64,2.71,2.98,2.44,False,False,True,True,True,True,False,False,False,False,False,False,False,False,False,False,True
000011.SZ,2025-01-03,000011,深物业A,深圳,房产服务,主板,SZSE,L,1992-03-30,,8.55,8.68,8.27,8.27,8.62,-0.35,-4.0603,48118.09,40593.401,4.411,4.411,8.55,8.68,8.27,8.27,8.62,9.48,7.76,False,False,True,True,True,True,False,False,False,False,False,False,False,False,False,False,True
000012.SZ,2025-01-03,000012,南玻A,深圳,玻璃,主板,SZSE,L,1992-02-28,,5.16,5.22,5.06,5.08,5.14,-0.06,-1.1673,160820.37,82624.045,29.9276,30.3449,5.0890402011540665,5.1482150872139965,4.99041539105418,5.010140353074157,5.14,5.65,4.63,False,False,True,True,True,True,False,False,False,False,False,False,False,False,False,False,True
000001.SZ,2025-01-06,000001,平安银行,深圳,银行,主板,SZSE,L,1991-04-03,,11.38,11.48,11.22,11.44,11.38,0.06,0.5272,1085536.3,1234305.778,127.7841,134.5794,10.805391151989086,10.90034186509971,10.653470011012086,10.86236157985546,11.38,12.52,10.24,False,False,True,True,True,True,False,False,False,False,False,False,False,False,False,False,True
000002.SZ,2025-01-06,000002,万科A,深圳,全国地产,主板,SZSE,L,1991-01-29,,6.99,7.01,6.89,6.98,7.0,-0.02,-0.2857,850856.61,591154.773,181.704,181.704,6.990000000000001,7.01,6.89,6.98,7.0,7.7,6.3,False,False,True,True,True,True,False,False,False,False,False,False,False,False,False,False,True
000004.SZ,2025-01-06,000004,国华退,,,主板,SZSE,D,1990-12-01,2026-07-14,12.4,12.93,12.1,12.52,12.8,-0.28,-2.1875,84810.46,106111.266,4.064,4.064,12.4,12.93,12.1,12.52,12.8,14.08,11.52,False,False,True,True,True,True,False,False,False,False,False,False,False,False,False,False,True
000006.SZ,2025-01-06,000006,深振业A,深圳,区域地产,主板,SZSE,L,1992-04-27,,6.78,6.9,6.5,6.7,6.91,-0.21,-3.0391,321402.29,216461.997,39.74,39.74,6.78,6.9,6.5,6.700000000000001,6.91,7.6,6.22,False,False,True,True,True,True,False,False,False,False,False,False,False,False,False,False,True
000007.SZ,2025-01-06,000007,全新好,深圳,其他商业,主板,SZSE,L,1992-04-13,,6.61,6.74,6.39,6.63,6.6,0.03,0.4545,38070.66,25114.735,8.284,8.284,6.61,6.74,6.39,6.63,6.6,7.26,5.94,False,False,True,True,True,True,False,False,False,False,False,False,False,False,False,False,True
000008.SZ,2025-01-06,000008,神州高铁,北京,运输设备,主板,SZSE,L,1992-05-07,,2.61,2.71,2.55,2.58,2.65,-0.07,-2.6415,908432.13,236957.732,22.408,22.408,2.61,2.71,2.55,2.58,2.65,2.92,2.39,False,False,True,True,True,True,False,False,False,False,False,False,False,False,False,False,True
000009.SZ,2025-01-06,000009,中国宝安,深圳,电气设备,主板,SZSE,L,1991-06-25,,8.7,8.81,8.64,8.74,8.72,0.02,0.2294,108030.32,94111.507,8.977,9.0053,8.672659433888931,8.782313748570287,8.612847989517286,8.712533730136698,8.72,9.59,7.85,False,False,True,True,True,True,False,False,False,False,False,False,False,False,False,False,True
000010.SZ,2025-01-06,000010,*ST美丽,深圳,建筑工程,主板,SZSE,L,1995-10-27,,2.59,2.74,2.53,2.64,2.64,0.0,0.0,268367.18,70149.192,10.775,10.775,2.59,2.74,2.53,2.64,2.64,2.9,2.38,False,False,True,True,True,True,False,False,False,False,False,False,False,False,False,False,True
000011.SZ,2025-01-06,000011,深物业A,深圳,房产服务,主板,SZSE,L,1992-03-30,,8.28,8.41,8.15,8.3,8.27,0.03,0.3628,29201.33,24182.482,4.411,4.411,8.28,8.41,8.15,8.3,8.27,9.1,7.44,False,False,True,True,True,True,False,False,False,False,False,False,False,False,False,False,True
000012.SZ,2025-01-06,000012,南玻A,深圳,玻璃,主板,SZSE,L,1992-02-28,,5.08,5.16,5.06,5.12,5.08,0.04,0.7874,127604.75,65223.298,29.9276,30.3449,5.010140353074157,5.0890402011540665,4.99041539105418,5.049590277114112,5.08,5.59,4.57,False,False,True,True,True,True,False,False,False,False,False,False,False,False,False,False,True
000001.SZ,2025-01-07,000001,平安银行,深圳,银行,主板,SZSE,L,1991-04-03,,11.42,11.53,11.37,11.51,11.44,0.07,0.6119,747862.88,858329.049,127.7841,134.5794,10.843371437233335,10.947817221655024,10.795896080678022,10.9288270790329,11.44,12.58,10.3,False,False,True,True,True,True,False,False,False,False,False,False,False,False,False,False,True
000002.SZ,2025-01-07,000002,万科A,深圳,全国地产,主板,SZSE,L,1991-01-29,,6.96,7.05,6.92,7.05,6.98,0.07,1.0029,720471.05,504087.513,181.704,181.704,6.96,7.05,6.919999999999999,7.05,6.98,7.68,6.28,False,False,True,True,True,True,False,False,False,False,False,False,False,False,False,False,True
000004.SZ,2025-01-07,000004,国华退,,,主板,SZSE,D,1990-12-01,2026-07-14,12.65,13.12,12.65,13.11,12.52,0.59,4.7125,86097.07,110966.824,4.064,4.064,12.65,13.12,12.65,13.11,12.52,13.77,11.27,False,False,True,True,True,True,False,False,False,False,False,False,False,False,False,False,True
000006.SZ,2025-01-07,000006,深振业A,深圳,区域地产,主板,SZSE,L,1992-04-27,,6.72,6.86,6.66,6.85,6.7,0.15,2.2388,236841.5,160237.518,39.74,39.74,6.72,6.859999999999999,6.66,6.85,6.7,7.37,6.03,False,False,True,True,True,True,False,False,False,False,False,False,False,False,False,False,True
000007.SZ,2025-01-07,000007,全新好,深圳,其他商业,主板,SZSE,L,1992-04-13,,6.63,6.93,6.58,6.93,6.63,0.3,4.5249,31994.9,21530.88,8.284,8.284,6.63,6.93,6.58,6.93,6.63,7.29,5.97,False,False,True,True,True,True,False,False,False,False,False,False,False,False,False,False,True
000008.SZ,2025-01-07,000008,神州高铁,北京,运输设备,主板,SZSE,L,1992-05-07,,2.6,2.66,2.59,2.66,2.58,0.08,3.1008,711488.54,186369.92,22.408,22.408,2.6,2.66,2.59,2.66,2.58,2.84,2.32,False,False,True,True,True,True,False,False,False,False,False,False,False,False,False,False,True
000009.SZ,2025-01-07,000009,中国宝安,深圳,电气设备,主板,SZSE,L,1991-06-25,,8.7,8.8,8.66,8.73,8.74,-0.01,-0.1144,101469.23,88586.233,8.977,9.0053,8.672659433888931,8.772345174508345,8.632785137641166,8.702565156074757,8.74,9.61,7.87,False,False,True,True,True,True,False,False,False,False,False,False,False,False,False,False,True
000010.SZ,2025-01-07,000010,*ST美丽,深圳,建筑工程,主板,SZSE,L,1995-10-27,,2.64,2.9,2.6,2.9,2.64,0.26,9.8485,506843.0,141152.295,10.775,10.775,2.64,2.9,2.6,2.9,2.64,2.9,2.38,False,False,True,True,True,True,False,False,False,False,False,False,False,False,True,False,True
000011.SZ,2025-01-07,000011,深物业A,深圳,房产服务,主板,SZSE,L,1992-03-30,,8.29,8.56,8.29,8.53,8.3,0.23,2.7711,35943.07,30311.409,4.411,4.411,8.29,8.56,8.29,8.53,8.3,9.13,7.47,False,False,True,True,True,True,False,False,False,False,False,False,False,False,False,False,True
000012.SZ,2025-01-07,000012,南玻A,深圳,玻璃,主板,SZSE,L,1992-02-28,,5.12,5.14,5.04,5.09,5.12,-0.03,-0.5859,114092.49,57969.424,29.9276,30.3449,5.049590277114112,5.069315239134089,4.970690429034204,5.0200028340841465,5.12,5.63,4.61,False,False,True,True,True,True,False,False,False,False,False,False,False,False,False,False,True
000001.SZ,2025-01-08,000001,平安银行,深圳,银行,主板,SZSE,L,1991-04-03,,11.5,11.63,11.4,11.5,11.51,-0.01,-0.0869,1062386.01,1223598.997,127.7841,134.5794,10.919332007721836,11.04276793476565,10.82438129461121,10.919332007721836,11.51,12.66,10.36,False,False,True,True,True,True,False,False,False,False,False,False,False,False,False,False,True
000002.SZ,2025-01-08,000002,万科A,深圳,全国地产,主板,SZSE,L,1991-01-29,,7.02,7.03,6.83,6.96,7.05,-0.09,-1.2766,912683.96,632775.676,181.704,181.704,7.02,7.03,6.83,6.96,7.05,7.76,6.35,False,False,True,True,True,True,False,False,False,False,False,False,False,False,False,False,True
000004.SZ,2025-01-08,000004,国华退,,,主板,SZSE,D,1990-12-01,2026-07-14,13.03,13.48,12.89,13.4,13.11,0.29,2.2121,99782.01,132231.151,4.064,4.064,13.03,13.48,12.89,13.4,13.11,14.42,11.8,False,False,True,True,True,True,False,False,False,False,False,False,False,False,False,False,True
000006.SZ,2025-01-08,000006,深振业A,深圳,区域地产,主板,SZSE,L,1992-04-27,,6.8,7.05,6.68,6.96,6.85,0.11,1.6058,366920.74,253004.65,39.74,39.74,6.800000000000001,7.050000000000001,6.680000000000001,6.959999999999999,6.85,7.54,6.17,False,False,True,True,True,True,False,False,False,False,False,False,False,False,False,False,True
000007.SZ,2025-01-08,000007,全新好,深圳,其他商业,主板,SZSE,L,1992-04-13,,6.93,7.0,6.7,6.93,6.93,0.0,0.0,38617.0,26524.725,8.284,8.284,6.93,7.0,6.7,6.93,6.93,7.62,6.24,False,False,True,True,True,True,False,False,False,False,False,False,False,False,False,False,True
000008.SZ,2025-01-08,000008,神州高铁,北京,运输设备,主板,SZSE,L,1992-05-07,,2.64,2.65,2.53,2.64,2.66,-0.02,-0.7519,874396.2,226959.518,22.408,22.408,2.64,2.65,2.53,2.64,2.66,2.93,2.39,False,False,True,True,True,True,False,False,False,False,False,False,False,False,False,False,True
000009.SZ,2025-01-08,000009,中国宝安,深圳,电气设备,主板,SZSE,L,1991-06-25,,8.73,8.73,8.43,8.63,8.73,-0.1,-1.1455,178207.21,152765.551,8.977,9.0053,8.702565156074757,8.702565156074757,8.403507934216517,8.602879415455345,8.73,9.6,7.86,False,False,True,True,True,True,False,False,False,False,False,False,False,False,False,False,True
000010.SZ,2025-01-08,000010,*ST美丽,深圳,建筑工程,主板,SZSE,L,1995-10-27,,2.92,3.04,2.8,2.96,2.9,0.06,2.069,606705.95,177861.793,10.775,10.775,2.92,3.04,2.8,2.96,2.9,3.19,2.61,False,False,True,True,True,True,False,False,False,False,False,False,False,False,False,False,True
000011.SZ,2025-01-08,000011,深物业A,深圳,房产服务,主板,SZSE,L,1992-03-30,,8.45,8.55,8.29,8.45,8.53,-0.08,-0.9379,31871.0,26826.321,4.411,4.411,8.45,8.55,8.29,8.45,8.53,9.38,7.68,False,False,True,True,True,True,False,False,False,False,False,False,False,False,False,False,True
000012.SZ,2025-01-08,000012,南玻A,深圳,玻璃,主板,SZSE,L,1992-02-28,,5.1,5.1,4.97,5.06,5.09,-0.03,-0.5894,134847.18,67929.527,29.9276,30.3449,5.029865315094135,5.029865315094135,4.901653061964284,4.99041539105418,5.09,5.6,4.58,False,False,True,True,True,True,False,False,False,False,False,False,False,False,False,False,True
000001.SZ,2025-01-09,000001,平安银行,深圳,银行,主板,SZSE,L,1991-04-03,,11.5,11.5,11.35,11.4,11.5,-0.1,-0.8696,751483.3,857836.086,127.7841,134.5794,10.919332007721836,10.919332007721836,10.776905938055897,10.82438129461121,11.5,12.65,10.35,False,False,True,True,True,True,False,False,False,False,False,False,False,False,False,False,True
000002.SZ,2025-01-09,000002,万科A,深圳,全国地产,主板,SZSE,L,1991-01-29,,6.93,7.01,6.91,6.95,6.96,-0.01,-0.1437,674686.02,469936.432,181.704,181.704,6.930000000000001,7.01,6.91,6.95,6.96,7.66,6.26,False,False,True,True,True,True,False,False,False,False,False,False,False,False,False,False,True
000004.SZ,2025-01-09,000004,国华退,,,主板,SZSE,D,1990-12-01,2026-07-14,13.36,13.53,13.21,13.26,13.4,-0.14,-1.0448,82884.3,110927.265,4.064,4.064,13.36,13.53,13.21,13.26,13.4,14.74,12.06,False,False,True,True,True,True,False,False,False,False,False,False,False,False,False,False,True
000006.SZ,2025-01-09,000006,深振业A,深圳,区域地产,主板,SZSE,L,1992-04-27,,6.88,6.99,6.81,6.9,6.96,-0.06,-0.8621,209080.67,144172.288,39.74,39.74,6.88,6.989999999999999,6.809999999999999,6.9,6.96,7.66,6.26,False,False,True,True,True,True,False,False,False,False,False,False,False,False,False,False,True
000007.SZ,2025-01-09,000007,全新好,深圳,其他商业,主板,SZSE,L,1992-04-13,,6.91,7.2,6.83,7.13,6.93,0.2,2.886,60121.0,42760.306,8.284,8.284,6.91,7.2,6.83,7.13,6.93,7.62,6.24,False,False,True,True,True,True,False,False,False,False,False,False,False,False,False,False,True
000008.SZ,2025-01-09,000008,神州高铁,北京,运输设备,主板,SZSE,L,1992-05-07,,2.62,2.68,2.59,2.65,2.64,0.01,0.3788,668381.23,176989.613,22.408,22.408,2.62,2.68,2.59,2.65,2.64,2.9,2.38,False,False,True,True,True,True,False,False,False,False,False,False,False,False,False,False,True
000009.SZ,2025-01-09,000009,中国宝安,深圳,电气设备,主板,SZSE,L,1991-06-25,,8.57,8.66,8.54,8.58,8.63,-0.05,-0.5794,111297.79,95622.704,8.977,9.0053,8.543067971083696,8.632785137641166,8.51316224889787,8.553036545145636,8.63,9.49,7.77,False,False,True,True,True,True,False,False,False,False,False,False,False,False,False,False,True
000010.SZ,2025-01-09,000010,*ST美丽,深圳,建筑工程,主板,SZSE,L,1995-10-27,,2.93,3.02,2.87,2.96,2.96,0.0,0.0,335011.0,98825.95,10.775,10.775,2.93,3.02,2.87,2.96,2.96,3.26,2.66,False,False,True,True,True,True,False,False,False,False,False,False,False,False,False,False,True
000011.SZ,2025-01-09,000011,深物业A,深圳,房产服务,主板,SZSE,L,1992-03-30,,8.45,8.48,8.37,8.43,8.45,-0.02,-0.2367,19760.38,16682.162,4.411,4.411,8.45,8.48,8.37,8.43,8.45,9.3,7.61,False,False,True,True,True,True,False,False,False,False,False,False,False,False,False,False,True
000012.SZ,2025-01-09,000012,南玻A,深圳,玻璃,主板,SZSE,L,1992-02-28,,5.06,5.06,4.99,4.99,5.06,-0.07,-1.3834,97296.31,48785.174,29.9276,30.3449,4.99041539105418,4.99041539105418,4.9213780239842615,4.9213780239842615,5.06,5.57,4.55,False,False,True,True,True,True,False,False,False,False,False,False,False,False,False,False,True
000001.SZ,2025-01-10,000001,平安银行,深圳,银行,主板,SZSE,L,1991-04-03,,11.4,11.46,11.28,11.3,11.4,-0.1,-0.8772,798133.51,905005.041,127.7841,134.5794,10.82438129461121,10.881351722477586,10.71044043887846,10.729430581500587,11.4,12.54,10.26,False,False,True,True,True,True,False,False,False,False,False,False,False,False,False,False,True
000002.SZ,2025-01-10,000002,万科A,深圳,全国地产,主板,SZSE,L,1991-01-29,,6.96,7.03,6.69,6.69,6.95,-0.26,-3.741,1338797.76,909001.068,181.704,181.704,6.96,7.03,6.69,6.69,6.95,7.65,6.26,False,False,True,True,True,True,False,False,False,False,False,False,False,False,False,False,True
000004.SZ,2025-01-10,000004,国华退,,,主板,SZSE,D,1990-12-01,2026-07-14,13.26,13.36,12.5,12.51,13.26,-0.75,-5.6561,82023.45,105864.325,4.064,4.064,13.26,13.36,12.5,12.51,13.26,14.59,11.93,False,False,True,True,True,True,False,False,False,False,False,False,False,False,False,False,True
000006.SZ,2025-01-10,000006,深振业A,深圳,区域地产,主板,SZSE,L,1992-04-27,,6.94,7.06,6.71,6.72,6.9,-0.18,-2.6087,245929.0,169348.735,39.74,39.74,6.94,7.059999999999999,6.709999999999999,6.72,6.9,7.59,6.21,False,False,True,True,True,True,False,False,False,False,False,False,False,False,False,False,True
000007.SZ,2025-01-10,000007,全新好,深圳,其他商业,主板,SZSE,L,1992-04-13,,7.05,7.08,6.76,6.77,7.13,-0.36,-5.0491,39853.5,27600.213,8.284,8.284,7.05,7.08,6.76,6.77,7.13,7.84,6.42,False,False,True,True,True,True,False,False,False,False,False,False,False,False,False,False,True
000008.SZ,2025-01-10,000008,神州高铁,北京,运输设备,主板,SZSE,L,1992-05-07,,2.64,2.86,2.58,2.71,2.65,0.06,2.2642,1534060.24,416832.463,22.408,22.408,2.64,2.8600000000000003,2.58,2.71,2.65,2.92,2.39,False,False,True,True,True,True,False,False,False,False,False,False,False,False,False,False,True
000009.SZ,2025-01-10,000009,中国宝安,深圳,电气设备,主板,SZSE,L,1991-06-25,,8.57,8.62,8.4,8.4,8.58,-0.18,-2.0979,122633.2,103976.202,8.977,9.0053,8.543067971083696,8.592910841393401,8.373602212030693,8.373602212030693,8.58,9.44,7.72,False,False,True,True,True,True,False,False,False,False,False,False,False,False,False,False,True
000010.SZ,2025-01-10,000010,*ST美丽,深圳,建筑工程,主板,SZSE,L,1995-10-27,,2.96,3.05,2.92,2.98,2.96,0.02,0.6757,399842.01,119444.983,10.775,10.775,2.96,3.0499999999999994,2.92,2.9800000000000004,2.96,3.26,2.66,False,False,True,True,True,True,False,False,False,False,False,False,False,False,False,False,True
000011.SZ,2025-01-10,000011,深物业A,深圳,房产服务,主板,SZSE,L,1992-03-30,,8.41,8.47,8.15,8.16,8.43,-0.27,-3.2028,41390.0,34305.517,4.411,4.411,8.41,8.47,8.15,8.16,8.43,9.27,7.59,False,False,True,True,True,True,False,False,False,False,False,False,False,False,False,False,True
000012.SZ,2025-01-10,000012,南玻A,深圳,玻璃,主板,SZSE,L,1992-02-28,,5.0,5.01,4.91,4.91,4.99,-0.08,-1.6032,91368.64,45229.393,29.9276,30.3449,4.93124050499425,4.941102986004238,4.842478175904354,4.842478175904354,4.99,5.49,4.49,False,False,True,True,True,True,False,False,False,False,False,False,False,False,False,False,True
000001.SZ,2025-01-13,000001,平安银行,深圳,银行,主板,SZSE,L,1991-04-03,,11.25,11.26,11.08,11.2,11.3,-0.1,-0.885,934966.18,1044904.416,127.7841,134.5794,10.681955224945273,10.691450296256336,10.520539012657212,10.63447986838996,11.3,12.43,10.17,False,False,True,True,True,True,False,False,False,False,False,False,False,False,False,False,True
000002.SZ,2025-01-13,000002,万科A,深圳,全国地产,主板,SZSE,L,1991-01-29,,6.6,6.77,6.55,6.76,6.69,0.07,1.0463,911146.92,611005.036,181.704,181.704,6.6,6.77,6.55,6.76,6.69,7.36,6.02,False,False,True,True,True,True,False,False,False,False,False,False,False,False,False,False,True
000004.SZ,2025-01-13,000004,国华退,,,主板,SZSE,D,1990-12-01,2026-07-14,12.39,12.51,11.87,12.47,12.51,-0.04,-0.3197,69987.0,86099.245,4.064,4.064,12.39,12.51,11.87,12.47,12.51,13.76,11.26,False,False,True,True,True,True,False,False,False,False,False,False,False,False,False,False,True
000006.SZ,2025-01-13,000006,深振业A,深圳,区域地产,主板,SZSE,L,1992-04-27,,6.55,6.68,6.31,6.63,6.72,-0.09,-1.3393,231848.73,151139.935,39.74,39.74,6.550000000000001,6.680000000000001,6.31,6.63,6.72,7.39,6.05,False,False,True,True,True,True,False,False,False,False,False,False,False,False,False,False,True
000007.SZ,2025-01-13,000007,全新好,深圳,其他商业,主板,SZSE,L,1992-04-13,,6.69,6.83,6.58,6.82,6.77,0.05,0.7386,30449.67,20435.487,8.284,8.284,6.69,6.83,6.58,6.82,6.77,7.45,6.09,False,False,True,True,True,True,False,False,False,False,False,False,False,False,False,False,True
000008.SZ,2025-01-13,000008,神州高铁,北京,运输设备,主板,SZSE,L,1992-05-07,,2.65,2.69,2.57,2.62,2.71,-0.09,-3.321,787479.06,205781.496,22.408,22.408,2.65,2.69,2.57,2.62,2.71,2.98,2.44,False,False,True,True,True,True,False,False,False,False,False,False,False,False,False,False,True
000009.SZ,2025-01-13,000009,中国宝安,深圳,电气设备,主板,SZSE,L,1991-06-25,,8.31,8.49,8.28,8.43,8.4,0.03,0.3571,97820.65,82257.208,8.977,9.0053,8.283885045473221,8.463319378588166,8.253979323287398,8.403507934216517,8.4,9.24,7.56,False,False,True,True,True,True,False,False,False,False,False,False,False,False,False,False,True
000010.SZ,2025-01-13,000010,*ST美丽,深圳,建筑工程,主板,SZSE,L,1995-10-27,,2.95,3.11,2.86,3.06,2.98,0.08,2.6846,487803.0,147966.308,10.775,10.775,2.95,3.11,2.86,3.0599999999999996,2.98,3.28,2.68,False,False,True,True,True,True,False,False,False,False,False,False,False,False,False,False,True
000011.SZ,2025-01-13,000011,深物业A,深圳,房产服务,主板,SZSE,L,1992-03-30,,8.1,8.22,7.95,8.22,8.16,0.06,0.7353,30008.07,24324.473,4.411,4.411,8.1,8.22,7.950000000000001,8.22,8.16,8.98,7.34,False,False,True,True,True,True,False,False,False,False,False,False,False,False,False,False,True
000012.SZ,2025-01-13,000012,南玻A,深圳,玻璃,主板,SZSE,L,1992-02-28,,4.89,4.95,4.81,4.93,4.91,0.02,0.4073,107321.51,52709.369,29.9276,30.3449,4.8227532138843765,4.881928099944307,4.743853365804468,4.862203137924331,4.91,5.4,4.42,False,False,True,True,True,True,False,False,False,False,False,False,False,False,False,False,True
000001.SZ,2025-01-14,000001,平安银行,深圳,银行,主板,SZSE,L,1991-04-03,,11.2,11.4,11.19,11.38,11.2,0.18,1.6071,824628.95,934467.766,127.7841,134.5794,10.63447986838996,10.82438129461121,10.624984797078898,10.805391151989086,11.2,12.32,10.08,False,False,True,True,True,True,False,False,False,False,False,False,False,False,False,False,True
000002.SZ,2025-01-14,000002,万科A,深圳,全国地产,主板,SZSE,L,1991-01-29,,6.76,6.93,6.75,6.91,6.76,0.15,2.2189,1116454.28,765177.082,181.704,181.704,6.76,6.930000000000001,6.749999999999999,6.91,6.76,7.44,6.08,False,False,True,True,True,True,False,False,False,False,False,False,False,False,False,False,True
000004.SZ,2025-01-14,000004,国华退,,,主板,SZSE,D,1990-12-01,2026-07-14,12.53,13.2,12.53,13.2,12.47,0.73,5.854,78520.0,101668.375,4.064,4.064,12.53,13.2,12.53,13.2,12.47,13.72,11.22,False,False,True,True,True,True,False,False,False,False,False,False,False,False,False,False,True
000006.SZ,2025-01-14,000006,深振业A,深圳,区域地产,主板,SZSE,L,1992-04-27,,6.63,6.88,6.6,6.86,6.63,0.23,3.4691,218837.94,148318.578,39.74,39.74,6.63,6.88,6.6,6.859999999999999,6.63,7.29,5.97,False,False,True,True,True,True,False,False,False,False,False,False,False,False,False,False,True
000007.SZ,2025-01-14,000007,全新好,深圳,其他商业,主板,SZSE,L,1992-04-13,,6.82,7.03,6.81,7.03,6.82,0.21,3.0792,38559.57,26768.652,8.284,8.284,6.82,7.03,6.81,7.03,6.82,7.5,6.14,False,False,True,True,True,True,False,False,False,False,False,False,False,False,False,False,True
000008.SZ,2025-01-14,000008,神州高铁,北京,运输设备,主板,SZSE,L,1992-05-07,,2.62,2.76,2.62,2.76,2.62,0.14,5.3435,1088188.79,294257.862,22.408,22.408,2.62,2.76,2.62,2.76,2.62,2.88,2.36,False,False,True,True,True,True,False,False,False,False,False,False,False,False,False,False,True
000009.SZ,2025-01-14,000009,中国宝安,深圳,电气设备,主板,SZSE,L,1991-06-25,,8.44,8.64,8.39,8.58,8.43,0.15,1.7794,187425.08,160005.258,8.977,9.0053,8.413476508278457,8.612847989517286,8.363633637968752,8.553036545145636,8.43,9.27,7.59,False,False,True,True,True,True,False,False,False,False,False,False,False,False,False,False,True
000010.SZ,2025-01-14,000010,*ST美丽,深圳,建筑工程,主板,SZSE,L,1995-10-27,,3.07,3.18,3.0,3.14,3.06,0.08,2.6144,482003.0,150216.913,10.775,10.775,3.0700000000000003,3.1800000000000006,3.0,3.14,3.06,3.37,2.75,False,False,True,True,True,True,False,False,False,False,False,False,False,False,False,False,True
000011.SZ,2025-01-14,000011,深物业A,深圳,房产服务,主板,SZSE,L,1992-03-30,,8.31,8.4,8.22,8.38,8.22,0.16,1.9465,41256.0,34313.738,4.411,4.411,8.31,8.4,8.22,8.38,8.22,9.04,7.4,False,False,True,True,True,True,False,False,False,False,False,False,False,False,False,False,True
000012.SZ,2025-01-14,000012,南玻A,深圳,玻璃,主板,SZSE,L,1992-02-28,,4.93,5.04,4.92,5.03,4.93,0.1,2.0284,159084.59,79299.77,29.9276,30.3449,4.862203137924331,4.970690429034204,4.852340656914342,4.960827948024216,4.93,5.42,4.44,False,False,True,True,True,True,False,False,False,False,False,False,False,False,False,False,True
000001.SZ,2025-01-15,000001,平安银行,深圳,银行,主板,SZSE,L,1991-04-03,,11.38,11.58,11.36,11.48,11.38,0.1,0.8787,1031630.82,1185403.653,127.7841,134.5794,10.805391151989086,10.995292578210336,10.78640100936696,10.90034186509971,11.38,12.52,10.24,False,False,True,True,True,True,False,False,False,False,False,False,False,False,False,False,True
000002.SZ,2025-01-15,000002,万科A,深圳,全国地产,主板,SZSE,L,1991-01-29,,6.88,6.96,6.79,6.86,6.91,-0.05,-0.7236,887294.29,608363.557,181.704,181.704,6.88,6.96,6.79,6.86,6.91,7.6,6.22,False,False,True,True,True,True,False,False,False,False,False,False,False,False,False,False,True
000004.SZ,2025-01-15,000004,国华退,,,主板,SZSE,D,1990-12-01,2026-07-14,13.57,13.9,13.28,13.42,13.2,0.22,1.6667,117410.0,158510.948,4.064,4.064,13.57,13.9,13.28,13.42,13.2,14.52,11.88,False,False,True,True,True,True,False,False,False,False,False,False,False,False,False,False,True
000006.SZ,2025-01-15,000006,深振业A,深圳,区域地产,主板,SZSE,L,1992-04-27,,6.84,6.96,6.74,6.78,6.86,-0.08,-1.1662,218676.39,149121.52,39.74,39.74,6.839999999999999,6.959999999999999,6.739999999999999,6.78,6.86,7.55,6.17,False,False,True,True,True,True,False,False,False,False,False,False,False,False,False,False,True
000007.SZ,2025-01-15,000007,全新好,深圳,其他商业,主板,SZSE,L,1992-04-13,,7.02,7.15,6.96,7.04,7.03,0.01,0.1422,44835.0,31659.627,8.284,8.284,7.02,7.15,6.96,7.04,7.03,7.73,6.33,False,False,True,True,True,True,False,False,False,False,False,False,False,False,False,False,True
000008.SZ,2025-01-15,000008,神州高铁,北京,运输设备,主板,SZSE,L,1992-05-07,,2.74,2.75,2.68,2.7,2.76,-0.06,-2.1739,677443.0,183127.751,22.408,22.408,2.74,2.75,2.68,2.7,2.76,3.04,2.48,False,False,True,True,True,True,False,False,False,False,False,False,False,False,False,False,True
000009.SZ,2025-01-15,000009,中国宝安,深圳,电气设备,主板,SZSE,L,1991-06-25,,8.62,8.79,8.45,8.61,8.58,0.03,0.3497,236632.9,204164.272,8.977,9.0053,8.592910841393401,8.762376600446403,8.423445082340399,8.58294226733146,8.58,9.44,7.72,False,False,True,True,True,True,False,False,False,False,False,False,False,False,False,False,True
000010.SZ,2025-01-15,000010,*ST美丽,深圳,建筑工程,主板,SZSE,L,1995-10-27,,3.13,3.13,2.97,3.0,3.14,-0.14,-4.4586,367350.0,111104.269,10.775,10.775,3.13,3.13,2.97,3.0,3.14,3.45,2.83,False,False,True,True,True,True,False,False,False,False,False,False,False,False,False,False,True
000011.SZ,2025-01-15,000011,深物业A,深圳,房产服务,主板,SZSE,L,1992-03-30,,8.35,8.57,8.27,8.39,8.38,0.01,0.1193,35166.0,29523.034,4.411,4.411,8.35,8.57,8.27,8.39,8.38,9.22,7.54,False,False,True,True,True,True,False,False,False,False,False,False,False,False,False,False,True
000012.SZ,2025-01-15,000012,南玻A,深圳,玻璃,主板,SZSE,L,1992-02-28,,5.04,5.07,4.98,5.06,5.03,0.03,0.5964,134497.63,67562.16,29.9276,30.3449,4.970690429034204,5.000277872064169,4.911515542974273,4.99041539105418,5.03,5.53,4.53,False,False,True,True,True,True,False,False,False,False,False,False,False,False,False,False,True
000001.SZ,2025-01-16,000001,平安银行,深圳,银行,主板,SZSE,L,1991-04-03,,11.55,11.59,11.47,11.57,11.48,0.09,0.784,872963.99,1007689.274,127.7841,134.5794,10.966807364277148,11.004787649521399,10.890846793788649,10.985797506899274,11.48,12.63,10.33,False,False,True,True,True,True,False,False,False,False,False,False,False,False,False,False,True
000002.SZ,2025-01-16,000002,万科A,深圳,全国地产,主板,SZSE,L,1991-01-29,,6.9,7.07,6.84,6.88,6.86,0.02,0.2915,1110545.28,771648.218,181.704,181.704,6.9,7.07,6.84,6.88,6.86,7.55,6.17,False,False,True,True,True,True,False,False,False,False,False,False,False,False,False,False,True
000004.SZ,2025-01-16,000004,国华退,,,主板,SZSE,D,1990-12-01,2026-07-14,13.56,13.84,13.36,13.59,13.42,0.17,1.2668,95929.01,130617.43,4.064,4.064,13.56,13.84,13.36,13.59,13.42,14.76,12.08,False,False,True,True,True,True,False,False,False,False,False,False,False,False,False,False,True
000006.SZ,2025-01-16,000006,深振业A,深圳,区域地产,主板,SZSE,L,1992-04-27,,6.79,7.0,6.79,6.87,6.78,0.09,1.3274,212780.52,146433.956,39.74,39.74,6.79,7.0,6.79,6.87,6.78,7.46,6.1,False,False,True,True,True,True,False,False,False,False,False,False,False,False,False,False,True
000007.SZ,2025-01-16,000007,全新好,深圳,其他商业,主板,SZSE,L,1992-04-13,,7.04,7.15,7.0,7.08,7.04,0.04,0.5682,42008.34,29752.91,8.284,8.284,7.04,7.15,7.0,7.08,7.04,7.74,6.34,False,False,True,True,True,True,False,False,False,False,False,False,False,False,False,False,True
000008.SZ,2025-01-16,000008,神州高铁,北京,运输设备,主板,SZSE,L,1992-05-07,,2.71,2.77,2.68,2.72,2.7,0.02,0.7407,690799.0,188358.081,22.408,22.408,2.71,2.77,2.68,2.72,2.7,2.97,2.43,False,False,True,True,True,True,False,False,False,False,False,False,False,False,False,False,True
000009.SZ,2025-01-16,000009,中国宝安,深圳,电气设备,主板,SZSE,L,1991-06-25,,8.64,8.85,8.61,8.65,8.61,0.04,0.4646,155149.71,135283.068,8.977,9.0053,8.612847989517286,8.822188044818052,8.58294226733146,8.622816563579226,8.61,9.47,7.75,False,False,True,True,True,True,False,False,False,False,False,False,False,False,False,False,True
000010.SZ,2025-01-16,000010,*ST美丽,深圳,建筑工程,主板,SZSE,L,1995-10-27,,2.98,3.02,2.88,2.94,3.0,-0.06,-2.0,409340.01,120509.429,10.775,10.775,2.9800000000000004,3.02,2.88,2.94,3.0,3.3,2.7,False,False,True,True,True,True,False,False,False,False,False,False,False,False,False,False,True
000011.SZ,2025-01-16,000011,深物业A,深圳,房产服务,主板,SZSE,L,1992-03-30,,8.38,8.52,8.33,8.37,8.39,-0.02,-0.2384,34046.31,28699.348,4.411,4.411,8.38,8.52,8.33,8.37,8.39,9.23,7.55,False,False,True,True,True,True,False,False,False,False,False,False,False,False,False,False,True
000012.SZ,2025-01-16,000012,南玻A,深圳,玻璃,主板,SZSE,L,1992-02-28,,5.05,5.13,5.03,5.08,5.06,0.02,0.3953,125644.22,63815.581,29.9276,30.3449,4.980552910044191,5.059452758124101,4.960827948024216,5.010140353074157,5.06,5.57,4.55,False,False,True,True,True,True,False,False,False,False,False,False,False,False,False,False,True
000001.SZ,2025-01-17,000001,平安银行,深圳,银行,主板,SZSE,L,1991-04-03,,11.53,11.55,11.42,11.45,11.57,-0.12,-1.0372,689764.86,791230.419,127.7841,134.5794,10.947817221655024,10.966807364277148,10.843371437233335,10.871856651166523,11.57,12.73,10.41,False,False,True,True,True,True,False,False,False,False,False,False,False,False,False,False,True
000002.SZ,2025-01-17,000002,万科A,深圳,全国地产,主板,SZSE,L,1991-01-29,,6.58,6.65,6.45,6.63,6.88,-0.25,-3.6337,3620282.75,2369977.993,181.704,181.704,6.579999999999999,6.650000000000001,6.45,6.629999999999999,6.88,7.57,6.19,False,False,True,True,True,True,False,False,False,False,False,False,False,False,False,False,True
000004.SZ,2025-01-17,000004,国华退,,,主板,SZSE,D,1990-12-01,2026-07-14,13.48,13.54,13.19,13.3,13.59,-0.29,-2.1339,69347.0,92345.381,4.064,4.064,13.48,13.54,13.19,13.3,13.59,14.95,12.23,False,False,True,True,True,True,False,False,False,False,False,False,False,False,False,False,True
000006.SZ,2025-01-17,000006,深振业A,深圳,区域地产,主板,SZSE,L,1992-04-27,,6.77,6.83,6.66,6.8,6.87,-0.07,-1.0189,201219.96,136090.931,39.74,39.74,6.77,6.830000000000001,6.66,6.800000000000001,6.87,7.56,6.18,False,False,True,True,True,True,False,False,False,False,False,False,False,False,False,False,True
000007.SZ,2025-01-17,000007,全新好,深圳,其他商业,主板,SZSE,L,1992-04-13,,7.01,7.23,6.98,7.1,7.08,0.02,0.2825,50815.34,36213.389,8.284,8.284,7.01,7.23,6.98,7.1,7.08,7.79,6.37,False,False,True,True,True,True,False,False,False,False,False,False,False,False,False,False,True
000008.SZ,2025-01-17,000008,神州高铁,北京,运输设备,主板,SZSE,L,1992-05-07,,2.7,2.71,2.66,2.69,2.72,-0.03,-1.1029,463244.0,124460.114,22.408,22.408,2.7,2.71,2.66,2.69,2.72,2.99,2.45,False,False,True,True,True,True,False,False,False,False,False,False,False,False,False,False,True
000009.SZ,2025-01-17,000009,中国宝安,深圳,电气设备,主板,SZSE,L,1991-06-25,,8.62,8.69,8.58,8.66,8.65,0.01,0.1156,88403.44,76362.5,8.977,9.0053,8.592910841393401,8.662690859826991,8.553036545145636,8.632785137641166,8.65,9.52,7.79,False,False,True,True,True,True,False,False,False,False,False,False,False,False,False,False,True
000010.SZ,2025-01-17,000010,*ST美丽,深圳,建筑工程,主板,SZSE,L,1995-10-27,,2.91,2.96,2.86,2.92,2.94,-0.02,-0.6803,210869.0,61318.076,10.775,10.775,2.91,2.96,2.86,2.92,2.94,3.23,2.65,False,False,True,True,True,True,False,False,False,False,False,False,False,False,False,False,True
000011.SZ,2025-01-17,000011,深物业A,深圳,房产服务,主板,SZSE,L,1992-03-30,,8.33,8.5,8.27,8.39,8.37,0.02,0.2389,30920.01,25939.736,4.411,4.411,8.33,8.5,8.27,8.39,8.37,9.21,7.53,False,False,True,True,True,True,False,False,False,False,False,False,False,False,False,False,True
000012.SZ,2025-01-17,000012,南玻A,深圳,玻璃,主板,SZSE,L,1992-02-28,,5.05,5.11,5.03,5.09,5.08,0.01,0.1969,84481.41,42984.125,29.9276,30.3449,4.980552910044191,5.039727796104124,4.960827948024216,5.0200028340841465,5.08,5.59,4.57,False,False,True,True,True,True,False,False,False,False,False,False,False,False,False,False,True
000001.SZ,2025-01-20,000001,平安银行,深圳,银行,主板,SZSE,L,1991-04-03,,11.5,11.52,11.4,11.42,11.45,-0.03,-0.262,832029.13,953092.179,127.7841,134.5794,10.919332007721836,10.93832215034396,10.82438129461121,10.843371437233335,11.45,12.6,10.31,False,False,True,True,True,True,False,False,False,False,False,False,False,False,False,False,True
000002.SZ,2025-01-20,000002,万科A,深圳,全国地产,主板,SZSE,L,1991-01-29,,6.6,6.94,6.48,6.85,6.63,0.22,3.3183,2988167.47,2009728.944,181.704,181.704,6.6,6.940000000000001,6.480000000000001,6.85,6.63,7.29,5.97,False,False,True,True,True,True,False,False,False,False,False,False,False,False,False,False,True
000004.SZ,2025-01-20,000004,国华退,,,主板,SZSE,D,1990-12-01,2026-07-14,11.97,11.97,11.97,11.97,13.3,-1.33,-10.0,44590.0,53374.23,4.064,4.064,11.97,11.97,11.97,11.97,13.3,14.63,11.97,False,False,True,True,True,True,False,False,False,False,False,False,False,True,False,True,False
000006.SZ,2025-01-20,000006,深振业A,深圳,区域地产,主板,SZSE,L,1992-04-27,,6.9,7.48,6.7,7.48,6.8,0.68,10.0,400798.22,291054.654,39.74,39.74,6.9,7.480000000000001,6.700000000000001,7.480000000000001,6.8,7.48,6.12,False,False,True,True,True,True,False,False,False,False,False,False,False,False,True,False,True
000007.SZ,2025-01-20,000007,全新好,深圳,其他商业,主板,SZSE,L,1992-04-13,,7.12,7.33,7.03,7.19,7.1,0.09,1.2676,65183.85,47183.57,8.284,8.284,7.12,7.33,7.03,7.19,7.1,7.81,6.39,False,False,True,True,True,True,False,False,False,False,False,False,False,False,False,False,True
000008.SZ,2025-01-20,000008,神州高铁,北京,运输设备,主板,SZSE,L,1992-05-07,,2.68,2.7,2.62,2.66,2.69,-0.03,-1.1152,584978.0,155244.01,22.408,22.408,2.68,2.7,2.62,2.66,2.69,2.96,2.42,False,False,True,True,True,True,False,False,False,False,False,False,False,False,False,False,True
000009.SZ,2025-01-20,000009,中国宝安,深圳,电气设备,主板,SZSE,L,1991-06-25,,8.71,8.85,8.67,8.72,8.66,0.06,0.6928,107580.98,93976.19,8.977,9.0053,8.682628007950875,8.822188044818052,8.642753711703108,8.692596582012815,8.66,9.53,7.79,False,False,True,True,True,True,False,False,False,False,False,False,False,False,False,False,True
000010.SZ,2025-01-20,000010,*ST美丽,深圳,建筑工程,主板,SZSE,L,1995-10-27,,2.95,3.0,2.89,2.9,2.92,-0.02,-0.6849,256138.0,75139.765,10.775,10.775,2.95,3.0,2.89,2.9,2.92,3.21,2.63,False,False,True,True,True,True,False,False,False,False,False,False,False,False,False,False,True
000011.SZ,2025-01-20,000011,深物业A,深圳,房产服务,主板,SZSE,L,1992-03-30,,8.39,8.62,8.25,8.56,8.39,0.17,2.0262,48809.07,41398.294,4.411,4.411,8.39,8.62,8.25,8.56,8.39,9.23,7.55,False,False,True,True,True,True,False,False,False,False,False,False,False,False,False,False,True
000012.SZ,2025-01-20,000012,南玻A,深圳,玻璃,主板,SZSE,L,1992-02-28,,5.06,5.09,4.92,4.93,5.09,-0.16,-3.1434,242900.92,120560.489,29.9276,30.3449,4.99041539105418,5.0200028340841465,4.852340656914342,4.862203137924331,5.09,5.6,4.58,False,False,True,True,True,True,False,False,False,False,False,False,False,False,False,False,True
000001.SZ,2025-01-21,000001,平安银行,深圳,银行,主板,SZSE,L,1991-04-03,,11.45,11.45,11.32,11.33,11.42,-0.09,-0.7881,902068.94,1024879.174,127.7841,134.5794,10.871856651166523,10.871856651166523,10.748420724122711,10.757915795433773,11.42,12.56,10.28,False,False,True,True,True,True,False,False,False,False,False,False,False,False,False,False,True
000002.SZ,2025-01-21,000002,万科A,深圳,全国地产,主板,SZSE,L,1991-01-29,,6.84,7.54,6.82,7.36,6.85,0.51,7.4453,5849397.09,4290640.172,181.704,181.704,6.84,7.54,6.820000000000001,7.36,6.85,7.54,6.17,False,False,True,True,True,True,False,False,False,False,False,False,False,False,False,False,True
000004.SZ,2025-01-21,000004,国华退,,,主板,SZSE,D,1990-12-01,2026-07-14,11.25,11.82,11.25,11.45,11.97,-0.52,-4.3442,209233.0,238461.195,4.064,4.064,11.25,11.82,11.25,11.45,11.97,13.17,10.77,False,False,True,True,True,True,False,False,False,False,False,False,False,False,False,False,True
000006.SZ,2025-01-21,000006,深振业A,深圳,区域地产,主板,SZSE,L,1992-04-27,,7.36,8.23,7.25,7.58,7.48,0.1,1.3369,928768.09,724160.017,39.74,39.74,7.359999999999999,8.23,7.25,7.579999999999999,7.48,8.23,6.73,False,False,True,True,True,True,False,False,False,False,False,False,False,False,False,False,True
000007.SZ,2025-01-21,000007,全新好,深圳,其他商业,主板,SZSE,L,1992-04-13,,7.25,7.28,7.1,7.13,7.19,-0.06,-0.8345,39040.57,27908.295,8.284,8.284,7.25,7.28,7.1,7.13,7.19,7.91,6.47,False,False,True,True,True,True,False,False,False,False,False,False,False,False,False,False,True
000008.SZ,2025-01-21,000008,神州高铁,北京,运输设备,主板,SZSE,L,1992-05-07,,2.67,2.68,2.6,2.61,2.66,-0.05,-1.8797,515785.0,135405.726,22.408,22.408,2.67,2.68,2.6,2.61,2.66,2.93,2.39,False,False,True,True,True,True,False,False,False,False,False,False,False,False,False,False,True
000009.SZ,2025-01-21,000009,中国宝安,深圳,电气设备,主板,SZSE,L,1991-06-25,,8.8,8.83,8.6,8.64,8.72,-0.08,-0.9174,85851.74,74322.337,8.977,9.0053,8.772345174508345,8.80225089669417,8.57297369326952,8.612847989517286,8.72,9.59,7.85,False,False,True,True,True,True,False,False,False,False,False,False,False,False,False,False,True
000010.SZ,2025-01-21,000010,*ST美丽,深圳,建筑工程,主板,SZSE,L,1995-10-27,,2.89,3.06,2.88,2.96,2.9,0.06,2.069,363304.0,107852.855,10.775,10.775,2.89,3.0599999999999996,2.88,2.96,2.9,3.19,2.61,False,False,True,True,True,True,False,False,False,False,False,False,False,False,False,False,True
000011.SZ,2025-01-21,000011,深物业A,深圳,房产服务,主板,SZSE,L,1992-03-30,,8.54,8.76,8.47,8.5,8.56,-0.06,-0.7009,64328.0,55462.651,4.411,4.411,8.54,8.76,8.47,8.5,8.56,9.42,7.7,False,False,True,True,True,True,False,False,False,False,False,False,False,False,False,False,True
000012.SZ,2025-01-21,000012,南玻A,深圳,玻璃,主板,SZSE,L,1992-02-28,,4.93,4.96,4.87,4.91,4.93,-0.02,-0.4057,128213.36,62869.215,29.9276,30.3449,4.862203137924331,4.891790580954296,4.8030282518644,4.842478175904354,4.93,5.42,4.44,False,False,True,True,True,True,False,False,False,False,False,False,False,False,False,False,True
000001.SZ,2025-01-22,000001,平安银行,深圳,银行,主板,SZSE,L,1991-04-03,,11.32,11.33,11.08,11.09,11.33,-0.24,-2.1183,1347129.22,1504818.607,127.7841,134.5794,10.748420724122711,10.757915795433773,10.520539012657212,10.530034083968275,11.33,12.46,10.2,False,False,True,True,True,True,False,False,False,False,False,False,False,False,False,False,True
000002.SZ,2025-01-22,000002,万科A,深圳,全国地产,主板,SZSE,L,1991-01-29,,7.27,7.36,6.98,7.02,7.36,-0.34,-4.6196,3448727.8,2457396.391,181.704,181.704,7.2700000000000005,7.36,6.98,7.02,7.36,8.1,6.62,False,False,True,True,True,True,False,False,False,False,False,False,False,False,False,False,True
000004.SZ,2025-01-22,000004,国华退,,,主板,SZSE,D,1990-12-01,2026-07-14,11.09,11.2,10.7,10.8,11.45,-0.65,-5.6769,143337.51,155645.548,4.064,4.064,11.09,11.2,10.7,10.8,11.45,12.6,10.31,False,False,True,True,True,True,False,False,False,False,False,False,False,False,False,False,True
000006.SZ,2025-01-22,000006,深振业A,深圳,区域地产,主板,SZSE,L,1992-04-27,,7.1,7.35,6.98,7.03,7.58,-0.55,-7.2559,559390.23,399372.316,39.74,39.74,7.1,7.35,6.980000000000001,7.03,7.58,8.34,6.82,False,False,True,True,True,True,False,False,False,False,False,False,False,False,False,False,True
000007.SZ,2025-01-22,000007,全新好,深圳,其他商业,主板,SZSE,L,1992-04-13,,7.03,7.11,6.94,6.97,7.13,-0.16,-2.244,36341.67,25446.175,8.284,8.284,7.03,7.11,6.94,6.97,7.13,7.84,6.42,False,False,True,True,True,True,False,False,False,False,False,False,False,False,False,False,True
000008.SZ,2025-01-22,000008,神州高铁,北京,运输设备,主板,SZSE,L,1992-05-07,,2.61,2.61,2.55,2.56,2.61,-0.05,-1.9157,404834.6,103973.19,22.408,22.408,2.61,2.61,2.55,2.56,2.61,2.87,2.35,False,False,True,True,True,True,False,False,False,False,False,False,False,False,False,False,True
000009.SZ,2025-01-22,000009,中国宝安,深圳,电气设备,主板,SZSE,L,1991-06-25,,8.64,8.64,8.46,8.56,8.64,-0.08,-0.9259,103666.08,88498.864,8.977,9.0053,8.612847989517286,8.612847989517286,8.433413656402342,8.533099397021756,8.64,9.5,7.78,False,False,True,True,True,True,False,False,False,False,False,False,False,False,False,False,True
000010.SZ,2025-01-22,000010,*ST美丽,深圳,建筑工程,主板,SZSE,L,1995-10-27,,2.92,2.93,2.75,2.78,2.96,-0.18,-6.0811,326129.0,90991.542,10.775,10.775,2.92,2.93,2.75,2.78,2.96,3.26,2.66,False,False,True,True,True,True,False,False,False,False,False,False,False,False,False,False,True
000011.SZ,2025-01-22,000011,深物业A,深圳,房产服务,主板,SZSE,L,1992-03-30,,8.5,8.5,8.31,8.33,8.5,-0.17,-2.0,39333.0,32933.804,4.411,4.411,8.5,8.5,8.31,8.33,8.5,9.35,7.65,False,False,True,True,True,True,False,False,False,False,False,False,False,False,False,False,True
000012.SZ,2025-01-22,000012,南玻A,深圳,玻璃,主板,SZSE,L,1992-02-28,,4.9,4.91,4.86,4.9,4.91,-0.01,-0.2037,87356.36,42643.192,29.9276,30.3449,4.832615694894366,4.842478175904354,4.793165770854411,4.832615694894366,4.91,5.4,4.42,False,False,True,True,True,True,False,False,False,False,False,False,False,False,False,False,True
000001.SZ,2025-01-23,000001,平安银行,深圳,银行,主板,SZSE,L,1991-04-03,,11.17,11.4,11.17,11.32,11.09,0.23,2.0739,1514920.27,1715172.472,127.7841,134.5794,10.605994654456774,10.82438129461121,10.605994654456774,10.748420724122711,11.09,12.2,9.98,False,False,True,True,True,True,False,False,False,False,False,False,False,False,False,False,True
000002.SZ,2025-01-23,000002,万科A,深圳,全国地产,主板,SZSE,L,1991-01-29,,7.15,7.7,7.08,7.36,7.02,0.34,4.8433,4416581.31,3245710.622,181.704,181.704,7.15,7.7,7.08,7.36,7.02,7.72,6.32,False,False,True,True,True,True,False,False,False,False,False,False,False,False,False,False,True
000004.SZ,2025-01-23,000004,国华退,,,主板,SZSE,D,1990-12-01,2026-07-14,10.83,11.29,10.58,10.6,10.8,-0.2,-1.8519,123121.5,134778.076,4.064,4.064,10.83,11.29,10.58,10.6,10.8,11.88,9.72,False,False,True,True,True,True,False,False,False,False,False,False,False,False,False,False,True
000006.SZ,2025-01-23,000006,深振业A,深圳,区域地产,主板,SZSE,L,1992-04-27,,7.16,7.31,6.88,6.88,7.03,-0.15,-2.1337,453150.36,322820.712,39.74,39.74,7.16,7.309999999999999,6.88,6.88,7.03,7.73,6.33,False,False,True,True,True,True,False,False,False,False,False,False,False,False,False,False,True
000007.SZ,2025-01-23,000007,全新好,深圳,其他商业,主板,SZSE,L,1992-04-13,,7.01,7.17,6.93,6.96,6.97,-0.01,-0.1435,38623.44,27229.966,8.284,8.284,7.01,7.17,6.93,6.96,6.97,7.67,6.27,False,False,True,True,True,True,False,False,False,False,False,False,False,False,False,False,True
000008.SZ,2025-01-23,000008,神州高铁,北京,运输设备,主板,SZSE,L,1992-05-07,,2.59,2.66,2.56,2.56,2.56,0.0,0.0,585980.6,152836.105,22.408,22.408,2.59,2.66,2.56,2.56,2.56,2.82,2.3,False,False,True,True,True,True,False,False,False,False,False,False,False,False,False,False,True
000009.SZ,2025-01-23,000009,中国宝安,深圳,电气设备,主板,SZSE,L,1991-06-25,,8.65,8.77,8.52,8.53,8.56,-0.03,-0.3505,129813.41,112114.181,8.977,9.0053,8.622816563579226,8.742439452322522,8.493225100773987,8.503193674835929,8.56,9.42,7.7,False,False,True,True,True,True,False,False,False,False,False,False,False,False,False,False,True
000010.SZ,2025-01-23,000010,*ST美丽,深圳,建筑工程,主板,SZSE,L,1995-10-27,,2.79,2.9,2.74,2.76,2.78,-0.02,-0.7194,271337.0,76783.016,10.775,10.775,2.79,2.9,2.74,2.76,2.78,3.06,2.5,False,False,True,True,True,True,False,False,False,False,False,False,False,False,False,False,True
000011.SZ,2025-01-23,000011,深物业A,深圳,房产服务,主板,SZSE,L,1992-03-30,,8.13,8.28,8.08,8.09,8.33,-0.24,-2.8812,74531.88,60915.366,4.411,4.411,8.13,8.28,8.08,8.09,8.33,9.16,7.5,False,False,True,True,True,True,False,False,False,False,False,False,False,False,False,False,True
000012.SZ,2025-01-23,000012,南玻A,深圳,玻璃,主板,SZSE,L,1992-02-28,,4.93,4.98,4.92,4.94,4.9,0.04,0.8163,162352.3,80405.597,29.9276,30.3449,4.862203137924331,4.911515542974273,4.852340656914342,4.872065618934319,4.9,5.39,4.41,False,False,True,True,True,True,False,False,False,False,False,False,False,False,False,False,True
000001.SZ,2025-01-24,000001,平安银行,深圳,银行,主板,SZSE,L,1991-04-03,,11.32,11.39,11.22,11.34,11.32,0.02,0.1767,944944.21,1069899.088,127.7841,134.5794,10.748420724122711,10.814886223300148,10.653470011012086,10.767410866744836,11.32,12.45,10.19,False,False,True,True,True,True,False,False,False,False,False,False,False,False,False,False,True
000002.SZ,2025-01-24,000002,万科A,深圳,全国地产,主板,SZSE,L,1991-01-29,,7.33,7.54,7.21,7.39,7.36,0.03,0.4076,2555024.24,1885566.128,181.704,181.704,7.329999999999999,7.54,7.209999999999999,7.390000000000001,7.36,8.1,6.62,False,False,True,True,True,True,False,False,False,False,False,False,False,False,False,False,True
000004.SZ,2025-01-24,000004,国华退,,,主板,SZSE,D,1990-12-01,2026-07-14,10.5,10.68,10.35,10.53,10.6,-0.07,-0.6604,86430.01,90632.445,4.064,4.064,10.5,10.68,10.35,10.53,10.6,11.66,9.54,False,False,True,True,True,True,False,False,False,False,False,False,False,False,False,False,True
000006.SZ,2025-01-24,000006,深振业A,深圳,区域地产,主板,SZSE,L,1992-04-27,,6.89,7.1,6.74,7.05,6.88,0.17,2.4709,403265.04,279512.884,39.74,39.74,6.89,7.1,6.739999999999999,7.050000000000001,6.88,7.57,6.19,False,False,True,True,True,True,False,False,False,False,False,False,False,False,False,False,True
000007.SZ,2025-01-24,000007,全新好,深圳,其他商业,主板,SZSE,L,1992-04-13,,6.97,7.1,6.83,6.9,6.96,-0.06,-0.8621,47635.44,32994.383,8.284,8.284,6.97,7.1,6.83,6.9,6.96,7.66,6.26,False,False,True,True,True,True,False,False,False,False,False,False,False,False,False,False,True
000008.SZ,2025-01-24,000008,神州高铁,北京,运输设备,主板,SZSE,L,1992-05-07,,2.57,2.58,2.52,2.57,2.56,0.01,0.3906,454077.34,115635.397,22.408,22.408,2.57,2.58,2.52,2.57,2.56,2.82,2.3,False,False,True,True,True,True,False,False,False,False,False,False,False,False,False,False,True
000009.SZ,2025-01-24,000009,中国宝安,深圳,电气设备,主板,SZSE,L,1991-06-25,,8.54,8.63,8.51,8.54,8.53,0.01,0.1172,118421.43,101515.626,8.977,9.0053,8.51316224889787,8.602879415455345,8.483256526712047,8.51316224889787,8.53,9.38,7.68,False,False,True,True,True,True,False,False,False,False,False,False,False,False,False,False,True
000010.SZ,2025-01-24,000010,*ST美丽,深圳,建筑工程,主板,SZSE,L,1995-10-27,,2.76,2.78,2.69,2.77,2.76,0.01,0.3623,165481.0,45571.455,10.775,10.775,2.76,2.78,2.69,2.77,2.76,3.04,2.48,False,False,True,True,True,True,False,False,False,False,False,False,False,False,False,False,True
000011.SZ,2025-01-24,000011,深物业A,深圳,房产服务,主板,SZSE,L,1992-03-30,,8.03,8.14,8.01,8.1,8.09,0.01,0.1236,39822.96,32133.335,4.411,4.411,8.03,8.14,8.01,8.1,8.09,8.9,7.28,False,False,True,True,True,True,False,False,False,False,False,False,False,False,False,False,True
000012.SZ,2025-01-24,000012,南玻A,深圳,玻璃,主板,SZSE,L,1992-02-28,,4.95,4.97,4.9,4.95,4.94,0.01,0.2024,131301.39,64862.927,29.9276,30.3449,4.881928099944307,4.901653061964284,4.832615694894366,4.881928099944307,4.94,5.43,4.45,False,False,True,True,True,True,False,False,False,False,False,False,False,False,False,False,True
000001.SZ,2025-01-27,000001,平安银行,深圳,银行,主板,SZSE,L,1991-04-03,,11.38,11.55,11.38,11.47,11.34,0.13,1.1464,1151934.71,1324270.607,127.7841,134.5794,10.805391151989086,10.966807364277148,10.805391151989086,10.890846793788649,11.34,12.47,10.21,False,False,True,True,True,True,False,False,False,False,False,False,False,False,False,False,True
000002.SZ,2025-01-27,000002,万科A,深圳,全国地产,主板,SZSE,L,1991-01-29,,7.38,7.56,7.22,7.27,7.39,-0.12,-1.6238,2151753.29,1580357.769,181.704,181.704,7.38,7.5600000000000005,7.220000000000001,7.2700000000000005,7.39,8.13,6.65,False,False,True,True,True,True,False,False,False,False,False,False,False,False,False,False,True
000004.SZ,2025-01-27,000004,国华退,,,主板,SZSE,D,1990-12-01,2026-07-14,10.58,10.77,10.35,10.41,10.53,-0.12,-1.1396,69209.5,72925.019,4.064,4.064,10.58,10.77,10.35,10.41,10.53,11.58,9.48,False,False,True,True,True,True,False,False,False,False,False,False,False,False,False,False,True
000006.SZ,2025-01-27,000006,深振业A,深圳,区域地产,主板,SZSE,L,1992-04-27,,6.99,7.17,6.71,6.77,7.05,-0.28,-3.9716,303623.0,209665.102,39.74,39.74,6.989999999999999,7.17,6.709999999999999,6.77,7.05,7.76,6.35,False,False,True,True,True,True,False,False,False,False,False,False,False,False,False,False,True
000007.SZ,2025-01-27,000007,全新好,深圳,其他商业,主板,SZSE,L,1992-04-13,,6.95,7.13,6.91,6.95,6.9,0.05,0.7246,46303.1,32535.499,8.284,8.284,6.95,7.13,6.91,6.95,6.9,7.59,6.21,False,False,True,True,True,True,False,False,False,False,False,False,False,False,False,False,True
000008.SZ,2025-01-27,000008,神州高铁,北京,运输设备,主板,SZSE,L,1992-05-07,,2.58,2.61,2.52,2.52,2.57,-0.05,-1.9455,461239.6,118119.255,22.408,22.408,2.58,2.61,2.52,2.52,2.57,2.83,2.31,False,False,True,True,True,True,False,False,False,False,False,False,False,False,False,False,True
000009.SZ,2025-01-27,000009,中国宝安,深圳,电气设备,主板,SZSE,L,1991-06-25,,8.53,8.59,8.31,8.31,8.54,-0.23,-2.6932,197030.2,165998.31,8.977,9.0053,8.503193674835929,8.563005119207578,8.283885045473221,8.283885045473221,8.54,9.39,7.69,False,False,True,True,True,True,False,False,False,False,False,False,False,False,False,False,True
000010.SZ,2025-01-27,000010,*ST美丽,深圳,建筑工程,主板,SZSE,L,1995-10-27,,2.79,3.02,2.76,2.77,2.77,0.0,0.0,236718.0,67332.932,10.775,10.775,2.79,3.02,2.76,2.77,2.77,3.05,2.49,False,False,True,True,True,True,False,False,False,False,False,False,False,False,False,False,True
000011.SZ,2025-01-27,000011,深物业A,深圳,房产服务,主板,SZSE,L,1992-03-30,,8.09,8.27,8.09,8.1,8.1,0.0,0.0,36332.0,29715.97,4.411,4.411,8.09,8.27,8.09,8.1,8.1,8.91,7.29,False,False,True,True,True,True,False,False,False,False,False,False,False,False,False,False,True
000012.SZ,2025-01-27,000012,南玻A,深圳,玻璃,主板,SZSE,L,1992-02-28,,4.96,5.04,4.95,4.98,4.95,0.03,0.6061,120626.88,60318.922,29.9276,30.3449,4.891790580954296,4.970690429034204,4.881928099944307,4.911515542974273,4.95,5.45,4.46,False,False,True,True,True,True,False,False,False,False,False,False,False,False,False,False,True
000001.SZ,2025-02-05,000001,平安银行,深圳,银行,主板,SZSE,L,1991-04-03,,11.5,11.52,11.33,11.37,11.47,-0.1,-0.8718,843433.7,961193.579,127.7841,134.5794,10.919332007721836,10.93832215034396,10.757915795433773,10.795896080678022,11.47,12.62,10.32,False,False,True,True,True,True,False,False,False,False,False,False,False,False,False,False,True
000002.SZ,2025-02-05,000002,万科A,深圳,全国地产,主板,SZSE,L,1991-01-29,,7.05,7.18,6.88,6.97,7.27,-0.3,-4.1265,2765846.82,1931084.569,181.704,181.704,7.05,7.18,6.88,6.97,7.27,8.0,6.54,False,False,True,True,True,True,False,False,False,False,False,False,False,False,False,False,True
000004.SZ,2025-02-05,000004,国华退,,,主板,SZSE,D,1990-12-01,2026-07-14,10.65,11.45,10.62,11.45,10.41,1.04,9.9904,100505.47,112119.188,4.064,4.064,10.65,11.45,10.62,11.45,10.41,11.45,9.37,False,False,True,True,True,True,False,False,False,False,False,False,False,False,True,False,True
000006.SZ,2025-02-05,000006,深振业A,深圳,区域地产,主板,SZSE,L,1992-04-27,,6.7,6.94,6.5,6.75,6.77,-0.02,-0.2954,366680.02,243782.449,39.74,39.74,6.700000000000001,6.94,6.5,6.75,6.77,7.45,6.09,False,False,True,True,True,True,False,False,False,False,False,False,False,False,False,False,True
000007.SZ,2025-02-05,000007,全新好,深圳,其他商业,主板,SZSE,L,1992-04-13,,7.0,7.03,6.9,7.0,6.95,0.05,0.7194,38044.0,26474.93,8.284,8.284,7.0,7.03,6.9,7.0,6.95,7.65,6.26,False,False,True,True,True,True,False,False,False,False,False,False,False,False,False,False,True
000008.SZ,2025-02-05,000008,神州高铁,北京,运输设备,主板,SZSE,L,1992-05-07,,2.55,2.59,2.53,2.58,2.52,0.06,2.381,566340.83,145207.814,22.408,22.408,2.55,2.59,2.53,2.58,2.52,2.77,2.27,False,False,True,True,True,True,False,False,False,False,False,False,False,False,False,False,True
000009.SZ,2025-02-05,000009,中国宝安,深圳,电气设备,主板,SZSE,L,1991-06-25,,8.36,8.42,8.28,8.37,8.31,0.06,0.722,125831.02,104751.983,8.977,9.0053,8.333727915782928,8.393539360154577,8.253979323287398,8.343696489844868,8.31,9.14,7.48,False,False,True,True,True,True,False,False,False,False,False,False,False,False,False,False,True
000010.SZ,2025-02-05,000010,*ST美丽,深圳,建筑工程,主板,SZSE,L,1995-10-27,,2.83,2.99,2.78,2.92,2.77,0.15,5.4152,333974.0,96721.52,10.775,10.775,2.83,2.9899999999999998,2.78,2.92,2.77,3.05,2.49,False,False,True,True,True,True,False,False,False,False,False,False,False,False,False,False,True
000011.SZ,2025-02-05,000011,深物业A,深圳,房产服务,主板,SZSE,L,1992-03-30,,8.16,8.22,8.1,8.15,8.1,0.05,0.6173,22135.59,18013.818,4.411,4.411,8.16,8.22,8.1,8.15,8.1,8.91,7.29,False,False,True,True,True,True,False,False,False,False,False,False,False,False,False,False,True
000012.SZ,2025-02-05,000012,南玻A,深圳,玻璃,主板,SZSE,L,1992-02-28,,4.99,5.01,4.92,4.93,4.98,-0.05,-1.004,108777.78,53926.878,29.9276,30.3449,4.9213780239842615,4.941102986004238,4.852340656914342,4.862203137924331,4.98,5.48,4.48,False,False,True,True,True,True,False,False,False,False,False,False,False,False,False,False,True
000001.SZ,2025-02-06,000001,平安银行,深圳,银行,主板,SZSE,L,1991-04-03,,11.35,11.45,11.3,11.36,11.37,-0.01,-0.088,955603.25,1084793.176,127.7841,134.5794,10.776905938055897,10.871856651166523,10.729430581500587,10.78640100936696,11.37,12.51,10.23,False,False,True,True,True,True,False,False,False,False,False,False,False,False,False,False,True
000002.SZ,2025-02-06,000002,万科A,深圳,全国地产,主板,SZSE,L,1991-01-29,,6.97,7.16,6.92,7.02,6.97,0.05,0.7174,1868805.47,1316869.589,181.704,181.704,6.97,7.159999999999999,6.919999999999999,7.02,6.97,7.67,6.27,False,False,True,True,True,True,False,False,False,False,False,False,False,False,False,False,True
000004.SZ,2025-02-06,000004,国华退,,,主板,SZSE,D,1990-12-01,2026-07-14,11.62,12.17,11.56,11.88,11.45,0.43,3.7555,217442.47,257024.218,4.064,4.064,11.62,12.17,11.56,11.88,11.45,12.6,10.31,False,False,True,True,True,True,False,False,False,False,False,False,False,False,False,False,True
000006.SZ,2025-02-06,000006,深振业A,深圳,区域地产,主板,SZSE,L,1992-04-27,,6.76,6.88,6.65,6.83,6.75,0.08,1.1852,256377.99,173875.713,39.74,39.74,6.76,6.88,6.65,6.830000000000001,6.75,7.43,6.08,False,False,True,True,True,True,False,False,False,False,False,False,False,False,False,False,True
000007.SZ,2025-02-06,000007,全新好,深圳,其他商业,主板,SZSE,L,1992-04-13,,7.02,7.12,6.94,7.0,7.0,0.0,0.0,55139.0,38602.576,8.284,8.284,7.02,7.12,6.94,7.0,7.0,7.7,6.3,False,False,True,True,True,True,False,False,False,False,False,False,False,False,False,False,True
000008.SZ,2025-02-06,000008,神州高铁,北京,运输设备,主板,SZSE,L,1992-05-07,,2.58,2.73,2.58,2.67,2.58,0.09,3.4884,1024362.03,271732.889,22.408,22.408,2.58,2.73,2.58,2.67,2.58,2.84,2.32,False,False,True,True,True,True,False,False,False,False,False,False,False,False,False,False,True
000009.SZ,2025-02-06,000009,中国宝安,深圳,电气设备,主板,SZSE,L,1991-06-25,,8.34,8.55,8.29,8.5,8.37,0.13,1.5532,193929.16,164350.599,8.977,9.0053,8.313790767659045,8.523130822959814,8.263947897349338,8.473287952650107,8.37,9.21,7.53,False,False,True,True,True,True,False,False,False,False,False,False,False,False,False,False,True
000010.SZ,2025-02-06,000010,*ST美丽,深圳,建筑工程,主板,SZSE,L,1995-10-27,,2.93,2.94,2.8,2.9,2.92,-0.02,-0.6849,252095.0,72049.784,10.775,10.775,2.93,2.94,2.8,2.9,2.92,3.21,2.63,False,False,True,True,True,True,False,False,False,False,False,False,False,False,False,False,True
000011.SZ,2025-02-06,000011,深物业A,深圳,房产服务,主板,SZSE,L,1992-03-30,,8.1,8.18,7.97,8.18,8.15,0.03,0.3681,49757.07,40242.758,4.411,4.411,8.1,8.18,7.969999999999999,8.18,8.15,8.97,7.34,False,False,True,True,True,True,False,False,False,False,False,False,False,False,False,False,True
000012.SZ,2025-02-06,000012,南玻A,深圳,玻璃,主板,SZSE,L,1992-02-28,,4.92,4.97,4.89,4.96,4.93,0.03,0.6085,92085.6,45465.612,29.9276,30.3449,4.852340656914342,4.901653061964284,4.8227532138843765,4.891790580954296,4.93,5.42,4.44,False,False,True,True,True,True,False,False,False,False,False,False,False,False,False,False,True
000001.SZ,2025-02-07,000001,平安银行,深圳,银行,主板,SZSE,L,1991-04-03,,11.36,11.45,11.31,11.38,11.36,0.02,0.1761,1407492.62,1601621.98,127.7841,134.5794,10.78640100936696,10.871856651166523,10.738925652811648,10.805391151989086,11.36,12.5,10.22,False,False,True,True,True,True,False,False,False,False,False,False,False,False,False,False,True
000002.SZ,2025-02-07,000002,万科A,深圳,全国地产,主板,SZSE,L,1991-01-29,,7.05,7.65,7.01,7.42,7.02,0.4,5.698,3269215.82,2417401.435,181.704,181.704,7.05,7.65,7.01,7.42,7.02,7.72,6.32,False,False,True,True,True,True,False,False,False,False,False,False,False,False,False,False,True
000004.SZ,2025-02-07,000004,国华退,,,主板,SZSE,D,1990-12-01,2026-07-14,11.88,13.07,11.8,12.7,11.88,0.82,6.9024,220911.46,277873.724,4.064,4.064,11.88,13.07,11.8,12.7,11.88,13.07,10.69,False,False,True,True,True,True,False,False,False,False,False,False,False,False,False,False,True
000006.SZ,2025-02-07,000006,深振业A,深圳,区域地产,主板,SZSE,L,1992-04-27,,6.8,7.12,6.8,6.97,6.83,0.14,2.0498,331227.99,231726.933,39.74,39.74,6.800000000000001,7.12,6.800000000000001,6.97,6.83,7.51,6.15,False,False,True,True,True,True,False,False,False,False,False,False,False,False,False,False,True
000007.SZ,2025-02-07,000007,全新好,深圳,其他商业,主板,SZSE,L,1992-04-13,,7.01,7.1,6.86,6.95,7.0,-0.05,-0.7143,83418.72,58293.735,8.284,8.284,7.01,7.1,6.86,6.95,7.0,7.7,6.3,False,False,True,True,True,True,False,False,False,False,False,False,False,False,False,False,True
000008.SZ,2025-02-07,000008,神州高铁,北京,运输设备,主板,SZSE,L,1992-05-07,,2.66,2.76,2.65,2.71,2.67,0.04,1.4981,1078208.87,292514.626,22.408,22.408,2.66,2.76,2.65,2.71,2.67,2.94,2.4,False,False,True,True,True,True,False,False,False,False,False,False,False,False,False,False,True
000009.SZ,2025-02-07,000009,中国宝安,深圳,电气设备,主板,SZSE,L,1991-06-25,,8.54,8.72,8.49,8.62,8.5,0.12,1.4118,268804.66,231166.07,8.977,9.0053,8.51316224889787,8.692596582012815,8.463319378588166,8.592910841393401,8.5,9.35,7.65,False,False,True,True,True,True,False,False,False,False,False,False,False,False,False,False,True
000010.SZ,2025-02-07,000010,*ST美丽,深圳,建筑工程,主板,SZSE,L,1995-10-27,,2.88,2.95,2.86,2.91,2.9,0.01,0.3448,220004.0,64067.733,10.775,10.775,2.88,2.95,2.86,2.91,2.9,3.19,2.61,False,False,True,True,True,True,False,False,False,False,False,False,False,False,False,False,True
000011.SZ,2025-02-07,000011,深物业A,深圳,房产服务,主板,SZSE,L,1992-03-30,,8.15,8.34,8.13,8.27,8.18,0.09,1.1002,58525.32,48397.099,4.411,4.411,8.15,8.34,8.13,8.27,8.18,9.0,7.36,False,False,True,True,True,True,False,False,False,False,False,False,False,False,False,False,True
000012.SZ,2025-02-07,000012,南玻A,深圳,玻璃,主板,SZSE,L,1992-02-28,,4.95,5.08,4.94,5.06,4.96,0.1,2.0161,195638.76,98534.167,29.9276,30.3449,4.881928099944307,5.010140353074157,4.872065618934319,4.99041539105418,4.96,5.46,4.46,False,False,True,True,True,True,False,False,False,False,False,False,False,False,False,False,True
000001.SZ,2025-02-10,000001,平安银行,深圳,银行,主板,SZSE,L,1991-04-03,,11.38,11.5,11.36,11.43,11.38,0.05,0.4394,1026590.93,1174044.624,127.7841,134.5794,10.805391151989086,10.919332007721836,10.78640100936696,10.852866508544398,11.38,12.52,10.24,False,False,True,True,True,True,False,False,False,False,False,False,False,False,False,False,True
000002.SZ,2025-02-10,000002,万科A,深圳,全国地产,主板,SZSE,L,1991-01-29,,7.39,7.45,7.27,7.42,7.42,0.0,0.0,1862257.73,1370839.101,181.704,181.704,7.390000000000001,7.449999999999999,7.2700000000000005,7.42,7.42,8.16,6.68,False,False,True,True,True,True,False,False,False,False,False,False,False,False,False,False,True
000004.SZ,2025-02-10,000004,国华退,,,主板,SZSE,D,1990-12-01,2026-07-14,12.95,13.97,12.6,13.97,12.7,1.27,10.0,194050.0,259610.794,4.064,4.064,12.95,13.97,12.6,13.97,12.7,13.97,11.43,False,False,True,True,True,True,False,False,False,False,False,False,False,False,True,False,True
000006.SZ,2025-02-10,000006,深振业A,深圳,区域地产,主板,SZSE,L,1992-04-27,,6.91,7.29,6.91,7.28,6.97,0.31,4.4476,407276.7,289987.123,39.74,39.74,6.91,7.29,6.91,7.28,6.97,7.67,6.27,False,False,True,True,True,True,False,False,False,False,False,False,False,False,False,False,True
000007.SZ,2025-02-10,000007,全新好,深圳,其他商业,主板,SZSE,L,1992-04-13,,7.0,7.02,6.86,6.91,6.95,-0.04,-0.5755,67229.0,46460.423,8.284,8.284,7.0,7.02,6.86,6.91,6.95,7.65,6.26,False,False,True,True,True,True,False,False,False,False,False,False,False,False,False,False,True
000008.SZ,2025-02-10,000008,神州高铁,北京,运输设备,主板,SZSE,L,1992-05-07,,2.73,2.78,2.71,2.78,2.71,0.07,2.583,996003.26,273197.184,22.408,22.408,2.73,2.78,2.71,2.78,2.71,2.98,2.44,False,False,True,True,True,True,False,False,False,False,False,False,False,False,False,False,True
000009.SZ,2025-02-10,000009,中国宝安,深圳,电气设备,主板,SZSE,L,1991-06-25,,8.64,8.67,8.48,8.54,8.62,-0.08,-0.9281,273503.13,233575.714,8.977,9.0053,8.612847989517286,8.642753711703108,8.453350804526224,8.51316224889787,8.62,9.48,7.76,False,False,True,True,True,True,False,False,False,False,False,False,False,False,False,False,True
000010.SZ,2025-02-10,000010,*ST美丽,深圳,建筑工程,主板,SZSE,L,1995-10-27,,2.89,3.0,2.89,2.98,2.91,0.07,2.4055,266854.0,79062.509,10.775,10.775,2.89,3.0,2.89,2.9800000000000004,2.91,3.2,2.62,False,False,True,True,True,True,False,False,False,False,False,False,False,False,False,False,True
000011.SZ,2025-02-10,000011,深物业A,深圳,房产服务,主板,SZSE,L,1992-03-30,,8.33,8.49,8.25,8.48,8.27,0.21,2.5393,54314.0,45693.705,4.411,4.411,8.33,8.49,8.25,8.48,8.27,9.1,7.44,False,False,True,True,True,True,False,False,False,False,False,False,False,False,False,False,True
000012.SZ,2025-02-10,000012,南玻A,深圳,玻璃,主板,SZSE,L,1992-02-28,,5.06,5.07,5.01,5.03,5.06,-0.03,-0.5929,143061.76,72035.766,29.9276,30.3449,4.99041539105418,5.000277872064169,4.941102986004238,4.960827948024216,5.06,5.57,4.55,False,False,True,True,True,True,False,False,False,False,False,False,False,False,False,False,True
000001.SZ,2025-02-11,000001,平安银行,深圳,银行,主板,SZSE,L,1991-04-03,,11.4,11.47,11.37,11.42,11.43,-0.01,-0.0875,844520.03,963865.615,127.7841,134.5794,10.82438129461121,10.890846793788649,10.795896080678022,10.843371437233335,11.43,12.57,10.29,False,False,True,True,True,True,False,False,False,False,False,False,False,False,False,False,True
000002.SZ,2025-02-11,000002,万科A,深圳,全国地产,主板,SZSE,L,1991-01-29,,7.46,7.54,7.22,7.24,7.42,-0.18,-2.4259,1736090.54,1268761.11,181.704,181.704,7.46,7.54,7.220000000000001,7.24,7.42,8.16,6.68,False,False,True,True,True,True,False,False,False,False,False,False,False,False,False,False,True
000004.SZ,2025-02-11,000004,国华退,,,主板,SZSE,D,1990-12-01,2026-07-14,14.25,14.59,13.67,13.7,13.97,-0.27,-1.9327,270321.95,379106.75,4.064,4.064,14.25,14.59,13.67,13.7,13.97,15.37,12.57,False,False,True,True,True,True,False,False,False,False,False,False,False,False,False,False,True
000006.SZ,2025-02-11,000006,深振业A,深圳,区域地产,主板,SZSE,L,1992-04-27,,7.28,7.35,7.02,7.04,7.28,-0.24,-3.2967,303697.31,215991.561,39.74,39.74,7.28,7.35,7.0200000000000005,7.04,7.28,8.01,6.55,False,False,True,True,True,True,False,False,False,False,False,False,False,False,False,False,True
000007.SZ,2025-02-11,000007,全新好,深圳,其他商业,主板,SZSE,L,1992-04-13,,6.9,6.9,6.69,6.73,6.91,-0.18,-2.6049,66523.0,44914.83,8.284,8.284,6.9,6.9,6.69,6.73,6.91,7.6,6.22,False,False,True,True,True,True,False,False,False,False,False,False,False,False,False,False,True
000008.SZ,2025-02-11,000008,神州高铁,北京,运输设备,主板,SZSE,L,1992-05-07,,2.8,2.82,2.72,2.75,2.78,-0.03,-1.0791,613595.2,168531.173,22.408,22.408,2.8,2.82,2.72,2.75,2.78,3.06,2.5,False,False,True,True,True,True,False,False,False,False,False,False,False,False,False,False,True
000009.SZ,2025-02-11,000009,中国宝安,深圳,电气设备,主板,SZSE,L,1991-06-25,,8.56,8.66,8.36,8.42,8.54,-0.12,-1.4052,228985.08,192611.301,8.977,9.0053,8.533099397021756,8.632785137641166,8.333727915782928,8.393539360154577,8.54,9.39,7.69,False,False,True,True,True,True,False,False,False,False,False,False,False,False,False,False,True
000010.SZ,2025-02-11,000010,*ST美丽,深圳,建筑工程,主板,SZSE,L,1995-10-27,,3.0,3.0,2.92,2.93,2.98,-0.05,-1.6779,167495.0,49205.335,10.775,10.775,3.0,3.0,2.92,2.93,2.98,3.28,2.68,False,False,True,True,True,True,False,False,False,False,False,False,False,False,False,False,True
000011.SZ,2025-02-11,000011,深物业A,深圳,房产服务,主板,SZSE,L,1992-03-30,,8.52,8.54,8.32,8.35,8.48,-0.13,-1.533,32284.0,26984.159,4.411,4.411,8.52,8.54,8.32,8.35,8.48,9.33,7.63,False,False,True,True,True,True,False,False,False,False,False,False,False,False,False,False,True
000012.SZ,2025-02-11,000012,南玻A,深圳,玻璃,主板,SZSE,L,1992-02-28,,5.05,5.05,4.98,5.01,5.03,-0.02,-0.3976,107803.81,53918.642,29.9276,30.3449,4.980552910044191,4.980552910044191,4.911515542974273,4.941102986004238,5.03,5.53,4.53,False,False,True,True,True,True,False,False,False,False,False,False,False,False,False,False,True
000001.SZ,2025-02-12,000001,平安银行,深圳,银行,主板,SZSE,L,1991-04-03,,11.41,11.43,11.34,11.42,11.42,0.0,0.0,988806.83,1125323.633,127.7841,134.5794,10.833876365922272,10.852866508544398,10.767410866744836,10.843371437233335,11.42,12.56,10.28,False,False,True,True,True,True,False,False,False,False,False,False,False,False,False,False,True
000002.SZ,2025-02-12,000002,万科A,深圳,全国地产,主板,SZSE,L,1991-01-29,,7.25,7.96,7.13,7.96,7.24,0.72,9.9448,3797389.87,2862874.54,181.704,181.704,7.25,7.96,7.13,7.96,7.24,7.96,6.52,False,False,True,True,True,True,False,False,False,False,False,False,False,False,True,False,True
000004.SZ,2025-02-12,000004,国华退,,,主板,SZSE,D,1990-12-01,2026-07-14,13.67,14.18,13.45,14.0,13.7,0.3,2.1898,183709.53,256068.396,4.064,4.064,13.67,14.18,13.45,14.0,13.7,15.07,12.33,False,False,True,True,True,True,False,False,False,False,False,False,False,False,False,False,True
000006.SZ,2025-02-12,000006,深振业A,深圳,区域地产,主板,SZSE,L,1992-04-27,,7.06,7.2,6.91,7.2,7.04,0.16,2.2727,343298.87,243148.62,39.74,39.74,7.059999999999999,7.200000000000001,6.91,7.200000000000001,7.04,7.74,6.34,False,False,True,True,True,True,False,False,False,False,False,False,False,False,False,False,True
000007.SZ,2025-02-12,000007,全新好,深圳,其他商业,主板,SZSE,L,1992-04-13,,6.73,6.76,6.59,6.72,6.73,-0.01,-0.1486,57191.8,38186.853,8.284,8.284,6.73,6.76,6.59,6.72,6.73,7.4,6.06,False,False,True,True,True,True,False,False,False,False,False,False,False,False,False,False,True
000008.SZ,2025-02-12,000008,神州高铁,北京,运输设备,主板,SZSE,L,1992-05-07,,2.75,2.78,2.72,2.77,2.75,0.02,0.7273,615088.95,169528.476,22.408,22.408,2.75,2.78,2.72,2.77,2.75,3.03,2.48,False,False,True,True,True,True,False,False,False,False,False,False,False,False,False,False,True
000009.SZ,2025-02-12,000009,中国宝安,深圳,电气设备,主板,SZSE,L,1991-06-25,,8.38,8.85,8.37,8.74,8.42,0.32,3.8005,521915.36,452727.018,8.977,9.0053,8.353665063906812,8.822188044818052,8.343696489844868,8.712533730136698,8.42,9.26,7.58,False,False,True,True,True,True,False,False,False,False,False,False,False,False,False,False,True
000010.SZ,2025-02-12,000010,*ST美丽,深圳,建筑工程,主板,SZSE,L,1995-10-27,,2.93,2.96,2.88,2.93,2.93,0.0,0.0,151611.0,44186.019,10.775,10.775,2.93,2.96,2.88,2.93,2.93,3.22,2.64,False,False,True,True,True,True,False,False,False,False,False,False,False,False,False,False,True
000011.SZ,2025-02-12,000011,深物业A,深圳,房产服务,主板,SZSE,L,1992-03-30,,8.4,8.48,8.25,8.48,8.35,0.13,1.5569,40067.65,33502.147,4.411,4.411,8.4,8.48,8.25,8.48,8.35,9.19,7.52,False,False,True,True,True,True,False,False,False,False,False,False,False,False,False,False,True
000012.SZ,2025-02-12,000012,南玻A,深圳,玻璃,主板,SZSE,L,1992-02-28,,5.01,5.04,4.96,5.02,5.01,0.01,0.1996,113599.62,56788.382,29.9276,30.3449,4.941102986004238,4.970690429034204,4.891790580954296,4.9509654670142265,5.01,5.51,4.51,False,False,True,True,True,True,False,False,False,False,False,False,False,False,False,False,True
000001.SZ,2025-02-13,000001,平安银行,深圳,银行,主板,SZSE,L,1991-04-03,,11.42,11.55,11.4,11.5,11.42,0.08,0.7005,1358639.27,1560709.511,127.7841,134.5794,10.843371437233335,10.966807364277148,10.82438129461121,10.919332007721836,11.42,12.56,10.28,False,False,True,True,True,True,False,False,False,False,False,False,False,False,False,False,True
000002.SZ,2025-02-13,000002,万科A,深圳,全国地产,主板,SZSE,L,1991-01-29,,7.79,8.22,7.7,7.97,7.96,0.01,0.1256,5741530.31,4569427.868,181.704,181.704,7.789999999999999,8.22,7.7,7.970000000000001,7.96,8.76,7.16,False,False,True,True,True,True,False,False,False,False,False,False,False,False,False,False,True
000004.SZ,2025-02-13,000004,国华退,,,主板,SZSE,D,1990-12-01,2026-07-14,14.01,14.12,13.54,13.57,14.0,-0.43,-3.0714,141273.16,193597.087,4.064,4.064,14.01,14.12,13.54,13.57,14.0,15.4,12.6,False,False,True,True,True,True,False,False,False,False,False,False,False,False,False,False,True
000006.SZ,2025-02-13,000006,深振业A,深圳,区域地产,主板,SZSE,L,1992-04-27,,7.19,7.27,7.07,7.14,7.2,-0.06,-0.8333,449288.46,321716.972,39.74,39.74,7.19,7.2700000000000005,7.07,7.14,7.2,7.92,6.48,False,False,True,True,True,True,False,False,False,False,False,False,False,False,False,False,True
000007.SZ,2025-02-13,000007,全新好,深圳,其他商业,主板,SZSE,L,1992-04-13,,6.7,6.79,6.68,6.71,6.72,-0.01,-0.1488,40714.0,27374.224,8.284,8.284,6.7,6.79,6.68,6.71,6.72,7.39,6.05,False,False,True,True,True,True,False,False,False,False,False,False,False,False,False,False,True
000008.SZ,2025-02-13,000008,神州高铁,北京,运输设备,主板,SZSE,L,1992-05-07,,2.76,2.8,2.74,2.75,2.77,-0.02,-0.722,569436.0,157497.606,22.408,22.408,2.76,2.8,2.74,2.75,2.77,3.05,2.49,False,False,True,True,True,True,False,False,False,False,False,False,False,False,False,False,True
000009.SZ,2025-02-13,000009,中国宝安,深圳,电气设备,主板,SZSE,L,1991-06-25,,8.73,9.08,8.68,8.83,8.74,0.09,1.0297,519035.83,460370.428,8.977,9.0053,8.702565156074757,9.051465248242701,8.65272228576505,8.80225089669417,8.74,9.61,7.87,False,False,True,True,True,True,False,False,False,False,False,False,False,False,False,False,True
000010.SZ,2025-02-13,000010,*ST美丽,深圳,建筑工程,主板,SZSE,L,1995-10-27,,2.92,2.99,2.9,2.97,2.93,0.04,1.3652,243523.0,71866.976,10.775,10.775,2.92,2.9899999999999998,2.9,2.97,2.93,3.22,2.64,False,False,True,True,True,True,False,False,False,False,False,False,False,False,False,False,True
000011.SZ,2025-02-13,000011,深物业A,深圳,房产服务,主板,SZSE,L,1992-03-30,,8.43,8.57,8.33,8.5,8.48,0.02,0.2358,57738.0,49103.431,4.411,4.411,8.43,8.57,8.33,8.5,8.48,9.33,7.63,False,False,True,True,True,True,False,False,False,False,False,False,False,False,False,False,True
000012.SZ,2025-02-13,000012,南玻A,深圳,玻璃,主板,SZSE,L,1992-02-28,,5.02,5.04,4.99,5.03,5.02,0.01,0.1992,140105.46,70315.701,29.9276,30.3449,4.9509654670142265,4.970690429034204,4.9213780239842615,4.960827948024216,5.02,5.52,4.52,False,False,True,True,True,True,False,False,False,False,False,False,False,False,False,False,True
000001.SZ,2025-02-14,000001,平安银行,深圳,银行,主板,SZSE,L,1991-04-03,,11.49,11.55,11.43,11.55,11.5,0.05,0.4348,973057.74,1118355.997,127.7841,134.5794,10.909836936410773,10.966807364277148,10.852866508544398,10.966807364277148,11.5,12.65,10.35,False,False,True,True,True,True,False,False,False,False,False,False,False,False,False,False,True
000002.SZ,2025-02-14,000002,万科A,深圳,全国地产,主板,SZSE,L,1991-01-29,,7.93,8.05,7.71,7.81,7.97,-0.16,-2.0075,2629994.42,2055201.912,181.704,181.704,7.93,8.05,7.71,7.81,7.97,8.77,7.17,False,False,True,True,True,True,False,False,False,False,False,False,False,False,False,False,True
000004.SZ,2025-02-14,000004,国华退,,,主板,SZSE,D,1990-12-01,2026-07-14,13.57,13.83,13.24,13.66,13.57,0.09,0.6632,117495.0,159563.595,4.064,4.064,13.57,13.83,13.24,13.66,13.57,14.93,12.21,False,False,True,True,True,True,False,False,False,False,False,False,False,False,False,False,True
000006.SZ,2025-02-14,000006,深振业A,深圳,区域地产,主板,SZSE,L,1992-04-27,,7.11,7.15,6.97,7.04,7.14,-0.1,-1.4006,256836.04,180913.081,39.74,39.74,7.109999999999999,7.15,6.97,7.04,7.14,7.85,6.43,False,False,True,True,True,True,False,False,False,False,False,False,False,False,False,False,True
000007.SZ,2025-02-14,000007,全新好,深圳,其他商业,主板,SZSE,L,1992-04-13,,6.71,6.71,6.6,6.67,6.71,-0.04,-0.5961,45372.0,30120.355,8.284,8.284,6.71,6.71,6.6,6.67,6.71,7.38,6.04,False,False,True,True,True,True,False,False,False,False,False,False,False,False,False,False,True
000008.SZ,2025-02-14,000008,神州高铁,北京,运输设备,主板,SZSE,L,1992-05-07,,2.74,2.75,2.68,2.7,2.75,-0.05,-1.8182,557738.0,150844.413,22.408,22.408,2.74,2.75,2.68,2.7,2.75,3.03,2.48,False,False,True,True,True,True,False,False,False,False,False,False,False,False,False,False,True
000009.SZ,2025-02-14,000009,中国宝安,深圳,电气设备,主板,SZSE,L,1991-06-25,,8.79,9.05,8.74,8.98,8.83,0.15,1.6988,438018.72,389604.283,8.977,9.0053,8.762376600446403,9.02155952605688,8.712533730136698,8.95177950762329,8.83,9.71,7.95,False,False,True,True,True,True,False,False,False,False,False,False,False,False,False,False,True
000010.SZ,2025-02-14,000010,*ST美丽,深圳,建筑工程,主板,SZSE,L,1995-10-27,,2.97,2.98,2.86,2.87,2.97,-0.1,-3.367,240929.0,69690.048,10.775,10.775,2.97,2.9800000000000004,2.86,2.87,2.97,3.27,2.67,False,False,True,True,True,True,False,False,False,False,False,False,False,False,False,False,True
000011.SZ,2025-02-14,000011,深物业A,深圳,房产服务,主板,SZSE,L,1992-03-30,,8.51,8.57,8.4,8.55,8.5,0.05,0.5882,48472.02,41079.192,4.411,4.411,8.51,8.57,8.4,8.55,8.5,9.35,7.65,False,False,True,True,True,True,False,False,False,False,False,False,False,False,False,False,True
000012.SZ,2025-02-14,000012,南玻A,深圳,玻璃,主板,SZSE,L,1992-02-28,,5.09,5.11,5.03,5.05,5.03,0.02,0.3976,186958.3,94660.162,29.9276,30.3449,5.0200028340841465,5.039727796104124,4.960827948024216,4.980552910044191,5.03,5.53,4.53,False,False,True,True,True,True,False,False,False,False,False,False,False,False,False,False,True
000001.SZ,2025-02-17,000001,平安银行,深圳,银行,主板,SZSE,L,1991-04-03,,11.6,11.8,11.55,11.78,11.55,0.23,1.9913,2061965.42,2413146.067,127.7841,134.5794,11.01428272083246,11.204184147053711,10.966807364277148,11.185194004431585,11.55,12.71,10.4,False,False,True,True,True,True,False,False,False,False,False,False,False,False,False,False,True
000002.SZ,2025-02-17,000002,万科A,深圳,全国地产,主板,SZSE,L,1991-01-29,,7.75,7.87,7.62,7.68,7.81,-0.13,-1.6645,2245270.83,1732605.874,181.704,181.704,7.75,7.87,7.619999999999999,7.680000000000001,7.81,8.59,7.03,False,False,True,True,True,True,False,False,False,False,False,False,False,False,False,False,True
000004.SZ,2025-02-17,000004,国华退,,,主板,SZSE,D,1990-12-01,2026-07-14,13.74,13.94,13.55,13.77,13.66,0.11,0.8053,107696.1,148199.356,4.064,4.064,13.74,13.94,13.55,13.77,13.66,15.03,12.29,False,False,True,True,True,True,False,False,False,False,False,False,False,False,False,False,True
000006.SZ,2025-02-17,000006,深振业A,深圳,区域地产,主板,SZSE,L,1992-04-27,,7.04,7.17,7.0,7.08,7.04,0.04,0.5682,313918.31,222159.407,39.74,39.74,7.04,7.17,7.0,7.080000000000001,7.04,7.74,6.34,False,False,True,True,True,True,False,False,False,False,False,False,False,False,False,False,True
000007.SZ,2025-02-17,000007,全新好,深圳,其他商业,主板,SZSE,L,1992-04-13,,6.69,6.69,6.55,6.66,6.67,-0.01,-0.1499,40847.0,27039.631,8.284,8.284,6.69,6.69,6.55,6.66,6.67,7.34,6.0,False,False,True,True,True,True,False,False,False,False,False,False,False,False,False,False,True
000008.SZ,2025-02-17,000008,神州高铁,北京,运输设备,主板,SZSE,L,1992-05-07,,2.72,2.82,2.7,2.79,2.7,0.09,3.3333,1010288.07,279996.763,22.408,22.408,2.72,2.82,2.7,2.79,2.7,2.97,2.43,False,False,True,True,True,True,False,False,False,False,False,False,False,False,False,False,True
000009.SZ,2025-02-17,000009,中国宝安,深圳,电气设备,主板,SZSE,L,1991-06-25,,8.96,8.98,8.79,8.9,8.98,-0.08,-0.8909,308831.96,274105.215,8.977,9.0053,8.931842359499408,8.95177950762329,8.762376600446403,8.872030915127759,8.98,9.88,8.08,False,False,True,True,True,True,False,False,False,False,False,False,False,False,False,False,True
000010.SZ,2025-02-17,000010,*ST美丽,深圳,建筑工程,主板,SZSE,L,1995-10-27,,2.86,2.98,2.85,2.94,2.87,0.07,2.439,297805.0,87067.638,10.775,10.775,2.86,2.9800000000000004,2.85,2.94,2.87,3.16,2.58,False,False,True,True,True,True,False,False,False,False,False,False,False,False,False,False,True
000011.SZ,2025-02-17,000011,深物业A,深圳,房产服务,主板,SZSE,L,1992-03-30,,8.56,8.68,8.52,8.59,8.55,0.04,0.4678,53416.0,46016.363,4.411,4.411,8.56,8.68,8.52,8.59,8.55,9.41,7.7,False,False,True,True,True,True,False,False,False,False,False,False,False,False,False,False,True
000012.SZ,2025-02-17,000012,南玻A,深圳,玻璃,主板,SZSE,L,1992-02-28,,5.05,5.06,4.99,5.01,5.05,-0.04,-0.7921,140310.96,70369.979,29.9276,30.3449,4.980552910044191,4.99041539105418,4.9213780239842615,4.941102986004238,5.05,5.56,4.55,False,False,True,True,True,True,False,False,False,False,False,False,False,False,False,False,True
000001.SZ,2025-02-18,000001,平安银行,深圳,银行,主板,SZSE,L,1991-04-03,,11.76,11.96,11.76,11.81,11.78,0.03,0.2547,1996610.49,2371071.467,127.7841,134.5794,11.16620386180946,11.35610528803071,11.16620386180946,11.213679218364774,11.78,12.96,10.6,False,False,True,True,True,True,False,False,False,False,False,False,False,False,False,False,True
000002.SZ,2025-02-18,000002,万科A,深圳,全国地产,主板,SZSE,L,1991-01-29,,7.64,7.76,7.47,7.52,7.68,-0.16,-2.0833,2009495.45,1528472.572,181.704,181.704,7.64,7.76,7.47,7.52,7.68,8.45,6.91,False,False,True,True,True,True,False,False,False,False,False,False,False,False,False,False,True
000004.SZ,2025-02-18,000004,国华退,,,主板,SZSE,D,1990-12-01,2026-07-14,13.77,13.8,13.0,13.15,13.77,-0.62,-4.5025,109073.0,145144.533,4.064,4.064,13.77,13.8,13.0,13.15,13.77,15.15,12.39,False,False,True,True,True,True,False,False,False,False,False,False,False,False,False,False,True
000006.SZ,2025-02-18,000006,深振业A,深圳,区域地产,主板,SZSE,L,1992-04-27,,7.08,7.09,6.66,6.66,7.08,-0.42,-5.9322,337017.25,230353.342,39.74,39.74,7.080000000000001,7.09,6.66,6.66,7.08,7.79,6.37,False,False,True,True,True,True,False,False,False,False,False,False,False,False,False,False,True
000007.SZ,2025-02-18,000007,全新好,深圳,其他商业,主板,SZSE,L,1992-04-13,,6.64,6.69,6.52,6.55,6.66,-0.11,-1.6517,45332.0,29936.632,8.284,8.284,6.64,6.69,6.52,6.55,6.66,7.33,5.99,False,False,True,True,True,True,False,False,False,False,False,False,False,False,False,False,True
000008.SZ,2025-02-18,000008,神州高铁,北京,运输设备,主板,SZSE,L,1992-05-07,,2.78,2.79,2.67,2.69,2.79,-0.1,-3.5842,676345.88,185127.911,22.408,22.408,2.78,2.79,2.67,2.69,2.79,3.07,2.51,False,False,True,True,True,True,False,False,False,False,False,False,False,False,False,False,True
000009.SZ,2025-02-18,000009,中国宝安,深圳,电气设备,主板,SZSE,L,1991-06-25,,8.91,9.08,8.8,8.81,8.9,-0.09,-1.0112,380881.67,340932.978,8.977,9.0053,8.8819994891897,9.051465248242701,8.772345174508345,8.782313748570287,8.9,9.79,8.01,False,False,True,True,True,True,False,False,False,False,False,False,False,False,False,False,True
000010.SZ,2025-02-18,000010,*ST美丽,深圳,建筑工程,主板,SZSE,L,1995-10-27,,2.94,2.95,2.81,2.83,2.94,-0.11,-3.7415,219071.0,62981.177,10.775,10.775,2.94,2.95,2.81,2.83,2.94,3.23,2.65,False,False,True,True,True,True,False,False,False,False,False,False,False,False,False,False,True
000011.SZ,2025-02-18,000011,深物业A,深圳,房产服务,主板,SZSE,L,1992-03-30,,8.59,8.59,8.28,8.31,8.59,-0.28,-3.2596,43385.0,36517.216,4.411,4.411,8.59,8.59,8.28,8.31,8.59,9.45,7.73,False,False,True,True,True,True,False,False,False,False,False,False,False,False,False,False,True
000012.SZ,2025-02-18,000012,南玻A,深圳,玻璃,主板,SZSE,L,1992-02-28,,5.03,5.03,4.96,4.99,5.01,-0.02,-0.3992,134846.51,67434.765,29.9276,30.3449,4.960827948024216,4.960827948024216,4.891790580954296,4.9213780239842615,5.01,5.51,4.51,False,False,True,True,True,True,False,False,False,False,False,False,False,False,False,False,True
000001.SZ,2025-02-19,000001,平安银行,深圳,银行,主板,SZSE,L,1991-04-03,,11.8,11.81,11.68,11.71,11.81,-0.1,-0.8467,1177748.95,1382467.174,127.7841,134.5794,11.204184147053711,11.213679218364774,11.090243291320961,11.118728505254149,11.81,12.99,10.63,False,False,True,True,True,True,False,False,False,False,False,False,False,False,False,False,True
000002.SZ,2025-02-19,000002,万科A,深圳,全国地产,主板,SZSE,L,1991-01-29,,7.5,7.72,7.48,7.65,7.52,0.13,1.7287,1809174.57,1375280.251,181.704,181.704,7.499999999999999,7.72,7.48,7.65,7.52,8.27,6.77,False,False,True,True,True,True,False,False,False,False,False,False,False,False,False,False,True
000004.SZ,2025-02-19,000004,国华退,,,主板,SZSE,D,1990-12-01,2026-07-14,13.23,13.39,13.02,13.23,13.15,0.08,0.6084,79310.3,104546.175,4.064,4.064,13.23,13.39,13.02,13.23,13.15,14.47,11.84,False,False,True,True,True,True,False,False,False,False,False,False,False,False,False,False,True
000006.SZ,2025-02-19,000006,深振业A,深圳,区域地产,主板,SZSE,L,1992-04-27,,6.67,6.76,6.63,6.68,6.66,0.02,0.3003,283191.47,189496.81,39.74,39.74,6.67,6.76,6.63,6.680000000000001,6.66,7.33,5.99,False,False,True,True,True,True,False,False,False,False,False,False,False,False,False,False,True
000007.SZ,2025-02-19,000007,全新好,深圳,其他商业,主板,SZSE,L,1992-04-13,,6.57,6.59,6.48,6.57,6.55,0.02,0.3053,34260.0,22407.098,8.284,8.284,6.57,6.59,6.48,6.57,6.55,7.21,5.9,False,False,True,True,True,True,False,False,False,False,False,False,False,False,False,False,True
000008.SZ,2025-02-19,000008,神州高铁,北京,运输设备,主板,SZSE,L,1992-05-07,,2.69,2.96,2.68,2.96,2.69,0.27,10.0372,1674058.87,486264.814,22.408,22.408,2.69,2.96,2.68,2.96,2.69,2.96,2.42,False,False,True,True,True,True,False,False,False,False,False,False,False,False,True,False,True
000009.SZ,2025-02-19,000009,中国宝安,深圳,电气设备,主板,SZSE,L,1991-06-25,,8.76,8.88,8.7,8.82,8.81,0.01,0.1135,263298.42,231368.798,8.977,9.0053,8.73247087826058,8.852093767003876,8.672659433888931,8.792282322632229,8.81,9.69,7.93,False,False,True,True,True,True,False,False,False,False,False,False,False,False,False,False,True
000010.SZ,2025-02-19,000010,*ST美丽,深圳,建筑工程,主板,SZSE,L,1995-10-27,,2.8,2.85,2.8,2.83,2.83,0.0,0.0,141946.0,39997.554,10.775,10.775,2.8,2.85,2.8,2.83,2.83,3.11,2.55,False,False,True,True,True,True,False,False,False,False,False,False,False,False,False,False,True
000011.SZ,2025-02-19,000011,深物业A,深圳,房产服务,主板,SZSE,L,1992-03-30,,8.27,8.35,8.26,8.31,8.31,0.0,0.0,32440.0,26924.615,4.411,4.411,8.27,8.35,8.26,8.31,8.31,9.14,7.48,False,False,True,True,True,True,False,False,False,False,False,False,False,False,False,False,True
000012.SZ,2025-02-19,000012,南玻A,深圳,玻璃,主板,SZSE,L,1992-02-28,,4.98,5.0,4.96,4.99,4.99,0.0,0.0,105205.97,52391.257,29.9276,30.3449,4.911515542974273,4.93124050499425,4.891790580954296,4.9213780239842615,4.99,5.49,4.49,False,False,True,True,True,True,False,False,False,False,False,False,False,False,False,False,True
000001.SZ,2025-02-20,000001,平安银行,深圳,银行,主板,SZSE,L,1991-04-03,,11.71,11.76,11.65,11.66,11.71,-0.05,-0.427,784396.27,917231.443,127.7841,134.5794,11.118728505254149,11.16620386180946,11.061758077387774,11.071253148698837,11.71,12.88,10.54,False,False,True,True,True,True,False,False,False,False,False,False,False,False,False,False,True
000002.SZ,2025-02-20,000002,万科A,深圳,全国地产,主板,SZSE,L,1991-01-29,,7.59,7.6,7.49,7.52,7.65,-0.13,-1.6993,1370246.87,1032220.443,181.704,181.704,7.59,7.6,7.49,7.52,7.65,8.42,6.89,False,False,True,True,True,True,False,False,False,False,False,False,False,False,False,False,True
000004.SZ,2025-02-20,000004,国华退,,,主板,SZSE,D,1990-12-01,2026-07-14,13.15,13.28,12.94,13.12,13.23,-0.11,-0.8314,70310.0,91963.589,4.064,4.064,13.15,13.28,12.94,13.12,13.23,14.55,11.91,False,False,True,True,True,True,False,False,False,False,False,False,False,False,False,False,True
000006.SZ,2025-02-20,000006,深振业A,深圳,区域地产,主板,SZSE,L,1992-04-27,,6.64,6.8,6.5,6.78,6.68,0.1,1.497,355609.45,236693.681,39.74,39.74,6.64,6.800000000000001,6.5,6.78,6.68,7.35,6.01,False,False,True,True,True,True,False,False,False,False,False,False,False,False,False,False,True
000007.SZ,2025-02-20,000007,全新好,深圳,其他商业,主板,SZSE,L,1992-04-13,,6.58,6.66,6.55,6.59,6.57,0.02,0.3044,38783.0,25642.858,8.284,8.284,6.58,6.66,6.55,6.59,6.57,7.23,5.91,False,False,True,True,True,True,False,False,False,False,False,False,False,False,False,False,True
000008.SZ,2025-02-20,000008,神州高铁,北京,运输设备,主板,SZSE,L,1992-05-07,,3.0,3.05,2.87,2.9,2.96,-0.06,-2.027,2470489.86,725311.575,22.408,22.408,3.0,3.0499999999999994,2.87,2.8999999999999995,2.96,3.26,2.66,False,False,True,True,True,True,False,False,False,False,False,False,False,False,False,False,True
000009.SZ,2025-02-20,000009,中国宝安,深圳,电气设备,主板,SZSE,L,1991-06-25,,8.8,8.81,8.66,8.72,8.82,-0.1,-1.1338,222870.15,194228.669,8.977,9.0053,8.772345174508345,8.782313748570287,8.632785137641166,8.692596582012815,8.82,9.7,7.94,False,False,True,True,True,True,False,False,False,False,False,False,False,False,False,False,True
000010.SZ,2025-02-20,000010,*ST美丽,深圳,建筑工程,主板,SZSE,L,1995-10-27,,2.8,2.83,2.79,2.82,2.83,-0.01,-0.3534,115611.0,32535.656,10.775,10.775,2.8,2.83,2.79,2.82,2.83,3.11,2.55,False,False,True,True,True,True,False,False,False,False,False,False,False,False,False,False,True
000011.SZ,2025-02-20,000011,深物业A,深圳,房产服务,主板,SZSE,L,1992-03-30,,8.35,8.35,8.25,8.33,8.31,0.02,0.2407,28341.0,23526.87,4.411,4.411,8.35,8.35,8.25,8.33,8.31,9.14,7.48,False,False,True,True,True,True,False,False,False,False,False,False,False,False,False,False,True
000012.SZ,2025-02-20,000012,南玻A,深圳,玻璃,主板,SZSE,L,1992-02-28,,4.97,4.98,4.93,4.94,4.99,-0.05,-1.002,113673.11,56285.802,29.9276,30.3449,4.901653061964284,4.911515542974273,4.862203137924331,4.872065618934319,4.99,5.49,4.49,False,False,True,True,True,True,False,False,False,False,False,False,False,False,False,False,True
000001.SZ,2025-02-21,000001,平安银行,深圳,银行,主板,SZSE,L,1991-04-03,,11.69,11.71,11.55,11.64,11.66,-0.02,-0.1715,973968.97,1131033.824,127.7841,134.5794,11.099738362632023,11.118728505254149,10.966807364277148,11.052263006076712,11.66,12.83,10.49,False,False,True,True,True,True,False,False,False,False,False,False,False,False,False,False,True
000002.SZ,2025-02-21,000002,万科A,深圳,全国地产,主板,SZSE,L,1991-01-29,,7.53,7.73,7.49,7.62,7.52,0.1,1.3298,1935128.82,1474661.906,181.704,181.704,7.53,7.73,7.49,7.619999999999999,7.52,8.27,6.77,False,False,True,True,True,True,False,False,False,False,False,False,False,False,False,False,True
000004.SZ,2025-02-21,000004,国华退,,,主板,SZSE,D,1990-12-01,2026-07-14,13.12,13.42,12.75,13.39,13.12,0.27,2.0579,107097.0,140586.57,4.064,4.064,13.12,13.42,12.75,13.39,13.12,14.43,11.81,False,False,True,True,True,True,False,False,False,False,False,False,False,False,False,False,True
000006.SZ,2025-02-21,000006,深振业A,深圳,区域地产,主板,SZSE,L,1992-04-27,,6.87,6.9,6.53,6.65,6.78,-0.13,-1.9174,375325.27,249495.027,39.74,39.74,6.87,6.9,6.53,6.65,6.78,7.46,6.1,False,False,True,True,True,True,False,False,False,False,False,False,False,False,False,False,True
000007.SZ,2025-02-21,000007,全新好,深圳,其他商业,主板,SZSE,L,1992-04-13,,6.64,6.64,6.46,6.49,6.59,-0.1,-1.5175,41951.02,27251.838,8.284,8.284,6.64,6.64,6.46,6.49,6.59,7.25,5.93,False,False,True,True,True,True,False,False,False,False,False,False,False,False,False,False,True
000008.SZ,2025-02-21,000008,神州高铁,北京,运输设备,主板,SZSE,L,1992-05-07,,2.87,2.92,2.85,2.91,2.9,0.01,0.3448,1346562.57,389255.039,22.408,22.408,2.87,2.92,2.85,2.91,2.9,3.19,2.61,False,False,True,True,True,True,False,False,False,False,False,False,False,False,False,False,True
000009.SZ,2025-02-21,000009,中国宝安,深圳,电气设备,主板,SZSE,L,1991-06-25,,8.72,8.82,8.68,8.75,8.72,0.03,0.344,311483.83,272048.544,8.977,9.0053,8.692596582012815,8.792282322632229,8.65272228576505,8.722502304198638,8.72,9.59,7.85,False,False,True,True,True,True,False,False,False,False,False,False,False,False,False,False,True
000010.SZ,2025-02-21,000010,*ST美丽,深圳,建筑工程,主板,SZSE,L,1995-10-27,,2.81,2.87,2.8,2.83,2.82,0.01,0.3546,157302.11,44377.622,10.775,10.775,2.81,2.87,2.8,2.83,2.82,3.1,2.54,False,False,True,True,True,True,False,False,False,False,False,False,False,False,False,False,True
000011.SZ,2025-02-21,000011,深物业A,深圳,房产服务,主板,SZSE,L,1992-03-30,,8.34,8.39,8.21,8.26,8.33,-0.07,-0.8403,37763.31,31256.367,4.411,4.411,8.34,8.39,8.21,8.26,8.33,9.16,7.5,False,False,True,True,True,True,False,False,False,False,False,False,False,False,False,False,True
000012.SZ,2025-02-21,000012,南玻A,深圳,玻璃,主板,SZSE,L,1992-02-28,,4.95,4.97,4.92,4.96,4.94,0.02,0.4049,115756.43,57237.925,29.9276,30.3449,4.881928099944307,4.901653061964284,4.852340656914342,4.891790580954296,4.94,5.43,4.45,False,False,True,True,True,True,False,False,False,False,False,False,False,False,False,False,True
000001.SZ,2025-02-24,000001,平安银行,深圳,银行,主板,SZSE,L,1991-04-03,,11.63,11.69,11.56,11.59,11.64,-0.05,-0.4296,949956.17,1103548.964,127.7841,134.5794,11.04276793476565,11.099738362632023,10.976302435588211,11.004787649521399,11.64,12.8,10.48,False,False,True,True,True,True,False,False,False,False,False,False,False,False,False,False,True
000002.SZ,2025-02-24,000002,万科A,深圳,全国地产,主板,SZSE,L,1991-01-29,,7.66,8.07,7.66,7.82,7.62,0.2,2.6247,3175918.06,2493456.398,181.704,181.704,7.66,8.07,7.66,7.82,7.62,8.38,6.86,False,False,True,True,True,True,False,False,False,False,False,False,False,False,False,False,True
000004.SZ,2025-02-24,000004,国华退,,,主板,SZSE,D,1990-12-01,2026-07-14,12.05,12.94,12.05,12.78,13.39,-0.61,-4.5556,152866.0,192167.648,4.064,4.064,12.05,12.94,12.05,12.78,13.39,14.73,12.05,False,False,True,True,True,True,False,False,False,False,False,False,False,True,False,False,False
000006.SZ,2025-02-24,000006,深振业A,深圳,区域地产,主板,SZSE,L,1992-04-27,,6.58,6.73,6.51,6.52,6.65,-0.13,-1.9549,318681.96,209844.651,39.74,39.74,6.580000000000001,6.730000000000001,6.51,6.52,6.65,7.32,5.99,False,False,True,True,True,True,False,False,False,False,False,False,False,False,False,False,True
000007.SZ,2025-02-24,000007,全新好,深圳,其他商业,主板,SZSE,L,1992-04-13,,6.48,6.75,6.44,6.61,6.49,0.12,1.849,74180.5,49316.403,8.284,8.284,6.48,6.75,6.44,6.61,6.49,7.14,5.84,False,False,True,True,True,True,False,False,False,False,False,False,False,False,False,False,True
000008.SZ,2025-02-24,000008,神州高铁,北京,运输设备,主板,SZSE,L,1992-05-07,,2.91,2.98,2.88,2.92,2.91,0.01,0.3436,1133664.1,331235.07,22.408,22.408,2.91,2.98,2.8799999999999994,2.92,2.91,3.2,2.62,False,False,True,True,True,True,False,False,False,False,False,False,False,False,False,False,True
000009.SZ,2025-02-24,000009,中国宝安,深圳,电气设备,主板,SZSE,L,1991-06-25,,8.8,8.92,8.73,8.82,8.75,0.07,0.8,305461.39,269110.369,8.977,9.0053,8.772345174508345,8.891968063251642,8.702565156074757,8.792282322632229,8.75,9.63,7.88,False,False,True,True,True,True,False,False,False,False,False,False,False,False,False,False,True
000010.SZ,2025-02-24,000010,*ST美丽,深圳,建筑工程,主板,SZSE,L,1995-10-27,,2.84,3.09,2.83,2.94,2.83,0.11,3.8869,444326.11,131906.982,10.775,10.775,2.84,3.09,2.83,2.94,2.83,3.11,2.55,False,False,True,True,True,True,False,False,False,False,False,False,False,False,False,False,True
000011.SZ,2025-02-24,000011,深物业A,深圳,房产服务,主板,SZSE,L,1992-03-30,,8.28,8.42,8.22,8.36,8.26,0.1,1.2107,39946.88,33379.135,4.411,4.411,8.28,8.42,8.22,8.36,8.26,9.09,7.43,False,False,True,True,True,True,False,False,False,False,False,False,False,False,False,False,True
000012.SZ,2025-02-24,000012,南玻A,深圳,玻璃,主板,SZSE,L,1992-02-28,,4.96,5.0,4.94,4.98,4.96,0.02,0.4032,132309.2,65942.571,29.9276,30.3449,4.891790580954296,4.93124050499425,4.872065618934319,4.911515542974273,4.96,5.46,4.46,False,False,True,True,True,True,False,False,False,False,False,False,False,False,False,False,True
000001.SZ,2025-02-25,000001,平安银行,深圳,银行,主板,SZSE,L,1991-04-03,,11.56,11.58,11.46,11.47,11.59,-0.12,-1.0354,917156.02,1055685.157,127.7841,134.5794,10.976302435588211,10.995292578210336,10.881351722477586,10.890846793788649,11.59,12.75,10.43,False,False,True,True,True,True,False,False,False,False,False,False,False,False,False,False,True
000002.SZ,2025-02-25,000002,万科A,深圳,全国地产,主板,SZSE,L,1991-01-29,,7.75,7.86,7.67,7.68,7.82,-0.14,-1.7903,1771479.75,1369423.942,181.704,181.704,7.75,7.859999999999999,7.67,7.680000000000001,7.82,8.6,7.04,False,False,True,True,True,True,False,False,False,False,False,False,False,False,False,False,True
000004.SZ,2025-02-25,000004,国华退,,,主板,SZSE,D,1990-12-01,2026-07-14,12.8,13.48,12.8,13.2,12.78,0.42,3.2864,175625.37,232086.429,4.064,4.064,12.8,13.48,12.8,13.2,12.78,14.06,11.5,False,False,True,True,True,True,False,False,False,False,False,False,False,False,False,False,True
000006.SZ,2025-02-25,000006,深振业A,深圳,区域地产,主板,SZSE,L,1992-04-27,,6.44,6.57,6.38,6.41,6.52,-0.11,-1.6871,266472.04,171975.706,39.74,39.74,6.44,6.57,6.38,6.41,6.52,7.17,5.87,False,False,True,True,True,True,False,False,False,False,False,False,False,False,False,False,True
000007.SZ,2025-02-25,000007,全新好,深圳,其他商业,主板,SZSE,L,1992-04-13,,6.61,6.61,6.43,6.45,6.61,-0.16,-2.4206,51840.16,33590.6,8.284,8.284,6.61,6.61,6.43,6.45,6.61,7.27,5.95,False,False,True,True,True,True,False,False,False,False,False,False,False,False,False,False,True
000008.SZ,2025-02-25,000008,神州高铁,北京,运输设备,主板,SZSE,L,1992-05-07,,2.89,2.93,2.85,2.9,2.92,-0.02,-0.6849,710383.09,205958.303,22.408,22.408,2.89,2.9300000000000006,2.85,2.8999999999999995,2.92,3.21,2.63,False,False,True,True,True,True,False,False,False,False,False,False,False,False,False,False,True
000009.SZ,2025-02-25,000009,中国宝安,深圳,电气设备,主板,SZSE,L,1991-06-25,,8.75,8.77,8.66,8.69,8.82,-0.13,-1.4739,212811.5,185312.517,8.977,9.0053,8.722502304198638,8.742439452322522,8.632785137641166,8.662690859826991,8.82,9.7,7.94,False,False,True,True,True,True,False,False,False,False,False,False,False,False,False,False,True
000010.SZ,2025-02-25,000010,*ST美丽,深圳,建筑工程,主板,SZSE,L,1995-10-27,,2.92,3.02,2.9,2.93,2.94,-0.01,-0.3401,327302.0,96950.943,10.775,10.775,2.92,3.02,2.9,2.93,2.94,3.23,2.65,False,False,True,True,True,True,False,False,False,False,False,False,False,False,False,False,True
000011.SZ,2025-02-25,000011,深物业A,深圳,房产服务,主板,SZSE,L,1992-03-30,,8.3,8.43,8.25,8.29,8.36,-0.07,-0.8373,34634.0,28873.261,4.411,4.411,8.3,8.43,8.25,8.29,8.36,9.2,7.52,False,False,True,True,True,True,False,False,False,False,False,False,False,False,False,False,True
000012.SZ,2025-02-25,000012,南玻A,深圳,玻璃,主板,SZSE,L,1992-02-28,,4.96,4.99,4.93,4.94,4.98,-0.04,-0.8032,110074.08,54474.553,29.9276,30.3449,4.891790580954296,4.9213780239842615,4.862203137924331,4.872065618934319,4.98,5.48,4.48,False,False,True,True,True,True,False,False,False,False,False,False,False,False,False,False,True
000001.SZ,2025-02-26,000001,平安银行,深圳,银行,主板,SZSE,L,1991-04-03,,11.47,11.6,11.47,11.52,11.47,0.05,0.4359,841645.52,970641.211,127.7841,134.5794,10.890846793788649,11.01428272083246,10.890846793788649,10.93832215034396,11.47,12.62,10.32,False,False,True,True,True,True,False,False,False,False,False,False,False,False,False,False,True
000002.SZ,2025-02-26,000002,万科A,深圳,全国地产,主板,SZSE,L,1991-01-29,,7.71,7.86,7.7,7.84,7.68,0.16,2.0833,1941435.67,1510578.616,181.704,181.704,7.71,7.859999999999999,7.7,7.84,7.68,8.45,6.91,False,False,True,True,True,True,False,False,False,False,False,False,False,False,False,False,True
000004.SZ,2025-02-26,000004,国华退,,,主板,SZSE,D,1990-12-01,2026-07-14,13.36,13.48,12.72,12.82,13.2,-0.38,-2.8788,123843.37,159198.427,4.064,4.064,13.36,13.48,12.72,12.82,13.2,14.52,11.88,False,False,True,True,True,True,False,False,False,False,False,False,False,False,False,False,True
000006.SZ,2025-02-26,000006,深振业A,深圳,区域地产,主板,SZSE,L,1992-04-27,,6.4,6.94,6.4,6.61,6.41,0.2,3.1201,475058.83,318403.984,39.74,39.74,6.4,6.94,6.4,6.610000000000001,6.41,7.05,5.77,False,False,True,True,True,True,False,False,False,False,False,False,False,False,False,False,True
000007.SZ,2025-02-26,000007,全新好,深圳,其他商业,主板,SZSE,L,1992-04-13,,6.45,6.56,6.44,6.52,6.45,0.07,1.0853,38121.01,24856.288,8.284,8.284,6.45,6.56,6.44,6.52,6.45,7.1,5.81,False,False,True,True,True,True,False,False,False,False,False,False,False,False,False,False,True
000008.SZ,2025-02-26,000008,神州高铁,北京,运输设备,主板,SZSE,L,1992-05-07,,2.9,2.99,2.9,2.97,2.9,0.07,2.4138,1198575.14,354139.279,22.408,22.408,2.8999999999999995,2.9899999999999998,2.8999999999999995,2.9699999999999998,2.9,3.19,2.61,False,False,True,True,True,True,False,False,False,False,False,False,False,False,False,False,True
000009.SZ,2025-02-26,000009,中国宝安,深圳,电气设备,主板,SZSE,L,1991-06-25,,8.69,8.82,8.68,8.81,8.69,0.12,1.3809,267710.37,234948.934,8.977,9.0053,8.662690859826991,8.792282322632229,8.65272228576505,8.782313748570287,8.69,9.56,7.82,False,False,True,True,True,True,False,False,False,False,False,False,False,False,False,False,True
000010.SZ,2025-02-26,000010,*ST美丽,深圳,建筑工程,主板,SZSE,L,1995-10-27,,2.95,3.05,2.92,3.0,2.93,0.07,2.3891,415527.0,124921.269,10.775,10.775,2.95,3.0499999999999994,2.92,3.0,2.93,3.22,2.64,False,False,True,True,True,True,False,False,False,False,False,False,False,False,False,False,True
000011.SZ,2025-02-26,000011,深物业A,深圳,房产服务,主板,SZSE,L,1992-03-30,,8.3,8.65,8.3,8.47,8.29,0.18,2.1713,80793.99,68653.16,4.411,4.411,8.3,8.65,8.3,8.47,8.29,9.12,7.46,False,False,True,True,True,True,False,False,False,False,False,False,False,False,False,False,True
000012.SZ,2025-02-26,000012,南玻A,深圳,玻璃,主板,SZSE,L,1992-02-28,,4.96,5.03,4.95,5.02,4.94,0.08,1.6194,163028.13,81478.762,29.9276,30.3449,4.891790580954296,4.960827948024216,4.881928099944307,4.9509654670142265,4.94,5.43,4.45,False,False,True,True,True,True,False,False,False,False,False,False,False,False,False,False,True
000001.SZ,2025-02-27,000001,平安银行,深圳,银行,主板,SZSE,L,1991-04-03,,11.53,11.63,11.46,11.62,11.52,0.1,0.8681,977309.75,1130386.662,127.7841,134.5794,10.947817221655024,11.04276793476565,10.881351722477586,11.033272863454586,11.52,12.67,10.37,False,False,True,True,True,True,False,False,False,False,False,False,False,False,False,False,True
000002.SZ,2025-02-27,000002,万科A,深圳,全国地产,主板,SZSE,L,1991-01-29,,7.78,7.89,7.74,7.81,7.84,-0.03,-0.3827,1715773.42,1339145.182,181.704,181.704,7.78,7.89,7.739999999999999,7.81,7.84,8.62,7.06,False,False,True,True,True,True,False,False,False,False,False,False,False,False,False,False,True
000004.SZ,2025-02-27,000004,国华退,,,主板,SZSE,D,1990-12-01,2026-07-14,12.82,13.15,12.35,12.56,12.82,-0.26,-2.0281,98934.0,125385.664,4.064,4.064,12.82,13.15,12.35,12.56,12.82,14.1,11.54,False,False,True,True,True,True,False,False,False,False,False,False,False,False,False,False,True
000006.SZ,2025-02-27,000006,深振业A,深圳,区域地产,主板,SZSE,L,1992-04-27,,6.57,7.0,6.57,6.73,6.61,0.12,1.8154,486923.69,330809.044,39.74,39.74,6.57,7.0,6.57,6.730000000000001,6.61,7.27,5.95,False,False,True,True,True,True,False,False,False,False,False,False,False,False,False,False,True
000007.SZ,2025-02-27,000007,全新好,深圳,其他商业,主板,SZSE,L,1992-04-13,,6.51,6.56,6.42,6.49,6.52,-0.03,-0.4601,38845.5,25196.114,8.284,8.284,6.51,6.56,6.42,6.49,6.52,7.17,5.87,False,False,True,True,True,True,False,False,False,False,False,False,False,False,False,False,True
000008.SZ,2025-02-27,000008,神州高铁,北京,运输设备,主板,SZSE,L,1992-05-07,,2.98,3.02,2.87,2.92,2.97,-0.05,-1.6835,956122.02,280598.33,22.408,22.408,2.98,3.02,2.87,2.92,2.97,3.27,2.67,False,False,True,True,True,True,False,False,False,False,False,False,False,False,False,False,True
000009.SZ,2025-02-27,000009,中国宝安,深圳,电气设备,主板,SZSE,L,1991-06-25,,8.83,8.91,8.7,8.78,8.81,-0.03,-0.3405,341641.35,300582.935,8.977,9.0053,8.80225089669417,8.8819994891897,8.672659433888931,8.752408026384463,8.81,9.69,7.93,False,False,True,True,True,True,False,False,False,False,False,False,False,False,False,False,True
000010.SZ,2025-02-27,000010,*ST美丽,深圳,建筑工程,主板,SZSE,L,1995-10-27,,3.01,3.15,2.97,3.03,3.0,0.03,1.0,330423.0,100244.268,10.775,10.775,3.01,3.1500000000000004,2.97,3.03,3.0,3.3,2.7,False,False,True,True,True,True,False,False,False,False,False,False,False,False,False,False,True
000011.SZ,2025-02-27,000011,深物业A,深圳,房产服务,主板,SZSE,L,1992-03-30,,8.54,8.61,8.39,8.49,8.47,0.02,0.2361,44987.6,38251.338,4.411,4.411,8.54,8.61,8.39,8.49,8.47,9.32,7.62,False,False,True,True,True,True,False,False,False,False,False,False,False,False,False,False,True
000012.SZ,2025-02-27,000012,南玻A,深圳,玻璃,主板,SZSE,L,1992-02-28,,5.02,5.06,4.94,4.99,5.02,-0.03,-0.5976,141180.75,70371.25,29.9276,30.3449,4.9509654670142265,4.99041539105418,4.872065618934319,4.9213780239842615,5.02,5.52,4.52,False,False,True,True,True,True,False,False,False,False,False,False,False,False,False,False,True
000001.SZ,2025-02-28,000001,平安银行,深圳,银行,主板,SZSE,L,1991-04-03,,11.58,11.68,11.5,11.53,11.62,-0.09,-0.7745,949088.06,1100335.054,127.7841,134.5794,10.995292578210336,11.090243291320961,10.919332007721836,10.947817221655024,11.62,12.78,10.46,False,False,True,True,True,True,False,False,False,False,False,False,False,False,False,False,True
000002.SZ,2025-02-28,000002,万科A,深圳,全国地产,主板,SZSE,L,1991-01-29,,7.77,8.03,7.67,7.75,7.81,-0.06,-0.7682,2726790.23,2127729.15,181.704,181.704,7.77,8.03,7.67,7.75,7.81,8.59,7.03,False,False,True,True,True,True,False,False,False,False,False,False,False,False,False,False,True
000004.SZ,2025-02-28,000004,国华退,,,主板,SZSE,D,1990-12-01,2026-07-14,12.51,12.61,12.05,12.08,12.56,-0.48,-3.8217,78714.0,96886.805,4.064,4.064,12.51,12.61,12.05,12.08,12.56,13.82,11.3,False,False,True,True,True,True,False,False,False,False,False,False,False,False,False,False,True
000006.SZ,2025-02-28,000006,深振业A,深圳,区域地产,主板,SZSE,L,1992-04-27,,6.71,6.79,6.37,6.38,6.73,-0.35,-5.2006,411843.27,268068.448,39.74,39.74,6.709999999999999,6.79,6.37,6.38,6.73,7.4,6.06,False,False,True,True,True,True,False,False,False,False,False,False,False,False,False,False,True
000007.SZ,2025-02-28,000007,全新好,深圳,其他商业,主板,SZSE,L,1992-04-13,,6.48,6.48,6.24,6.24,6.49,-0.25,-3.8521,58378.66,37094.171,8.284,8.284,6.48,6.48,6.24,6.24,6.49,7.14,5.84,False,False,True,True,True,True,False,False,False,False,False,False,False,False,False,False,True
000008.SZ,2025-02-28,000008,神州高铁,北京,运输设备,主板,SZSE,L,1992-05-07,,2.9,2.9,2.76,2.78,2.92,-0.14,-4.7945,872855.09,246670.023,22.408,22.408,2.8999999999999995,2.8999999999999995,2.76,2.78,2.92,3.21,2.63,False,False,True,True,True,True,False,False,False,False,False,False,False,False,False,False,True
000009.SZ,2025-02-28,000009,中国宝安,深圳,电气设备,主板,SZSE,L,1991-06-25,,8.73,8.77,8.53,8.55,8.78,-0.23,-2.6196,316485.27,273647.203,8.977,9.0053,8.702565156074757,8.742439452322522,8.503193674835929,8.523130822959814,8.78,9.66,7.9,False,False,True,True,True,True,False,False,False,False,False,False,False,False,False,False,True
000010.SZ,2025-02-28,000010,*ST美丽,深圳,建筑工程,主板,SZSE,L,1995-10-27,,3.03,3.03,2.88,2.88,3.03,-0.15,-4.9505,262795.0,77091.62,10.775,10.775,3.03,3.03,2.88,2.88,3.03,3.33,2.73,False,False,True,True,True,True,False,False,False,False,False,False,False,False,False,False,True
000011.SZ,2025-02-28,000011,深物业A,深圳,房产服务,主板,SZSE,L,1992-03-30,,8.48,8.48,8.28,8.31,8.49,-0.18,-2.1201,57303.01,47850.546,4.411,4.411,8.48,8.48,8.28,8.31,8.49,9.34,7.64,False,False,True,True,True,True,False,False,False,False,False,False,False,False,False,False,True
000012.SZ,2025-02-28,000012,南玻A,深圳,玻璃,主板,SZSE,L,1992-02-28,,4.97,4.99,4.94,4.96,4.99,-0.03,-0.6012,143547.16,71246.841,29.9276,30.3449,4.901653061964284,4.9213780239842615,4.872065618934319,4.891790580954296,4.99,5.49,4.49,False,False,True,True,True,True,False,False,False,False,False,False,False,False,False,False,True
000001.SZ,2025-03-03,000001,平安银行,深圳,银行,主板,SZSE,L,1991-04-03,,11.52,11.56,11.45,11.51,11.53,-0.02,-0.1735,830456.95,955266.366,127.7841,134.5794,10.93832215034396,10.976302435588211,10.871856651166523,10.9288270790329,11.53,12.68,10.38,False,False,True,True,True,True,False,False,False,False,False,False,False,False,False,False,True
000002.SZ,2025-03-03,000002,万科A,深圳,全国地产,主板,SZSE,L,1991-01-29,,7.75,7.96,7.75,7.79,7.75,0.04,0.5161,1893661.81,1482908.61,181.704,181.704,7.75,7.96,7.75,7.789999999999999,7.75,8.53,6.98,False,False,True,True,True,True,False,False,False,False,False,False,False,False,False,False,True
000004.SZ,2025-03-03,000004,国华退,,,主板,SZSE,D,1990-12-01,2026-07-14,12.3,12.45,12.06,12.18,12.08,0.1,0.8278,70195.0,85954.527,4.064,4.064,12.3,12.45,12.06,12.18,12.08,13.29,10.87,False,False,True,True,True,True,False,False,False,False,False,False,False,False,False,False,True
000006.SZ,2025-03-03,000006,深振业A,深圳,区域地产,主板,SZSE,L,1992-04-27,,6.4,6.59,6.33,6.44,6.38,0.06,0.9404,339497.05,219107.711,39.74,39.74,6.4,6.589999999999999,6.33,6.44,6.38,7.02,5.74,False,False,True,True,True,True,False,False,False,False,False,False,False,False,False,False,True
000007.SZ,2025-03-03,000007,全新好,深圳,其他商业,主板,SZSE,L,1992-04-13,,6.28,6.48,6.28,6.33,6.24,0.09,1.4423,57861.0,36825.115,8.284,8.284,6.28,6.48,6.28,6.33,6.24,6.86,5.62,False,False,True,True,True,True,False,False,False,False,False,False,False,False,False,False,True
000008.SZ,2025-03-03,000008,神州高铁,北京,运输设备,主板,SZSE,L,1992-05-07,,2.76,2.81,2.73,2.76,2.78,-0.02,-0.7194,664423.36,184098.921,22.408,22.408,2.76,2.81,2.73,2.76,2.78,3.06,2.5,False,False,True,True,True,True,False,False,False,False,False,False,False,False,False,False,True
000009.SZ,2025-03-03,000009,中国宝安,深圳,电气设备,主板,SZSE,L,1991-06-25,,8.63,8.94,8.6,8.8,8.55,0.25,2.924,441365.14,389531.428,8.977,9.0053,8.602879415455345,8.911905211375522,8.57297369326952,8.772345174508345,8.55,9.41,7.7,False,False,True,True,True,True,False,False,False,False,False,False,False,False,False,False,True
000010.SZ,2025-03-03,000010,*ST美丽,深圳,建筑工程,主板,SZSE,L,1995-10-27,,2.87,2.97,2.85,2.92,2.88,0.04,1.3889,246102.0,71992.923,10.775,10.775,2.87,2.97,2.85,2.92,2.88,3.17,2.59,False,False,True,True,True,True,False,False,False,False,False,False,False,False,False,False,True
000011.SZ,2025-03-03,000011,深物业A,深圳,房产服务,主板,SZSE,L,1992-03-30,,8.3,8.46,8.25,8.28,8.31,-0.03,-0.361,54339.87,45359.159,4.411,4.411,8.3,8.46,8.25,8.28,8.31,9.14,7.48,False,False,True,True,True,True,False,False,False,False,False,False,False,False,False,False,True
000012.SZ,2025-03-03,000012,南玻A,深圳,玻璃,主板,SZSE,L,1992-02-28,,4.98,5.02,4.95,4.96,4.96,0.0,0.0,158055.79,78772.293,29.9276,30.3449,4.911515542974273,4.9509654670142265,4.881928099944307,4.891790580954296,4.96,5.46,4.46,False,False,True,True,True,True,False,False,False,False,False,False,False,False,False,False,True
000001.SZ,2025-03-04,000001,平安银行,深圳,银行,主板,SZSE,L,1991-04-03,,11.47,11.55,11.44,11.51,11.51,0.0,0.0,683178.73,785447.989,127.7841,134.5794,10.890846793788649,10.966807364277148,10.86236157985546,10.9288270790329,11.51,12.66,10.36,False,False,True,True,True,True,False,False,False,False,False,False,False,False,False,False,True
000002.SZ,2025-03-04,000002,万科A,深圳,全国地产,主板,SZSE,L,1991-01-29,,7.72,7.73,7.53,7.64,7.79,-0.15,-1.9255,1458434.21,1110094.218,181.704,181.704,7.72,7.73,7.53,7.64,7.79,8.57,7.01,False,False,True,True,True,True,False,False,False,False,False,False,False,False,False,False,True
000004.SZ,2025-03-04,000004,国华退,,,主板,SZSE,D,1990-12-01,2026-07-14,12.12,12.3,11.92,12.28,12.18,0.1,0.821,60933.17,74074.887,4.064,4.064,12.12,12.3,11.92,12.28,12.18,13.4,10.96,False,False,True,True,True,True,False,False,False,False,False,False,False,False,False,False,True
000006.SZ,2025-03-04,000006,深振业A,深圳,区域地产,主板,SZSE,L,1992-04-27,,6.4,6.7,6.4,6.54,6.44,0.1,1.5528,402756.6,265201.116,39.74,39.74,6.4,6.700000000000001,6.4,6.54,6.44,7.08,5.8,False,False,True,True,True,True,False,False,False,False,False,False,False,False,False,False,True
000007.SZ,2025-03-04,000007,全新好,深圳,其他商业,主板,SZSE,L,1992-04-13,,6.35,6.47,6.32,6.46,6.33,0.13,2.0537,40361.5,25860.966,8.284,8.284,6.35,6.47,6.32,6.46,6.33,6.96,5.7,False,False,True,True,True,True,False,False,False,False,False,False,False,False,False,False,True
000008.SZ,2025-03-04,000008,神州高铁,北京,运输设备,主板,SZSE,L,1992-05-07,,2.75,2.82,2.73,2.79,2.76,0.03,1.087,497860.18,138697.266,22.408,22.408,2.75,2.82,2.73,2.79,2.76,3.04,2.48,False,False,True,True,True,True,False,False,False,False,False,False,False,False,False,False,True
000009.SZ,2025-03-04,000009,中国宝安,深圳,电气设备,主板,SZSE,L,1991-06-25,,8.78,8.79,8.65,8.73,8.8,-0.07,-0.7955,224210.95,195208.045,8.977,9.0053,8.752408026384463,8.762376600446403,8.622816563579226,8.702565156074757,8.8,9.68,7.92,False,False,True,True,True,True,False,False,False,False,False,False,False,False,False,False,True
000010.SZ,2025-03-04,000010,*ST美丽,深圳,建筑工程,主板,SZSE,L,1995-10-27,,2.9,2.91,2.86,2.89,2.92,-0.03,-1.0274,142910.04,41110.405,10.775,10.775,2.9,2.91,2.86,2.89,2.92,3.21,2.63,False,False,True,True,True,True,False,False,False,False,False,False,False,False,False,False,True
000011.SZ,2025-03-04,000011,深物业A,深圳,房产服务,主板,SZSE,L,1992-03-30,,8.27,8.33,8.22,8.31,8.28,0.03,0.3623,40050.0,33165.898,4.411,4.411,8.27,8.33,8.22,8.31,8.28,9.11,7.45,False,False,True,True,True,True,False,False,False,False,False,False,False,False,False,False,True
000012.SZ,2025-03-04,000012,南玻A,深圳,玻璃,主板,SZSE,L,1992-02-28,,4.95,4.97,4.92,4.96,4.96,0.0,0.0,121236.25,59962.145,29.9276,30.3449,4.881928099944307,4.901653061964284,4.852340656914342,4.891790580954296,4.96,5.46,4.46,False,False,True,True,True,True,False,False,False,False,False,False,False,False,False,False,True
000001.SZ,2025-03-05,000001,平安银行,深圳,银行,主板,SZSE,L,1991-04-03,,11.52,11.67,11.48,11.66,11.51,0.15,1.3032,1080645.44,1254892.074,127.7841,134.5794,10.93832215034396,11.080748220009898,10.90034186509971,11.071253148698837,11.51,12.66,10.36,False,False,True,True,True,True,False,False,False,False,False,False,False,False,False,False,True
000002.SZ,2025-03-05,000002,万科A,深圳,全国地产,主板,SZSE,L,1991-01-29,,7.6,7.69,7.42,7.53,7.64,-0.11,-1.4398,1364691.06,1027113.711,181.704,181.704,7.6,7.690000000000001,7.42,7.53,7.64,8.4,6.88,False,False,True,True,True,True,False,False,False,False,False,False,False,False,False,False,True
000004.SZ,2025-03-05,000004,国华退,,,主板,SZSE,D,1990-12-01,2026-07-14,12.25,12.3,11.88,12.18,12.28,-0.1,-0.8143,69633.0,83859.082,4.064,4.064,12.25,12.3,11.88,12.18,12.28,13.51,11.05,False,False,True,True,True,True,False,False,False,False,False,False,False,False,False,False,True
000006.SZ,2025-03-05,000006,深振业A,深圳,区域地产,主板,SZSE,L,1992-04-27,,6.47,6.53,6.33,6.52,6.54,-0.02,-0.3058,331349.72,212839.032,39.74,39.74,6.47,6.53,6.33,6.52,6.54,7.19,5.89,False,False,True,True,True,True,False,False,False,False,False,False,False,False,False,False,True
000007.SZ,2025-03-05,000007,全新好,深圳,其他商业,主板,SZSE,L,1992-04-13,,6.46,6.46,6.3,6.41,6.46,-0.05,-0.774,42018.5,26726.448,8.284,8.284,6.46,6.46,6.3,6.41,6.46,7.11,5.81,False,False,True,True,True,True,False,False,False,False,False,False,False,False,False,False,True
000008.SZ,2025-03-05,000008,神州高铁,北京,运输设备,主板,SZSE,L,1992-05-07,,2.79,2.84,2.75,2.81,2.79,0.02,0.7168,584218.0,162986.149,22.408,22.408,2.79,2.84,2.75,2.81,2.79,3.07,2.51,False,False,True,True,True,True,False,False,False,False,False,False,False,False,False,False,True
000009.SZ,2025-03-05,000009,中国宝安,深圳,电气设备,主板,SZSE,L,1991-06-25,,8.74,8.76,8.58,8.64,8.73,-0.09,-1.0309,223829.22,193221.684,8.977,9.0053,8.712533730136698,8.73247087826058,8.553036545145636,8.612847989517286,8.73,9.6,7.86,False,False,True,True,True,True,False,False,False,False,False,False,False,False,False,False,True
000010.SZ,2025-03-05,000010,*ST美丽,深圳,建筑工程,主板,SZSE,L,1995-10-27,,2.91,2.91,2.83,2.89,2.89,0.0,0.0,136923.0,39148.975,10.775,10.775,2.91,2.91,2.83,2.89,2.89,3.18,2.6,False,False,True,True,True,True,False,False,False,False,False,False,False,False,False,False,True
000011.SZ,2025-03-05,000011,深物业A,深圳,房产服务,主板,SZSE,L,1992-03-30,,8.31,8.31,8.1,8.19,8.31,-0.12,-1.444,42503.89,34698.618,4.411,4.411,8.31,8.31,8.1,8.19,8.31,9.14,7.48,False,False,True,True,True,True,False,False,False,False,False,False,False,False,False,False,True
000012.SZ,2025-03-05,000012,南玻A,深圳,玻璃,主板,SZSE,L,1992-02-28,,4.96,4.96,4.9,4.93,4.96,-0.03,-0.6048,98964.35,48713.295,29.9276,30.3449,4.891790580954296,4.891790580954296,4.832615694894366,4.862203137924331,4.96,5.46,4.46,False,False,True,True,True,True,False,False,False,False,False,False,False,False,False,False,True
000001.SZ,2025-03-06,000001,平安银行,深圳,银行,主板,SZSE,L,1991-04-03,,11.69,11.7,11.6,11.63,11.66,-0.03,-0.2573,877407.71,1021780.609,127.7841,134.5794,11.099738362632023,11.109233433943086,11.01428272083246,11.04276793476565,11.66,12.83,10.49,False,False,True,True,True,True,False,False,False,False,False,False,False,False,False,False,True
000002.SZ,2025-03-06,000002,万科A,深圳,全国地产,主板,SZSE,L,1991-01-29,,7.58,7.82,7.56,7.77,7.53,0.24,3.1873,2117133.02,1624520.449,181.704,181.704,7.58,7.82,7.5600000000000005,7.77,7.53,8.28,6.78,False,False,True,True,True,True,False,False,False,False,False,False,False,False,False,False,True
000004.SZ,2025-03-06,000004,国华退,,,主板,SZSE,D,1990-12-01,2026-07-14,12.25,12.76,12.18,12.65,12.18,0.47,3.8588,110615.0,138683.653,4.064,4.064,12.25,12.76,12.18,12.65,12.18,13.4,10.96,False,False,True,True,True,True,False,False,False,False,False,False,False,False,False,False,True
000006.SZ,2025-03-06,000006,深振业A,深圳,区域地产,主板,SZSE,L,1992-04-27,,6.54,6.7,6.54,6.7,6.52,0.18,2.7607,475708.63,315909.264,39.74,39.74,6.54,6.700000000000001,6.54,6.700000000000001,6.52,7.17,5.87,False,False,True,True,True,True,False,False,False,False,False,False,False,False,False,False,True
000007.SZ,2025-03-06,000007,全新好,深圳,其他商业,主板,SZSE,L,1992-04-13,,6.41,6.45,6.36,6.43,6.41,0.02,0.312,34301.58,22022.316,8.284,8.284,6.41,6.45,6.36,6.43,6.41,7.05,5.77,False,False,True,True,True,True,False,False,False,False,False,False,False,False,False,False,True
000008.SZ,2025-03-06,000008,神州高铁,北京,运输设备,主板,SZSE,L,1992-05-07,,2.8,2.84,2.79,2.82,2.81,0.01,0.3559,625787.03,176455.792,22.408,22.408,2.8,2.84,2.79,2.82,2.81,3.09,2.53,False,False,True,True,True,True,False,False,False,False,False,False,False,False,False,False,True
000009.SZ,2025-03-06,000009,中国宝安,深圳,电气设备,主板,SZSE,L,1991-06-25,,8.68,8.73,8.62,8.7,8.64,0.06,0.6944,229104.63,199125.391,8.977,9.0053,8.65272228576505,8.702565156074757,8.592910841393401,8.672659433888931,8.64,9.5,7.78,False,False,True,True,True,True,False,False,False,False,False,False,False,False,False,False,True
000010.SZ,2025-03-06,000010,*ST美丽,深圳,建筑工程,主板,SZSE,L,1995-10-27,,2.88,2.92,2.87,2.9,2.89,0.01,0.346,141828.0,41126.318,10.775,10.775,2.88,2.92,2.87,2.9,2.89,3.18,2.6,False,False,True,True,True,True,False,False,False,False,False,False,False,False,False,False,True
000011.SZ,2025-03-06,000011,深物业A,深圳,房产服务,主板,SZSE,L,1992-03-30,,8.2,8.36,8.14,8.34,8.19,0.15,1.8315,44266.0,36601.566,4.411,4.411,8.2,8.36,8.14,8.34,8.19,9.01,7.37,False,False,True,True,True,True,False,False,False,False,False,False,False,False,False,False,True
000012.SZ,2025-03-06,000012,南玻A,深圳,玻璃,主板,SZSE,L,1992-02-28,,4.94,4.96,4.92,4.95,4.93,0.02,0.4057,140854.7,69566.314,29.9276,30.3449,4.872065618934319,4.891790580954296,4.852340656914342,4.881928099944307,4.93,5.42,4.44,False,False,True,True,True,True,False,False,False,False,False,False,False,False,False,False,True
000001.SZ,2025-03-07,000001,平安银行,深圳,银行,主板,SZSE,L,1991-04-03,,11.63,11.69,11.6,11.67,11.63,0.04,0.3439,835536.69,973236.69,127.7841,134.5794,11.04276793476565,11.099738362632023,11.01428272083246,11.080748220009898,11.63,12.79,10.47,False,False,True,True,True,True,False,False,False,False,False,False,False,False,False,False,True
000002.SZ,2025-03-07,000002,万科A,深圳,全国地产,主板,SZSE,L,1991-01-29,,7.65,7.66,7.52,7.53,7.77,-0.24,-3.0888,1593728.04,1205270.123,181.704,181.704,7.65,7.66,7.52,7.53,7.77,8.55,6.99,False,False,True,True,True,True,False,False,False,False,False,False,False,False,False,False,True
000004.SZ,2025-03-07,000004,国华退,,,主板,SZSE,D,1990-12-01,2026-07-14,12.54,12.61,12.17,12.24,12.65,-0.41,-3.2411,86632.0,106966.78,4.064,4.064,12.54,12.61,12.17,12.24,12.65,13.92,11.39,False,False,True,True,True,True,False,False,False,False,False,False,False,False,False,False,True
000006.SZ,2025-03-07,000006,深振业A,深圳,区域地产,主板,SZSE,L,1992-04-27,,6.66,6.68,6.4,6.44,6.7,-0.26,-3.8806,392389.22,253635.812,39.74,39.74,6.66,6.680000000000001,6.4,6.44,6.7,7.37,6.03,False,False,True,True,True,True,False,False,False,False,False,False,False,False,False,False,True
000007.SZ,2025-03-07,000007,全新好,深圳,其他商业,主板,SZSE,L,1992-04-13,,6.43,6.46,6.34,6.37,6.43,-0.06,-0.9331,33996.6,21741.314,8.284,8.284,6.43,6.46,6.34,6.37,6.43,7.07,5.79,False,False,True,True,True,True,False,False,False,False,False,False,False,False,False,False,True
000008.SZ,2025-03-07,000008,神州高铁,北京,运输设备,主板,SZSE,L,1992-05-07,,2.81,2.82,2.75,2.77,2.82,-0.05,-1.773,614449.0,171062.704,22.408,22.408,2.81,2.82,2.75,2.77,2.82,3.1,2.54,False,False,True,True,True,True,False,False,False,False,False,False,False,False,False,False,True
000009.SZ,2025-03-07,000009,中国宝安,深圳,电气设备,主板,SZSE,L,1991-06-25,,8.7,8.7,8.55,8.58,8.7,-0.12,-1.3793,243059.76,209187.956,8.977,9.0053,8.672659433888931,8.672659433888931,8.523130822959814,8.553036545145636,8.7,9.57,7.83,False,False,True,True,True,True,False,False,False,False,False,False,False,False,False,False,True
000010.SZ,2025-03-07,000010,*ST美丽,深圳,建筑工程,主板,SZSE,L,1995-10-27,,2.92,2.94,2.84,2.85,2.9,-0.05,-1.7241,174280.0,50248.953,10.775,10.775,2.92,2.94,2.84,2.85,2.9,3.19,2.61,False,False,True,True,True,True,False,False,False,False,False,False,False,False,False,False,True
000011.SZ,2025-03-07,000011,深物业A,深圳,房产服务,主板,SZSE,L,1992-03-30,,8.3,8.32,8.16,8.19,8.34,-0.15,-1.7986,40618.0,33295.448,4.411,4.411,8.3,8.32,8.16,8.19,8.34,9.17,7.51,False,False,True,True,True,True,False,False,False,False,False,False,False,False,False,False,True
000012.SZ,2025-03-07,000012,南玻A,深圳,玻璃,主板,SZSE,L,1992-02-28,,4.93,4.96,4.92,4.93,4.95,-0.02,-0.404,108047.68,53342.67,29.9276,30.3449,4.862203137924331,4.891790580954296,4.852340656914342,4.862203137924331,4.95,5.45,4.46,False,False,True,True,True,True,False,False,False,False,False,False,False,False,False,False,True
000001.SZ,2025-03-10,000001,平安银行,深圳,银行,主板,SZSE,L,1991-04-03,,11.66,11.67,11.55,11.59,11.67,-0.08,-0.6855,663833.93,769261.385,127.7841,134.5794,11.071253148698837,11.080748220009898,10.966807364277148,11.004787649521399,11.67,12.84,10.5,False,False,True,True,True,True,False,False,False,False,False,False,False,False,False,False,True
000002.SZ,2025-03-10,000002,万科A,深圳,全国地产,主板,SZSE,L,1991-01-29,,7.54,7.57,7.44,7.48,7.53,-0.05,-0.664,977809.93,732008.884,181.704,181.704,7.54,7.569999999999999,7.44,7.48,7.53,8.28,6.78,False,False,True,True,True,True,False,False,False,False,False,False,False,False,False,False,True
000004.SZ,2025-03-10,000004,国华退,,,主板,SZSE,D,1990-12-01,2026-07-14,12.25,12.25,12.06,12.15,12.24,-0.09,-0.7353,49154.0,59655.045,4.064,4.064,12.25,12.25,12.06,12.15,12.24,13.46,11.02,False,False,True,True,True,True,False,False,False,False,False,False,False,False,False,False,True
000006.SZ,2025-03-10,000006,深振业A,深圳,区域地产,主板,SZSE,L,1992-04-27,,6.39,6.45,6.33,6.44,6.44,0.0,0.0,241211.78,153629.132,39.74,39.74,6.39,6.45,6.33,6.44,6.44,7.08,5.8,False,False,True,True,True,True,False,False,False,False,False,False,False,False,False,False,True
000007.SZ,2025-03-10,000007,全新好,深圳,其他商业,主板,SZSE,L,1992-04-13,,6.37,6.44,6.32,6.39,6.37,0.02,0.314,30057.6,19174.614,8.284,8.284,6.37,6.44,6.32,6.39,6.37,7.01,5.73,False,False,True,True,True,True,False,False,False,False,False,False,False,False,False,False,True
000008.SZ,2025-03-10,000008,神州高铁,北京,运输设备,主板,SZSE,L,1992-05-07,,2.77,2.81,2.76,2.79,2.77,0.02,0.722,425628.0,118834.778,22.408,22.408,2.77,2.81,2.76,2.79,2.77,3.05,2.49,False,False,True,True,True,True,False,False,False,False,False,False,False,False,False,False,True
000009.SZ,2025-03-10,000009,中国宝安,深圳,电气设备,主板,SZSE,L,1991-06-25,,8.58,8.64,8.5,8.54,8.58,-0.04,-0.4662,150034.79,128187.571,8.977,9.0053,8.553036545145636,8.612847989517286,8.473287952650107,8.51316224889787,8.58,9.44,7.72,False,False,True,True,True,True,False,False,False,False,False,False,False,False,False,False,True
000010.SZ,2025-03-10,000010,*ST美丽,深圳,建筑工程,主板,SZSE,L,1995-10-27,,2.84,2.94,2.84,2.88,2.85,0.03,1.0526,161709.0,46799.318,10.775,10.775,2.84,2.94,2.84,2.88,2.85,3.14,2.57,False,False,True,True,True,True,False,False,False,False,False,False,False,False,False,False,True
000011.SZ,2025-03-10,000011,深物业A,深圳,房产服务,主板,SZSE,L,1992-03-30,,8.19,8.28,8.17,8.22,8.19,0.03,0.3663,23218.0,19074.399,4.411,4.411,8.19,8.28,8.17,8.22,8.19,9.01,7.37,False,False,True,True,True,True,False,False,False,False,False,False,False,False,False,False,True
000012.SZ,2025-03-10,000012,南玻A,深圳,玻璃,主板,SZSE,L,1992-02-28,,4.93,4.94,4.9,4.92,4.93,-0.01,-0.2028,92060.57,45236.183,29.9276,30.3449,4.862203137924331,4.872065618934319,4.832615694894366,4.852340656914342,4.93,5.42,4.44,False,False,True,True,True,True,False,False,False,False,False,False,False,False,False,False,True
000001.SZ,2025-03-11,000001,平安银行,深圳,银行,主板,SZSE,L,1991-04-03,,11.54,11.61,11.52,11.61,11.59,0.02,0.1726,608975.27,704240.464,127.7841,134.5794,10.957312292966085,11.023777792143523,10.93832215034396,11.023777792143523,11.59,12.75,10.43,False,False,True,True,True,True,False,False,False,False,False,False,False,False,False,False,True
000002.SZ,2025-03-11,000002,万科A,深圳,全国地产,主板,SZSE,L,1991-01-29,,7.4,7.45,7.35,7.43,7.48,-0.05,-0.6684,872393.37,645348.2,181.704,181.704,7.400000000000001,7.449999999999999,7.35,7.43,7.48,8.23,6.73,False,False,True,True,True,True,False,False,False,False,False,False,False,False,False,False,True
000004.SZ,2025-03-11,000004,国华退,,,主板,SZSE,D,1990-12-01,2026-07-14,12.15,12.25,11.96,12.23,12.15,0.08,0.6584,48417.0,58634.649,4.064,4.064,12.15,12.25,11.96,12.23,12.15,13.37,10.94,False,False,True,True,True,True,False,False,False,False,False,False,False,False,False,False,True
000006.SZ,2025-03-11,000006,深振业A,深圳,区域地产,主板,SZSE,L,1992-04-27,,6.48,7.0,6.35,6.75,6.44,0.31,4.8137,580681.84,385517.582,39.74,39.74,6.480000000000001,7.0,6.35,6.75,6.44,7.08,5.8,False,False,True,True,True,True,False,False,False,False,False,False,False,False,False,False,True
000007.SZ,2025-03-11,000007,全新好,深圳,其他商业,主板,SZSE,L,1992-04-13,,6.34,6.37,6.27,6.35,6.39,-0.04,-0.626,32009.0,20200.684,8.284,8.284,6.34,6.37,6.27,6.35,6.39,7.03,5.75,False,False,True,True,True,True,False,False,False,False,False,False,False,False,False,False,True
000008.SZ,2025-03-11,000008,神州高铁,北京,运输设备,主板,SZSE,L,1992-05-07,,2.76,2.81,2.73,2.81,2.79,0.02,0.7168,495743.3,137878.217,22.408,22.408,2.76,2.81,2.73,2.81,2.79,3.07,2.51,False,False,True,True,True,True,False,False,False,False,False,False,False,False,False,False,True
000009.SZ,2025-03-11,000009,中国宝安,深圳,电气设备,主板,SZSE,L,1991-06-25,,8.46,8.61,8.39,8.6,8.54,0.06,0.7026,176668.57,150256.109,8.977,9.0053,8.433413656402342,8.58294226733146,8.363633637968752,8.57297369326952,8.54,9.39,7.69,False,False,True,True,True,True,False,False,False,False,False,False,False,False,False,False,True
000010.SZ,2025-03-11,000010,*ST美丽,深圳,建筑工程,主板,SZSE,L,1995-10-27,,2.87,2.95,2.84,2.92,2.88,0.04,1.3889,166295.0,48211.085,10.775,10.775,2.87,2.95,2.84,2.92,2.88,3.17,2.59,False,False,True,True,True,True,False,False,False,False,False,False,False,False,False,False,True
000011.SZ,2025-03-11,000011,深物业A,深圳,房产服务,主板,SZSE,L,1992-03-30,,8.18,8.46,8.13,8.37,8.22,0.15,1.8248,63809.0,53083.092,4.411,4.411,8.18,8.46,8.13,8.37,8.22,9.04,7.4,False,False,True,True,True,True,False,False,False,False,False,False,False,False,False,False,True
000012.SZ,2025-03-11,000012,南玻A,深圳,玻璃,主板,SZSE,L,1992-02-28,,4.9,4.93,4.88,4.93,4.92,0.01,0.2033,89022.54,43649.476,29.9276,30.3449,4.832615694894366,4.862203137924331,4.812890732874388,4.862203137924331,4.92,5.41,4.43,False,False,True,True,True,True,False,False,False,False,False,False,False,False,False,False,True
000001.SZ,2025-03-12,000001,平安银行,深圳,银行,主板,SZSE,L,1991-04-03,,11.6,11.87,11.56,11.85,11.61,0.24,2.0672,1877318.4,2210904.482,127.7841,134.5794,11.01428272083246,11.270649646231147,10.976302435588211,11.251659503609023,11.61,12.77,10.45,False,False,True,True,True,True,False,False,False,False,False,False,False,False,False,False,True
000002.SZ,2025-03-12,000002,万科A,深圳,全国地产,主板,SZSE,L,1991-01-29,,7.43,7.48,7.4,7.44,7.43,0.01,0.1346,661168.15,491951.065,181.704,181.704,7.43,7.48,7.400000000000001,7.44,7.43,8.17,6.69,False,False,True,True,True,True,False,False,False,False,False,False,False,False,False,False,True
000004.SZ,2025-03-12,000004,国华退,,,主板,SZSE,D,1990-12-01,2026-07-14,12.31,12.35,12.17,12.25,12.23,0.02,0.1635,50222.0,61486.916,4.064,4.064,12.31,12.35,12.17,12.25,12.23,13.45,11.01,False,False,True,True,True,True,False,False,False,False,False,False,False,False,False,False,True
000006.SZ,2025-03-12,000006,深振业A,深圳,区域地产,主板,SZSE,L,1992-04-27,,6.71,6.86,6.65,6.66,6.75,-0.09,-1.3333,379950.39,256074.976,39.74,39.74,6.709999999999999,6.859999999999999,6.65,6.66,6.75,7.43,6.08,False,False,True,True,True,True,False,False,False,False,False,False,False,False,False,False,True
000007.SZ,2025-03-12,000007,全新好,深圳,其他商业,主板,SZSE,L,1992-04-13,,6.35,6.38,6.24,6.26,6.35,-0.09,-1.4173,47425.94,29780.688,8.284,8.284,6.35,6.38,6.24,6.26,6.35,6.99,5.72,False,False,True,True,True,True,False,False,False,False,False,False,False,False,False,False,True
000008.SZ,2025-03-12,000008,神州高铁,北京,运输设备,主板,SZSE,L,1992-05-07,,2.8,2.87,2.79,2.84,2.81,0.03,1.0676,804325.0,228898.786,22.408,22.408,2.8,2.87,2.79,2.84,2.81,3.09,2.53,False,False,True,True,True,True,False,False,False,False,False,False,False,False,False,False,True
000009.SZ,2025-03-12,000009,中国宝安,深圳,电气设备,主板,SZSE,L,1991-06-25,,8.61,8.64,8.55,8.58,8.6,-0.02,-0.2326,137908.0,118401.166,8.977,9.0053,8.58294226733146,8.612847989517286,8.523130822959814,8.553036545145636,8.6,9.46,7.74,False,False,True,True,True,True,False,False,False,False,False,False,False,False,False,False,True
000010.SZ,2025-03-12,000010,*ST美丽,深圳,建筑工程,主板,SZSE,L,1995-10-27,,2.93,2.98,2.91,2.97,2.92,0.05,1.7123,294354.0,86881.308,10.775,10.775,2.93,2.9800000000000004,2.91,2.97,2.92,3.21,2.63,False,False,True,True,True,True,False,False,False,False,False,False,False,False,False,False,True
000011.SZ,2025-03-12,000011,深物业A,深圳,房产服务,主板,SZSE,L,1992-03-30,,8.35,8.66,8.32,8.4,8.37,0.03,0.3584,95376.12,80867.836,4.411,4.411,8.35,8.66,8.32,8.4,8.37,9.21,7.53,False,False,True,True,True,True,False,False,False,False,False,False,False,False,False,False,True
000012.SZ,2025-03-12,000012,南玻A,深圳,玻璃,主板,SZSE,L,1992-02-28,,4.93,4.94,4.9,4.91,4.93,-0.02,-0.4057,98767.92,48548.733,29.9276,30.3449,4.862203137924331,4.872065618934319,4.832615694894366,4.842478175904354,4.93,5.42,4.44,False,False,True,True,True,True,False,False,False,False,False,False,False,False,False,False,True
000001.SZ,2025-03-13,000001,平安银行,深圳,银行,主板,SZSE,L,1991-04-03,,11.81,11.91,11.78,11.84,11.85,-0.01,-0.0844,1312371.21,1555123.174,127.7841,134.5794,11.213679218364774,11.308629931475398,11.185194004431585,11.24216443229796,11.85,13.04,10.67,False,False,True,True,True,True,False,False,False,False,False,False,False,False,False,False,True
000002.SZ,2025-03-13,000002,万科A,深圳,全国地产,主板,SZSE,L,1991-01-29,,7.41,7.44,7.33,7.35,7.44,-0.09,-1.2097,758376.5,559845.298,181.704,181.704,7.41,7.44,7.329999999999999,7.35,7.44,8.18,6.7,False,False,True,True,True,True,False,False,False,False,False,False,False,False,False,False,True
000004.SZ,2025-03-13,000004,国华退,,,主板,SZSE,D,1990-12-01,2026-07-14,12.24,12.24,11.85,12.02,12.25,-0.23,-1.8776,54916.33,65883.726,4.064,4.064,12.24,12.24,11.85,12.02,12.25,13.48,11.03,False,False,True,True,True,True,False,False,False,False,False,False,False,False,False,False,True
000006.SZ,2025-03-13,000006,深振业A,深圳,区域地产,主板,SZSE,L,1992-04-27,,6.66,6.69,6.43,6.51,6.66,-0.15,-2.2523,279961.64,182227.092,39.74,39.74,6.66,6.69,6.43,6.51,6.66,7.33,5.99,False,False,True,True,True,True,False,False,False,False,False,False,False,False,False,False,True
000007.SZ,2025-03-13,000007,全新好,深圳,其他商业,主板,SZSE,L,1992-04-13,,6.29,6.31,6.15,6.2,6.26,-0.06,-0.9585,60442.0,37563.424,8.284,8.284,6.29,6.31,6.15,6.2,6.26,6.89,5.63,False,False,True,True,True,True,False,False,False,False,False,False,False,False,False,False,True
000008.SZ,2025-03-13,000008,神州高铁,北京,运输设备,主板,SZSE,L,1992-05-07,,2.84,2.85,2.74,2.77,2.84,-0.07,-2.4648,687770.0,190609.907,22.408,22.408,2.84,2.85,2.74,2.77,2.84,3.12,2.56,False,False,True,True,True,True,False,False,False,False,False,False,False,False,False,False,True
000009.SZ,2025-03-13,000009,中国宝安,深圳,电气设备,主板,SZSE,L,1991-06-25,,8.56,8.61,8.46,8.52,8.58,-0.06,-0.6993,156493.24,133151.516,8.977,9.0053,8.533099397021756,8.58294226733146,8.433413656402342,8.493225100773987,8.58,9.44,7.72,False,False,True,True,True,True,False,False,False,False,False,False,False,False,False,False,True
000010.SZ,2025-03-13,000010,*ST美丽,深圳,建筑工程,主板,SZSE,L,1995-10-27,,2.96,2.97,2.85,2.89,2.97,-0.08,-2.6936,242793.0,70157.623,10.775,10.775,2.96,2.97,2.85,2.89,2.97,3.27,2.67,False,False,True,True,True,True,False,False,False,False,False,False,False,False,False,False,True
000011.SZ,2025-03-13,000011,深物业A,深圳,房产服务,主板,SZSE,L,1992-03-30,,8.4,8.43,8.27,8.37,8.4,-0.03,-0.3571,48618.01,40532.994,4.411,4.411,8.4,8.43,8.27,8.37,8.4,9.24,7.56,False,False,True,True,True,True,False,False,False,False,False,False,False,False,False,False,True
000012.SZ,2025-03-13,000012,南玻A,深圳,玻璃,主板,SZSE,L,1992-02-28,,4.92,4.93,4.89,4.92,4.91,0.01,0.2037,106073.5,52037.018,29.9276,30.3449,4.852340656914342,4.862203137924331,4.8227532138843765,4.852340656914342,4.91,5.4,4.42,False,False,True,True,True,True,False,False,False,False,False,False,False,False,False,False,True
000001.SZ,2025-03-14,000001,平安银行,深圳,银行,主板,SZSE,L,1991-04-03,,11.82,12.0,11.82,11.97,11.84,0.13,1.098,1722417.65,2057970.454,127.7841,134.5794,11.223174289675836,11.39408557327496,11.223174289675836,11.365600359341773,11.84,13.02,10.66,False,False,True,True,True,True,False,False,False,False,False,False,False,False,False,False,True
000002.SZ,2025-03-14,000002,万科A,深圳,全国地产,主板,SZSE,L,1991-01-29,,7.37,7.59,7.37,7.54,7.35,0.19,2.585,1456521.92,1092327.785,181.704,181.704,7.37,7.59,7.37,7.54,7.35,8.09,6.62,False,False,True,True,True,True,False,False,False,False,False,False,False,False,False,False,True
000004.SZ,2025-03-14,000004,国华退,,,主板,SZSE,D,1990-12-01,2026-07-14,12.03,12.27,11.9,12.26,12.02,0.24,1.9967,63650.0,77099.556,4.064,4.064,12.03,12.27,11.9,12.26,12.02,13.22,10.82,False,False,True,True,True,True,False,False,False,False,False,False,False,False,False,False,True
000006.SZ,2025-03-14,000006,深振业A,深圳,区域地产,主板,SZSE,L,1992-04-27,,6.49,6.6,6.46,6.59,6.51,0.08,1.2289,237564.05,155348.162,39.74,39.74,6.489999999999999,6.6,6.459999999999999,6.589999999999999,6.51,7.16,5.86,False,False,True,True,True,True,False,False,False,False,False,False,False,False,False,False,True
000007.SZ,2025-03-14,000007,全新好,深圳,其他商业,主板,SZSE,L,1992-04-13,,6.21,6.37,6.17,6.35,6.2,0.15,2.4194,66058.01,41408.419,8.284,8.284,6.21,6.37,6.17,6.35,6.2,6.82,5.58,False,False,True,True,True,True,False,False,False,False,False,False,False,False,False,False,True
000008.SZ,2025-03-14,000008,神州高铁,北京,运输设备,主板,SZSE,L,1992-05-07,,2.76,2.82,2.73,2.8,2.77,0.03,1.083,557270.03,154900.761,22.408,22.408,2.76,2.82,2.73,2.8,2.77,3.05,2.49,False,False,True,True,True,True,False,False,False,False,False,False,False,False,False,False,True
000009.SZ,2025-03-14,000009,中国宝安,深圳,电气设备,主板,SZSE,L,1991-06-25,,8.5,8.63,8.49,8.62,8.52,0.1,1.1737,232726.89,199807.664,8.977,9.0053,8.473287952650107,8.602879415455345,8.463319378588166,8.592910841393401,8.52,9.37,7.67,False,False,True,True,True,True,False,False,False,False,False,False,False,False,False,False,True
000010.SZ,2025-03-14,000010,*ST美丽,深圳,建筑工程,主板,SZSE,L,1995-10-27,,2.89,2.95,2.85,2.93,2.89,0.04,1.3841,215436.97,62653.518,10.775,10.775,2.89,2.95,2.85,2.93,2.89,3.18,2.6,False,False,True,True,True,True,False,False,False,False,False,False,False,False,False,False,True
000011.SZ,2025-03-14,000011,深物业A,深圳,房产服务,主板,SZSE,L,1992-03-30,,8.37,8.5,8.28,8.48,8.37,0.11,1.3142,50890.01,42817.007,4.411,4.411,8.37,8.5,8.28,8.48,8.37,9.21,7.53,False,False,True,True,True,True,False,False,False,False,False,False,False,False,False,False,True
000012.SZ,2025-03-14,000012,南玻A,深圳,玻璃,主板,SZSE,L,1992-02-28,,4.92,4.98,4.91,4.97,4.92,0.05,1.0163,179499.72,88921.283,29.9276,30.3449,4.852340656914342,4.911515542974273,4.842478175904354,4.901653061964284,4.92,5.41,4.43,False,False,True,True,True,True,False,False,False,False,False,False,False,False,False,False,True
000001.SZ,2025-03-17,000001,平安银行,深圳,银行,主板,SZSE,L,1991-04-03,,11.63,11.67,11.46,11.5,11.97,-0.47,-3.9265,4603612.1,5315522.817,127.7841,134.5794,11.04276793476565,11.080748220009898,10.881351722477586,10.919332007721836,11.97,13.17,10.77,False,False,True,True,True,True,False,False,False,False,False,False,False,False,False,False,True
000002.SZ,2025-03-17,000002,万科A,深圳,全国地产,主板,SZSE,L,1991-01-29,,7.6,7.73,7.54,7.56,7.54,0.02,0.2653,1290089.43,980824.633,181.704,181.704,7.6,7.73,7.54,7.5600000000000005,7.54,8.29,6.79,False,False,True,True,True,True,False,False,False,False,False,False,False,False,False,False,True
000004.SZ,2025-03-17,000004,国华退,,,主板,SZSE,D,1990-12-01,2026-07-14,12.35,12.67,12.35,12.43,12.26,0.17,1.3866,95848.0,119880.263,4.064,4.064,12.35,12.67,12.35,12.43,12.26,13.49,11.03,False,False,True,True,True,True,False,False,False,False,False,False,False,False,False,False,True
000006.SZ,2025-03-17,000006,深振业A,深圳,区域地产,主板,SZSE,L,1992-04-27,,6.55,6.7,6.55,6.61,6.59,0.02,0.3035,245800.04,162646.873,39.74,39.74,6.550000000000001,6.700000000000001,6.550000000000001,6.610000000000001,6.59,7.25,5.93,False,False,True,True,True,True,False,False,False,False,False,False,False,False,False,False,True
000007.SZ,2025-03-17,000007,全新好,深圳,其他商业,主板,SZSE,L,1992-04-13,,6.37,6.53,6.32,6.37,6.35,0.02,0.315,53347.77,34143.171,8.284,8.284,6.37,6.53,6.32,6.37,6.35,6.99,5.72,False,False,True,True,True,True,False,False,False,False,False,False,False,False,False,False,True
000008.SZ,2025-03-17,000008,神州高铁,北京,运输设备,主板,SZSE,L,1992-05-07,,2.79,2.86,2.79,2.83,2.8,0.03,1.0714,652189.0,185111.155,22.408,22.408,2.79,2.8600000000000003,2.79,2.83,2.8,3.08,2.52,False,False,True,True,True,True,False,False,False,False,False,False,False,False,False,False,True
000009.SZ,2025-03-17,000009,中国宝安,深圳,电气设备,主板,SZSE,L,1991-06-25,,8.64,8.71,8.61,8.61,8.62,-0.01,-0.116,170680.56,147574.367,8.977,9.0053,8.612847989517286,8.682628007950875,8.58294226733146,8.58294226733146,8.62,9.48,7.76,False,False,True,True,True,True,False,False,False,False,False,False,False,False,False,False,True
000010.SZ,2025-03-17,000010,*ST美丽,深圳,建筑工程,主板,SZSE,L,1995-10-27,,2.93,3.2,2.93,3.07,2.93,0.14,4.7782,523140.86,160808.713,10.775,10.775,2.93,3.2,2.93,3.0700000000000003,2.93,3.22,2.64,False,False,True,True,True,True,False,False,False,False,False,False,False,False,False,False,True
000011.SZ,2025-03-17,000011,深物业A,深圳,房产服务,主板,SZSE,L,1992-03-30,,8.53,8.63,8.49,8.53,8.48,0.05,0.5896,60111.0,51391.132,4.411,4.411,8.53,8.63,8.49,8.53,8.48,9.33,7.63,False,False,True,True,True,True,False,False,False,False,False,False,False,False,False,False,True
000012.SZ,2025-03-17,000012,南玻A,深圳,玻璃,主板,SZSE,L,1992-02-28,,4.99,5.02,4.98,5.01,4.97,0.04,0.8048,156268.37,78158.086,29.9276,30.3449,4.9213780239842615,4.9509654670142265,4.911515542974273,4.941102986004238,4.97,5.47,4.47,False,False,True,True,True,True,False,False,False,False,False,False,False,False,False,False,True
000001.SZ,2025-03-18,000001,平安银行,深圳,银行,主板,SZSE,L,1991-04-03,,11.52,11.54,11.48,11.49,11.5,-0.01,-0.087,1605290.0,1846500.421,127.7841,134.5794,10.93832215034396,10.957312292966085,10.90034186509971,10.909836936410773,11.5,12.65,10.35,False,False,True,True,True,True,False,False,False,False,False,False,False,False,False,False,True
000002.SZ,2025-03-18,000002,万科A,深圳,全国地产,主板,SZSE,L,1991-01-29,,7.57,7.59,7.49,7.53,7.56,-0.03,-0.3968,893408.09,672571.247,181.704,181.704,7.569999999999999,7.59,7.49,7.53,7.56,8.32,6.8,False,False,True,True,True,True,False,False,False,False,False,False,False,False,False,False,True
000004.SZ,2025-03-18,000004,国华退,,,主板,SZSE,D,1990-12-01,2026-07-14,12.43,12.43,12.17,12.22,12.43,-0.21,-1.6895,60471.0,74071.756,4.064,4.064,12.43,12.43,12.17,12.22,12.43,13.67,11.19,False,False,True,True,True,True,False,False,False,False,False,False,False,False,False,False,True
000006.SZ,2025-03-18,000006,深振业A,深圳,区域地产,主板,SZSE,L,1992-04-27,,6.59,6.67,6.54,6.57,6.61,-0.04,-0.6051,206442.94,136214.721,39.74,39.74,6.589999999999999,6.67,6.54,6.57,6.61,7.27,5.95,False,False,True,True,True,True,False,False,False,False,False,False,False,False,False,False,True
000007.SZ,2025-03-18,000007,全新好,深圳,其他商业,主板,SZSE,L,1992-04-13,,6.44,6.45,6.33,6.44,6.37,0.07,1.0989,40907.12,26193.725,8.284,8.284,6.44,6.45,6.33,6.44,6.37,7.01,5.73,False,False,True,True,True,True,False,False,False,False,False,False,False,False,False,False,True
000008.SZ,2025-03-18,000008,神州高铁,北京,运输设备,主板,SZSE,L,1992-05-07,,2.83,2.84,2.78,2.81,2.83,-0.02,-0.7067,461518.26,129141.713,22.408,22.408,2.83,2.84,2.78,2.81,2.83,3.11,2.55,False,False,True,True,True,True,False,False,False,False,False,False,False,False,False,False,True
000009.SZ,2025-03-18,000009,中国宝安,深圳,电气设备,主板,SZSE,L,1991-06-25,,8.68,8.72,8.61,8.65,8.61,0.04,0.4646,183948.34,159277.872,8.977,9.0053,8.65272228576505,8.692596582012815,8.58294226733146,8.622816563579226,8.61,9.47,7.75,False,False,True,True,True,True,False,False,False,False,False,False,False,False,False,False,True
000010.SZ,2025-03-18,000010,*ST美丽,深圳,建筑工程,主板,SZSE,L,1995-10-27,,3.08,3.1,3.03,3.05,3.07,-0.02,-0.6515,293709.0,89805.89,10.775,10.775,3.0800000000000005,3.1,3.03,3.0499999999999994,3.07,3.38,2.76,False,False,True,True,True,True,False,False,False,False,False,False,False,False,False,False,True
000011.SZ,2025-03-18,000011,深物业A,深圳,房产服务,主板,SZSE,L,1992-03-30,,8.52,8.55,8.42,8.46,8.53,-0.07,-0.8206,36032.12,30469.169,4.411,4.411,8.52,8.55,8.42,8.46,8.53,9.38,7.68,False,False,True,True,True,True,False,False,False,False,False,False,False,False,False,False,True
000012.SZ,2025-03-18,000012,南玻A,深圳,玻璃,主板,SZSE,L,1992-02-28,,5.01,5.02,4.98,5.0,5.01,-0.01,-0.1996,90095.53,44987.299,29.9276,30.3449,4.941102986004238,4.9509654670142265,4.911515542974273,4.93124050499425,5.01,5.51,4.51,False,False,True,True,True,True,False,False,False,False,False,False,False,False,False,False,True
000001.SZ,2025-03-19,000001,平安银行,深圳,银行,主板,SZSE,L,1991-04-03,,11.48,11.53,11.46,11.52,11.49,0.03,0.2611,1362454.91,1566452.161,127.7841,134.5794,10.90034186509971,10.947817221655024,10.881351722477586,10.93832215034396,11.49,12.64,10.34,False,False,True,True,True,True,False,False,False,False,False,False,False,False,False,False,True
000002.SZ,2025-03-19,000002,万科A,深圳,全国地产,主板,SZSE,L,1991-01-29,,7.49,7.52,7.43,7.47,7.53,-0.06,-0.7968,708566.38,528939.027,181.704,181.704,7.49,7.52,7.43,7.47,7.53,8.28,6.78,False,False,True,True,True,True,False,False,False,False,False,False,False,False,False,False,True
000004.SZ,2025-03-19,000004,国华退,,,主板,SZSE,D,1990-12-01,2026-07-14,12.21,12.21,11.96,12.0,12.22,-0.22,-1.8003,51281.0,61839.999,4.064,4.064,12.21,12.21,11.96,12.0,12.22,13.44,11.0,False,False,True,True,True,True,False,False,False,False,False,False,False,False,False,False,True
000006.SZ,2025-03-19,000006,深振业A,深圳,区域地产,主板,SZSE,L,1992-04-27,,6.53,6.7,6.45,6.51,6.57,-0.06,-0.9132,269877.0,177331.952,39.74,39.74,6.53,6.700000000000001,6.45,6.51,6.57,7.23,5.91,False,False,True,True,True,True,False,False,False,False,False,False,False,False,False,False,True
000007.SZ,2025-03-19,000007,全新好,深圳,其他商业,主板,SZSE,L,1992-04-13,,6.41,6.45,6.31,6.32,6.44,-0.12,-1.8634,34098.62,21704.065,8.284,8.284,6.41,6.45,6.31,6.32,6.44,7.08,5.8,False,False,True,True,True,True,False,False,False,False,False,False,False,False,False,False,True
000008.SZ,2025-03-19,000008,神州高铁,北京,运输设备,主板,SZSE,L,1992-05-07,,2.81,2.81,2.76,2.79,2.81,-0.02,-0.7117,429101.05,119292.67,22.408,22.408,2.81,2.81,2.76,2.79,2.81,3.09,2.53,False,False,True,True,True,True,False,False,False,False,False,False,False,False,False,False,True
000009.SZ,2025-03-19,000009,中国宝安,深圳,电气设备,主板,SZSE,L,1991-06-25,,8.64,8.64,8.53,8.56,8.65,-0.09,-1.0405,171860.0,147153.212,8.977,9.0053,8.612847989517286,8.612847989517286,8.503193674835929,8.533099397021756,8.65,9.52,7.79,False,False,True,True,True,True,False,False,False,False,False,False,False,False,False,False,True
000010.SZ,2025-03-19,000010,*ST美丽,深圳,建筑工程,主板,SZSE,L,1995-10-27,,3.06,3.07,3.01,3.03,3.05,-0.02,-0.6557,159419.0,48362.729,10.775,10.775,3.0599999999999996,3.0700000000000003,3.01,3.03,3.05,3.36,2.75,False,False,True,True,True,True,False,False,False,False,False,False,False,False,False,False,True
000011.SZ,2025-03-19,000011,深物业A,深圳,房产服务,主板,SZSE,L,1992-03-30,,8.45,8.49,8.42,8.48,8.46,0.02,0.2364,28476.12,24080.875,4.411,4.411,8.45,8.49,8.42,8.48,8.46,9.31,7.61,False,False,True,True,True,True,False,False,False,False,False,False,False,False,False,False,True
000012.SZ,2025-03-19,000012,南玻A,深圳,玻璃,主板,SZSE,L,1992-02-28,,4.99,5.02,4.96,5.0,5.0,0.0,0.0,102245.33,51008.621,29.9276,30.3449,4.9213780239842615,4.9509654670142265,4.891790580954296,4.93124050499425,5.0,5.5,4.5,False,False,True,True,True,True,False,False,False,False,False,False,False,False,False,False,True
000001.SZ,2025-03-20,000001,平安银行,深圳,银行,主板,SZSE,L,1991-04-03,,11.51,11.61,11.49,11.49,11.52,-0.03,-0.2604,1101157.24,1268849.14,127.7841,134.5794,10.9288270790329,11.023777792143523,10.909836936410773,10.909836936410773,11.52,12.67,10.37,False,False,True,True,True,True,False,False,False,False,False,False,False,False,False,False,True
000002.SZ,2025-03-20,000002,万科A,深圳,全国地产,主板,SZSE,L,1991-01-29,,7.45,7.49,7.41,7.43,7.47,-0.04,-0.5355,612302.39,456199.376,181.704,181.704,7.449999999999999,7.49,7.41,7.43,7.47,8.22,6.72,False,False,True,True,True,True,False,False,False,False,False,False,False,False,False,False,True
000004.SZ,2025-03-20,000004,国华退,,,主板,SZSE,D,1990-12-01,2026-07-14,11.99,12.09,11.88,11.96,12.0,-0.04,-0.3333,40394.0,48422.349,4.064,4.064,11.99,12.09,11.88,11.96,12.0,13.2,10.8,False,False,True,True,True,True,False,False,False,False,False,False,False,False,False,False,True
000006.SZ,2025-03-20,000006,深振业A,深圳,区域地产,主板,SZSE,L,1992-04-27,,6.5,6.56,6.46,6.48,6.51,-0.03,-0.4608,161662.33,105078.046,39.74,39.74,6.5,6.559999999999999,6.459999999999999,6.480000000000001,6.51,7.16,5.86,False,False,True,True,True,True,False,False,False,False,False,False,False,False,False,False,True
000007.SZ,2025-03-20,000007,全新好,深圳,其他商业,主板,SZSE,L,1992-04-13,,6.34,6.39,6.28,6.3,6.32,-0.02,-0.3165,33162.01,21001.249,8.284,8.284,6.34,6.39,6.28,6.3,6.32,6.95,5.69,False,False,True,True,True,True,False,False,False,False,False,False,False,False,False,False,True
000008.SZ,2025-03-20,000008,神州高铁,北京,运输设备,主板,SZSE,L,1992-05-07,,2.78,2.84,2.77,2.82,2.79,0.03,1.0753,577091.0,162174.755,22.408,22.408,2.78,2.84,2.77,2.82,2.79,3.07,2.51,False,False,True,True,True,True,False,False,False,False,False,False,False,False,False,False,True
000009.SZ,2025-03-20,000009,中国宝安,深圳,电气设备,主板,SZSE,L,1991-06-25,,8.56,8.6,8.51,8.52,8.56,-0.04,-0.4673,132646.38,113378.633,8.977,9.0053,8.533099397021756,8.57297369326952,8.483256526712047,8.493225100773987,8.56,9.42,7.7,False,False,True,True,True,True,False,False,False,False,False,False,False,False,False,False,True
000010.SZ,2025-03-20,000010,*ST美丽,深圳,建筑工程,主板,SZSE,L,1995-10-27,,3.02,3.12,3.02,3.07,3.03,0.04,1.3201,288494.01,88916.699,10.775,10.775,3.02,3.12,3.02,3.0700000000000003,3.03,3.33,2.73,False,False,True,True,True,True,False,False,False,False,False,False,False,False,False,False,True
000011.SZ,2025-03-20,000011,深物业A,深圳,房产服务,主板,SZSE,L,1992-03-30,,8.44,8.56,8.44,8.56,8.48,0.08,0.9434,32514.0,27676.444,4.411,4.411,8.44,8.56,8.44,8.56,8.48,9.33,7.63,False,False,True,True,True,True,False,False,False,False,False,False,False,False,False,False,True
000012.SZ,2025-03-20,000012,南玻A,深圳,玻璃,主板,SZSE,L,1992-02-28,,5.0,5.03,4.99,5.01,5.0,0.01,0.2,126330.67,63327.869,29.9276,30.3449,4.93124050499425,4.960827948024216,4.9213780239842615,4.941102986004238,5.0,5.5,4.5,False,False,True,True,True,True,False,False,False,False,False,False,False,False,False,False,True
000001.SZ,2025-03-21,000001,平安银行,深圳,银行,主板,SZSE,L,1991-04-03,,11.49,11.52,11.39,11.42,11.49,-0.07,-0.6092,1376388.97,1576151.833,127.7841,134.5794,10.909836936410773,10.93832215034396,10.814886223300148,10.843371437233335,11.49,12.64,10.34,False,False,True,True,True,True,False,False,False,False,False,False,False,False,False,False,True
000002.SZ,2025-03-21,000002,万科A,深圳,全国地产,主板,SZSE,L,1991-01-29,,7.4,7.42,7.27,7.36,7.43,-0.07,-0.9421,1306620.88,960505.549,181.704,181.704,7.400000000000001,7.42,7.2700000000000005,7.36,7.43,8.17,6.69,False,False,True,True,True,True,False,False,False,False,False,False,False,False,False,False,True
000004.SZ,2025-03-21,000004,国华退,,,主板,SZSE,D,1990-12-01,2026-07-14,11.95,11.96,11.6,11.65,11.96,-0.31,-2.592,48749.32,57100.365,4.064,4.064,11.95,11.96,11.6,11.65,11.96,13.16,10.76,False,False,True,True,True,True,False,False,False,False,False,False,False,False,False,False,True
000006.SZ,2025-03-21,000006,深振业A,深圳,区域地产,主板,SZSE,L,1992-04-27,,6.45,6.94,6.39,6.76,6.48,0.28,4.321,505532.33,334417.287,39.74,39.74,6.45,6.94,6.39,6.76,6.48,7.13,5.83,False,False,True,True,True,True,False,False,False,False,False,False,False,False,False,False,True
000007.SZ,2025-03-21,000007,全新好,深圳,其他商业,主板,SZSE,L,1992-04-13,,6.28,6.33,6.14,6.26,6.3,-0.04,-0.6349,52226.88,32611.931,8.284,8.284,6.28,6.33,6.14,6.26,6.3,6.93,5.67,False,False,True,True,True,True,False,False,False,False,False,False,False,False,False,False,True
000008.SZ,2025-03-21,000008,神州高铁,北京,运输设备,主板,SZSE,L,1992-05-07,,2.81,2.86,2.76,2.77,2.82,-0.05,-1.773,697348.2,195532.137,22.408,22.408,2.81,2.8600000000000003,2.76,2.77,2.82,3.1,2.54,False,False,True,True,True,True,False,False,False,False,False,False,False,False,False,False,True
000009.SZ,2025-03-21,000009,中国宝安,深圳,电气设备,主板,SZSE,L,1991-06-25,,8.52,8.55,8.42,8.46,8.52,-0.06,-0.7042,211580.05,179536.921,8.977,9.0053,8.493225100773987,8.523130822959814,8.393539360154577,8.433413656402342,8.52,9.37,7.67,False,False,True,True,True,True,False,False,False,False,False,False,False,False,False,False,True
000010.SZ,2025-03-21,000010,*ST美丽,深圳,建筑工程,主板,SZSE,L,1995-10-27,,3.08,3.14,3.03,3.1,3.07,0.03,0.9772,351916.04,108199.839,10.775,10.775,3.0800000000000005,3.14,3.03,3.1,3.07,3.38,2.76,False,False,True,True,True,True,False,False,False,False,False,False,False,False,False,False,True
000011.SZ,2025-03-21,000011,深物业A,深圳,房产服务,主板,SZSE,L,1992-03-30,,8.49,8.65,8.43,8.52,8.56,-0.04,-0.4673,47316.98,40314.267,4.411,4.411,8.49,8.65,8.43,8.52,8.56,9.42,7.7,False,False,True,True,True,True,False,False,False,False,False,False,False,False,False,False,True
000012.SZ,2025-03-21,000012,南玻A,深圳,玻璃,主板,SZSE,L,1992-02-28,,5.01,5.07,5.0,5.05,5.01,0.04,0.7984,234216.4,118090.785,29.9276,30.3449,4.941102986004238,5.000277872064169,4.93124050499425,4.980552910044191,5.01,5.51,4.51,False,False,True,True,True,True,False,False,False,False,False,False,False,False,False,False,True
000001.SZ,2025-03-24,000001,平安银行,深圳,银行,主板,SZSE,L,1991-04-03,,11.41,11.44,11.34,11.38,11.42,-0.04,-0.3503,1164577.34,1325564.002,127.7841,134.5794,10.833876365922272,10.86236157985546,10.767410866744836,10.805391151989086,11.42,12.56,10.28,False,False,True,True,True,True,False,False,False,False,False,False,False,False,False,False,True
000002.SZ,2025-03-24,000002,万科A,深圳,全国地产,主板,SZSE,L,1991-01-29,,7.35,7.35,7.15,7.18,7.36,-0.18,-2.4457,1050612.5,759032.562,181.704,181.704,7.35,7.35,7.15,7.18,7.36,8.1,6.62,False,False,True,True,True,True,False,False,False,False,False,False,False,False,False,False,True
000004.SZ,2025-03-24,000004,国华退,,,主板,SZSE,D,1990-12-01,2026-07-14,11.13,11.21,10.49,10.5,11.65,-1.15,-9.8712,151889.0,162378.169,4.064,4.064,11.13,11.21,10.49,10.5,11.65,12.82,10.49,False,False,True,True,True,True,False,False,False,False,False,False,False,False,False,False,True
000006.SZ,2025-03-24,000006,深振业A,深圳,区域地产,主板,SZSE,L,1992-04-27,,6.57,6.62,6.44,6.48,6.76,-0.28,-4.142,311536.58,202284.845,39.74,39.74,6.57,6.62,6.44,6.480000000000001,6.76,7.44,6.08,False,False,True,True,True,True,False,False,False,False,False,False,False,False,False,False,True
000007.SZ,2025-03-24,000007,全新好,深圳,其他商业,主板,SZSE,L,1992-04-13,,6.26,6.3,5.95,6.0,6.26,-0.26,-4.1534,71750.01,43798.373,8.284,8.284,6.26,6.3,5.95,6.0,6.26,6.89,5.63,False,False,True,True,True,True,False,False,False,False,False,False,False,False,False,False,True
000008.SZ,2025-03-24,000008,神州高铁,北京,运输设备,主板,SZSE,L,1992-05-07,,2.76,2.77,2.61,2.65,2.77,-0.12,-4.3321,895639.31,238857.355,22.408,22.408,2.76,2.77,2.61,2.65,2.77,3.05,2.49,False,False,True,True,True,True,False,False,False,False,False,False,False,False,False,False,True
000009.SZ,2025-03-24,000009,中国宝安,深圳,电气设备,主板,SZSE,L,1991-06-25,,8.47,8.52,8.28,8.39,8.46,-0.07,-0.8274,181333.9,151619.292,8.977,9.0053,8.443382230464284,8.493225100773987,8.253979323287398,8.363633637968752,8.46,9.31,7.61,False,False,True,True,True,True,False,False,False,False,False,False,False,False,False,False,True
000010.SZ,2025-03-24,000010,*ST美丽,深圳,建筑工程,主板,SZSE,L,1995-10-27,,3.06,3.2,2.94,3.07,3.1,-0.03,-0.9677,451028.0,138013.139,10.775,10.775,3.0599999999999996,3.2,2.94,3.0700000000000003,3.1,3.41,2.79,False,False,True,True,True,True,False,False,False,False,False,False,False,False,False,False,True
000011.SZ,2025-03-24,000011,深物业A,深圳,房产服务,主板,SZSE,L,1992-03-30,,8.45,8.56,8.2,8.29,8.52,-0.23,-2.6995,56217.01,46861.411,4.411,4.411,8.45,8.56,8.2,8.29,8.52,9.37,7.67,False,False,True,True,True,True,False,False,False,False,False,False,False,False,False,False,True
000012.SZ,2025-03-24,000012,南玻A,深圳,玻璃,主板,SZSE,L,1992-02-28,,5.06,5.07,4.94,4.98,5.05,-0.07,-1.3861,157212.76,78523.781,29.9276,30.3449,4.99041539105418,5.000277872064169,4.872065618934319,4.911515542974273,5.05,5.56,4.55,False,False,True,True,True,True,False,False,False,False,False,False,False,False,False,False,True
000001.SZ,2025-03-25,000001,平安银行,深圳,银行,主板,SZSE,L,1991-04-03,,11.38,11.43,11.36,11.43,11.38,0.05,0.4394,735608.88,839142.044,127.7841,134.5794,10.805391151989086,10.852866508544398,10.78640100936696,10.852866508544398,11.38,12.52,10.24,False,False,True,True,True,True,False,False,False,False,False,False,False,False,False,False,True
000002.SZ,2025-03-25,000002,万科A,深圳,全国地产,主板,SZSE,L,1991-01-29,,7.17,7.23,7.14,7.19,7.18,0.01,0.1393,655037.31,470444.41,181.704,181.704,7.17,7.230000000000001,7.14,7.19,7.18,7.9,6.46,False,False,True,True,True,True,False,False,False,False,False,False,False,False,False,False,True
000004.SZ,2025-03-25,000004,国华退,,,主板,SZSE,D,1990-12-01,2026-07-14,10.4,10.43,10.04,10.25,10.5,-0.25,-2.381,92505.0,94362.495,4.064,4.064,10.4,10.43,10.04,10.25,10.5,11.55,9.45,False,False,True,True,True,True,False,False,False,False,False,False,False,False,False,False,True
000006.SZ,2025-03-25,000006,深振业A,深圳,区域地产,主板,SZSE,L,1992-04-27,,6.45,6.55,6.42,6.52,6.48,0.04,0.6173,191873.87,124460.449,39.74,39.74,6.45,6.550000000000001,6.42,6.52,6.48,7.13,5.83,False,False,True,True,True,True,False,False,False,False,False,False,False,False,False,False,True
000007.SZ,2025-03-25,000007,全新好,深圳,其他商业,主板,SZSE,L,1992-04-13,,6.0,6.08,5.83,6.06,6.0,0.06,1.0,54645.0,32450.649,8.284,8.284,6.0,6.08,5.83,6.06,6.0,6.6,5.4,False,False,True,True,True,True,False,False,False,False,False,False,False,False,False,False,True
000008.SZ,2025-03-25,000008,神州高铁,北京,运输设备,主板,SZSE,L,1992-05-07,,2.65,2.68,2.63,2.66,2.65,0.01,0.3774,396783.0,105387.565,22.408,22.408,2.65,2.68,2.63,2.66,2.65,2.92,2.39,False,False,True,True,True,True,False,False,False,False,False,False,False,False,False,False,True
000009.SZ,2025-03-25,000009,中国宝安,深圳,电气设备,主板,SZSE,L,1991-06-25,,8.42,8.58,8.36,8.5,8.39,0.11,1.3111,187040.98,158451.118,8.977,9.0053,8.393539360154577,8.553036545145636,8.333727915782928,8.473287952650107,8.39,9.23,7.55,False,False,True,True,True,True,False,False,False,False,False,False,False,False,False,False,True
000010.SZ,2025-03-25,000010,*ST美丽,深圳,建筑工程,主板,SZSE,L,1995-10-27,,3.06,3.1,2.98,3.03,3.07,-0.04,-1.3029,224344.0,68152.704,10.775,10.775,3.0599999999999996,3.1,2.9800000000000004,3.03,3.07,3.38,2.76,False,False,True,True,True,True,False,False,False,False,False,False,False,False,False,False,True
000011.SZ,2025-03-25,000011,深物业A,深圳,房产服务,主板,SZSE,L,1992-03-30,,8.25,8.34,8.22,8.33,8.29,0.04,0.4825,26880.0,22266.39,4.411,4.411,8.25,8.34,8.22,8.33,8.29,9.12,7.46,False,False,True,True,True,True,False,False,False,False,False,False,False,False,False,False,True
000012.SZ,2025-03-25,000012,南玻A,深圳,玻璃,主板,SZSE,L,1992-02-28,,4.99,5.07,4.98,5.07,4.98,0.09,1.8072,171508.46,86555.057,29.9276,30.3449,4.9213780239842615,5.000277872064169,4.911515542974273,5.000277872064169,4.98,5.48,4.48,False,False,True,True,True,True,False,False,False,False,False,False,False,False,False,False,True
000001.SZ,2025-03-26,000001,平安银行,深圳,银行,主板,SZSE,L,1991-04-03,,11.42,11.43,11.37,11.38,11.43,-0.05,-0.4374,740863.07,843536.936,127.7841,134.5794,10.843371437233335,10.852866508544398,10.795896080678022,10.805391151989086,11.43,12.57,10.29,False,False,True,True,True,True,False,False,False,False,False,False,False,False,False,False,True
000002.SZ,2025-03-26,000002,万科A,深圳,全国地产,主板,SZSE,L,1991-01-29,,7.19,7.26,7.18,7.2,7.19,0.01,0.1391,709377.47,511845.528,181.704,181.704,7.19,7.26,7.18,7.2,7.19,7.91,6.47,False,False,True,True,True,True,False,False,False,False,False,False,False,False,False,False,True
000004.SZ,2025-03-26,000004,国华退,,,主板,SZSE,D,1990-12-01,2026-07-14,10.24,10.37,10.14,10.36,10.25,0.11,1.0732,48157.0,49640.79,4.064,4.064,10.24,10.37,10.14,10.36,10.25,11.28,9.23,False,False,True,True,True,True,False,False,False,False,False,False,False,False,False,False,True
000006.SZ,2025-03-26,000006,深振业A,深圳,区域地产,主板,SZSE,L,1992-04-27,,6.56,6.84,6.48,6.76,6.52,0.24,3.681,481270.41,322035.353,39.74,39.74,6.559999999999999,6.839999999999999,6.480000000000001,6.76,6.52,7.17,5.87,False,False,True,True,True,True,False,False,False,False,False,False,False,False,False,False,True
000007.SZ,2025-03-26,000007,全新好,深圳,其他商业,主板,SZSE,L,1992-04-13,,6.09,6.48,5.99,6.36,6.06,0.3,4.9505,116137.0,73152.462,8.284,8.284,6.09,6.48,5.99,6.36,6.06,6.67,5.45,False,False,True,True,True,True,False,False,False,False,False,False,False,False,False,False,True
000008.SZ,2025-03-26,000008,神州高铁,北京,运输设备,主板,SZSE,L,1992-05-07,,2.66,2.7,2.64,2.69,2.66,0.03,1.1278,384493.09,103203.994,22.408,22.408,2.66,2.7,2.64,2.69,2.66,2.93,2.39,False,False,True,True,True,True,False,False,False,False,False,False,False,False,False,False,True
000009.SZ,2025-03-26,000009,中国宝安,深圳,电气设备,主板,SZSE,L,1991-06-25,,8.49,8.55,8.46,8.49,8.5,-0.01,-0.1176,103763.23,88264.588,8.977,9.0053,8.463319378588166,8.523130822959814,8.433413656402342,8.463319378588166,8.5,9.35,7.65,False,False,True,True,True,True,False,False,False,False,False,False,False,False,False,False,True
000010.SZ,2025-03-26,000010,*ST美丽,深圳,建筑工程,主板,SZSE,L,1995-10-27,,3.01,3.06,2.99,3.05,3.03,0.02,0.6601,197538.04,59819.077,10.775,10.775,3.01,3.0599999999999996,2.9899999999999998,3.0499999999999994,3.03,3.33,2.73,False,False,True,True,True,True,False,False,False,False,False,False,False,False,False,False,True
000011.SZ,2025-03-26,000011,深物业A,深圳,房产服务,主板,SZSE,L,1992-03-30,,8.29,8.47,8.29,8.43,8.33,0.1,1.2005,32287.0,27181.449,4.411,4.411,8.29,8.47,8.29,8.43,8.33,9.16,7.5,False,False,True,True,True,True,False,False,False,False,False,False,False,False,False,False,True
000012.SZ,2025-03-26,000012,南玻A,深圳,玻璃,主板,SZSE,L,1992-02-28,,5.08,5.09,5.05,5.07,5.07,0.0,0.0,138628.09,70330.631,29.9276,30.3449,5.010140353074157,5.0200028340841465,4.980552910044191,5.000277872064169,5.07,5.58,4.56,False,False,True,True,True,True,False,False,False,False,False,False,False,False,False,False,True
000001.SZ,2025-03-27,000001,平安银行,深圳,银行,主板,SZSE,L,1991-04-03,,11.37,11.41,11.35,11.39,11.38,0.01,0.0879,553349.4,629863.383,127.7841,134.5794,10.795896080678022,10.833876365922272,10.776905938055897,10.814886223300148,11.38,12.52,10.24,False,False,True,True,True,True,False,False,False,False,False,False,False,False,False,False,True
000002.SZ,2025-03-27,000002,万科A,深圳,全国地产,主板,SZSE,L,1991-01-29,,7.19,7.22,7.11,7.17,7.2,-0.03,-0.4167,562048.15,402664.947,181.704,181.704,7.19,7.220000000000001,7.110000000000001,7.17,7.2,7.92,6.48,False,False,True,True,True,True,False,False,False,False,False,False,False,False,False,False,True
000004.SZ,2025-03-27,000004,国华退,,,主板,SZSE,D,1990-12-01,2026-07-14,10.36,10.4,10.01,10.17,10.36,-0.19,-1.834,48390.0,49153.422,4.064,4.064,10.36,10.4,10.01,10.17,10.36,11.4,9.32,False,False,True,True,True,True,False,False,False,False,False,False,False,False,False,False,True
000006.SZ,2025-03-27,000006,深振业A,深圳,区域地产,主板,SZSE,L,1992-04-27,,6.72,7.44,6.66,7.44,6.76,0.68,10.0592,1063876.62,770545.145,39.74,39.74,6.72,7.44,6.66,7.44,6.76,7.44,6.08,False,False,True,True,True,True,False,False,False,False,False,False,False,False,True,False,True
000007.SZ,2025-03-27,000007,全新好,深圳,其他商业,主板,SZSE,L,1992-04-13,,6.3,6.39,6.21,6.35,6.36,-0.01,-0.1572,47427.0,29881.719,8.284,8.284,6.3,6.39,6.21,6.35,6.36,7.0,5.72,False,False,True,True,True,True,False,False,False,False,False,False,False,False,False,False,True
000008.SZ,2025-03-27,000008,神州高铁,北京,运输设备,主板,SZSE,L,1992-05-07,,2.67,2.68,2.62,2.65,2.69,-0.04,-1.487,367356.0,97217.378,22.408,22.408,2.67,2.68,2.62,2.65,2.69,2.96,2.42,False,False,True,True,True,True,False,False,False,False,False,False,False,False,False,False,True
000009.SZ,2025-03-27,000009,中国宝安,深圳,电气设备,主板,SZSE,L,1991-06-25,,8.47,8.49,8.34,8.43,8.49,-0.06,-0.7067,130434.35,109758.236,8.977,9.0053,8.443382230464284,8.463319378588166,8.313790767659045,8.403507934216517,8.49,9.34,7.64,False,False,True,True,True,True,False,False,False,False,False,False,False,False,False,False,True
000010.SZ,2025-03-27,000010,*ST美丽,深圳,建筑工程,主板,SZSE,L,1995-10-27,,3.05,3.06,2.95,2.99,3.05,-0.06,-1.9672,176841.0,52820.227,10.775,10.775,3.0499999999999994,3.0599999999999996,2.95,2.9899999999999998,3.05,3.36,2.75,False,False,True,True,True,True,False,False,False,False,False,False,False,False,False,False,True
000011.SZ,2025-03-27,000011,深物业A,深圳,房产服务,主板,SZSE,L,1992-03-30,,8.4,8.8,8.3,8.52,8.43,0.09,1.0676,114987.89,98788.166,4.411,4.411,8.4,8.8,8.3,8.52,8.43,9.27,7.59,False,False,True,True,True,True,False,False,False,False,False,False,False,False,False,False,True
000012.SZ,2025-03-27,000012,南玻A,深圳,玻璃,主板,SZSE,L,1992-02-28,,5.06,5.08,5.02,5.03,5.07,-0.04,-0.789,98176.85,49497.097,29.9276,30.3449,4.99041539105418,5.010140353074157,4.9509654670142265,4.960827948024216,5.07,5.58,4.56,False,False,True,True,True,True,False,False,False,False,False,False,False,False,False,False,True
000001.SZ,2025-03-28,000001,平安银行,深圳,银行,主板,SZSE,L,1991-04-03,,11.39,11.4,11.34,11.35,11.39,-0.04,-0.3512,644945.55,732420.874,127.7841,134.5794,10.814886223300148,10.82438129461121,10.767410866744836,10.776905938055897,11.39,12.53,10.25,False,False,True,True,True,True,False,False,False,False,False,False,False,False,False,False,True
000002.SZ,2025-03-28,000002,万科A,深圳,全国地产,主板,SZSE,L,1991-01-29,,7.17,7.21,7.11,7.12,7.17,-0.05,-0.6974,491441.4,351056.751,181.704,181.704,7.17,7.209999999999999,7.110000000000001,7.12,7.17,7.89,6.45,False,False,True,True,True,True,False,False,False,False,False,False,False,False,False,False,True
000004.SZ,2025-03-28,000004,国华退,,,主板,SZSE,D,1990-12-01,2026-07-14,10.2,10.25,9.96,10.0,10.17,-0.17,-1.6716,43988.0,44256.887,4.064,4.064,10.2,10.25,9.96,10.0,10.17,11.19,9.15,False,False,True,True,True,True,False,False,False,False,False,False,False,False,False,False,True
000006.SZ,2025-03-28,000006,深振业A,深圳,区域地产,主板,SZSE,L,1992-04-27,,7.58,8.16,7.38,7.76,7.44,0.32,4.3011,1526110.31,1177737.816,39.74,39.74,7.579999999999999,8.16,7.38,7.76,7.44,8.18,6.7,False,False,True,True,True,True,False,False,False,False,False,False,False,False,False,False,True
000007.SZ,2025-03-28,000007,全新好,深圳,其他商业,主板,SZSE,L,1992-04-13,,6.32,6.32,6.16,6.2,6.35,-0.15,-2.3622,33940.0,21155.514,8.284,8.284,6.32,6.32,6.16,6.2,6.35,6.99,5.72,False,False,True,True,True,True,False,False,False,False,False,False,False,False,False,False,True
000008.SZ,2025-03-28,000008,神州高铁,北京,运输设备,主板,SZSE,L,1992-05-07,,2.64,2.64,2.58,2.58,2.65,-0.07,-2.6415,406905.0,105849.594,22.408,22.408,2.64,2.64,2.58,2.58,2.65,2.92,2.39,False,False,True,True,True,True,False,False,False,False,False,False,False,False,False,False,True
000009.SZ,2025-03-28,000009,中国宝安,深圳,电气设备,主板,SZSE,L,1991-06-25,,8.39,8.45,8.31,8.32,8.43,-0.11,-1.3049,124317.4,103863.92,8.977,9.0053,8.363633637968752,8.423445082340399,8.283885045473221,8.293853619535163,8.43,9.27,7.59,False,False,True,True,True,True,False,False,False,False,False,False,False,False,False,False,True
000010.SZ,2025-03-28,000010,*ST美丽,深圳,建筑工程,主板,SZSE,L,1995-10-27,,2.96,2.97,2.87,2.92,2.99,-0.07,-2.3411,181848.0,53155.158,10.775,10.775,2.96,2.97,2.87,2.92,2.99,3.29,2.69,False,False,True,True,True,True,False,False,False,False,False,False,False,False,False,False,True
000011.SZ,2025-03-28,000011,深物业A,深圳,房产服务,主板,SZSE,L,1992-03-30,,8.37,8.58,8.37,8.39,8.52,-0.13,-1.5258,88458.24,74625.572,4.411,4.411,8.37,8.58,8.37,8.39,8.52,9.37,7.67,False,False,True,True,True,True,False,False,False,False,False,False,False,False,False,False,True
000012.SZ,2025-03-28,000012,南玻A,深圳,玻璃,主板,SZSE,L,1992-02-28,,5.03,5.04,4.97,5.0,5.03,-0.03,-0.5964,108712.56,54333.181,29.9276,30.3449,4.960827948024216,4.970690429034204,4.901653061964284,4.93124050499425,5.03,5.53,4.53,False,False,True,True,True,True,False,False,False,False,False,False,False,False,False,False,True
000001.SZ,2025-03-31,000001,平安银行,深圳,银行,主板,SZSE,L,1991-04-03,,11.36,11.38,11.26,11.26,11.35,-0.09,-0.793,1116125.64,1262598.263,127.7841,134.5794,10.78640100936696,10.805391151989086,10.691450296256336,10.691450296256336,11.35,12.49,10.22,False,False,True,True,True,True,False,False,False,False,False,False,False,False,False,False,True
000002.SZ,2025-03-31,000002,万科A,深圳,全国地产,主板,SZSE,L,1991-01-29,,7.11,7.11,6.98,7.05,7.12,-0.07,-0.9831,727780.83,512135.422,181.704,181.704,7.110000000000001,7.110000000000001,6.98,7.05,7.12,7.83,6.41,False,False,True,True,True,True,False,False,False,False,False,False,False,False,False,False,True
000004.SZ,2025-03-31,000004,国华退,,,主板,SZSE,D,1990-12-01,2026-07-14,9.88,9.97,9.57,9.74,10.0,-0.26,-2.6,54235.0,52540.211,4.064,4.064,9.88,9.97,9.57,9.74,10.0,11.0,9.0,False,False,True,True,True,True,False,False,False,False,False,False,False,False,False,False,True
000006.SZ,2025-03-31,000006,深振业A,深圳,区域地产,主板,SZSE,L,1992-04-27,,7.8,8.22,7.26,7.29,7.76,-0.47,-6.0567,1263994.28,985171.96,39.74,39.74,7.800000000000001,8.22,7.26,7.29,7.76,8.54,6.98,False,False,True,True,True,True,False,False,False,False,False,False,False,False,False,False,True
000007.SZ,2025-03-31,000007,全新好,深圳,其他商业,主板,SZSE,L,1992-04-13,,6.2,6.2,5.97,6.09,6.2,-0.11,-1.7742,32645.0,19811.278,8.284,8.284,6.2,6.2,5.97,6.09,6.2,6.82,5.58,False,False,True,True,True,True,False,False,False,False,False,False,False,False,False,False,True
000008.SZ,2025-03-31,000008,神州高铁,北京,运输设备,主板,SZSE,L,1992-05-07,,2.58,2.58,2.52,2.56,2.58,-0.02,-0.7752,361713.61,92121.495,22.408,22.408,2.58,2.58,2.52,2.56,2.58,2.84,2.32,False,False,True,True,True,True,False,False,False,False,False,False,False,False,False,False,True
000009.SZ,2025-03-31,000009,中国宝安,深圳,电气设备,主板,SZSE,L,1991-06-25,,8.3,8.31,8.08,8.11,8.32,-0.21,-2.524,164640.81,134406.619,8.977,9.0053,8.27391647141128,8.283885045473221,8.054607842048572,8.084513564234395,8.32,9.15,7.49,False,False,True,True,True,True,False,False,False,False,False,False,False,False,False,False,True
000010.SZ,2025-03-31,000010,*ST美丽,深圳,建筑工程,主板,SZSE,L,1995-10-27,,2.89,2.98,2.76,2.86,2.92,-0.06,-2.0548,346665.0,98834.321,10.775,10.775,2.89,2.9800000000000004,2.76,2.86,2.92,3.21,2.63,False,False,True,True,True,True,False,False,False,False,False,False,False,False,False,False,True
000011.SZ,2025-03-31,000011,深物业A,深圳,房产服务,主板,SZSE,L,1992-03-30,,8.27,8.47,8.23,8.32,8.39,-0.07,-0.8343,63296.0,52686.556,4.411,4.411,8.27,8.47,8.23,8.32,8.39,9.23,7.55,False,False,True,True,True,True,False,False,False,False,False,False,False,False,False,False,True
000012.SZ,2025-03-31,000012,南玻A,深圳,玻璃,主板,SZSE,L,1992-02-28,,5.0,5.03,4.92,4.93,5.0,-0.07,-1.4,127418.5,63315.405,29.9276,30.3449,4.93124050499425,4.960827948024216,4.852340656914342,4.862203137924331,5.0,5.5,4.5,False,False,True,True,True,True,False,False,False,False,False,False,False,False,False,False,True
