date,asset,factor,raw_value,winsorized_value,zscore_value,rank_pct,cross_section_assets
2025-01-02,000001.SZ,amihud_illiquidity_20,-18.946540071790277,-18.812586904865036,-2.881097795283204,0.0,3054
2025-01-02,000001.SZ,amount_change_5_20,0.1357273823164114,0.1357273823164114,1.0356465345910573,0.8621931260229132,3056
2025-01-02,000001.SZ,low_volatility_20,-0.011933678120901913,-0.011933678120901913,1.2303955396201178,0.9711758925646905,3054
2025-01-02,000001.SZ,momentum_20,-0.002617801047120394,-0.002617801047120394,0.6472958380516315,0.8011791680314445,3054
2025-01-02,000001.SZ,momentum_60_skip_5,0.04286960059601852,0.04286960059601852,-0.31896100446128,0.44319311030142433,3020
2025-01-02,000001.SZ,overnight_reversal_5,0.002506906120878749,0.002506906120878749,-0.12248068514289423,0.4405617243631613,3063
2025-01-02,000001.SZ,reversal_5,0.041107382550335636,0.041107382550335636,0.2624646862727238,0.589157413455258,3063
2025-01-02,000002.SZ,amihud_illiquidity_20,-18.045487517550306,-18.045487517550306,-2.1121647571341144,0.03832296102194563,3054
2025-01-02,000002.SZ,amount_change_5_20,-0.2934623349132426,-0.2934623349132426,-0.0321322202402942,0.48707037643207857,3056
2025-01-02,000002.SZ,low_volatility_20,-0.016240163371027145,-0.016240163371027145,0.9114638661626681,0.8254176220111366,3054
2025-01-02,000002.SZ,momentum_20,-0.16842105263157892,-0.16842105263157892,-1.1235494270471402,0.09040288241074353,3054
2025-01-02,000002.SZ,momentum_60_skip_5,-0.19271948608137046,-0.17169418816477644,-1.5575670907700596,0.0,3020
2025-01-02,000002.SZ,overnight_reversal_5,0.010628358294793935,0.010628358294793935,0.25228055502761826,0.7086871325930765,3063
2025-01-02,000002.SZ,reversal_5,0.05702917771883276,0.05702917771883276,0.5657467784303464,0.7599608099281515,3063
2025-01-02,000004.SZ,amihud_illiquidity_20,-15.16039448529307,-15.16039448529307,0.7798247129684486,0.7648214870619063,3054
2025-01-02,000004.SZ,amount_change_5_20,-0.1893708184254846,-0.1893708184254846,0.22683649546249166,0.6,3056
2025-01-02,000004.SZ,low_volatility_20,-0.060931926620855316,-0.060931926620855316,-2.398339375963229,0.030461840812315753,3054
2025-01-02,000004.SZ,momentum_20,-0.22471295790049206,-0.22471295790049206,-1.7247695657129085,0.030789387487717,3054
2025-01-02,000004.SZ,momentum_60_skip_5,-0.09411764705882342,-0.09411764705882342,-1.1097432686630668,0.05631003643590593,3020
2025-01-02,000004.SZ,overnight_reversal_5,0.19015865978121382,0.09423530292914582,4.110290377294694,0.9902024820378837,3063
2025-01-02,000004.SZ,reversal_5,0.03075871496924132,0.03075871496924132,0.06534083674299138,0.4706074461136512,3063
2025-01-02,000006.SZ,amihud_illiquidity_20,-16.31576156467103,-16.31576156467103,-0.3783041204196511,0.3173927284638061,3054
2025-01-02,000006.SZ,amount_change_5_20,-0.2084207507331058,-0.2084207507331058,0.1794422728554085,0.5777414075286416,3056
2025-01-02,000006.SZ,low_volatility_20,-0.03670548490489402,-0.03670548490489402,-0.6041663672048182,0.2338683262364887,3054
2025-01-02,000006.SZ,momentum_20,-0.18447694038245221,-0.18447694038245221,-1.295032751583198,0.06583688175565018,3054
2025-01-02,000006.SZ,momentum_60_skip_5,0.5647773279352224,0.5647773279352224,2.693840416073842,0.9708512752567076,3020
2025-01-02,000006.SZ,overnight_reversal_5,0.06610369051220094,0.06610369051220094,2.8121681041337774,0.9781188765512737,3063
2025-01-02,000006.SZ,reversal_5,0.06209573091849929,0.06209573091849929,0.6622556731976318,0.802416721097322,3063
2025-01-02,000007.SZ,amihud_illiquidity_20,-14.73331294110691,-14.73331294110691,1.2079271397713687,0.907631837536849,3054
2025-01-02,000007.SZ,amount_change_5_20,-0.2617117804794986,-0.2617117804794986,0.04685981083002929,0.5194762684124387,3056
2025-01-02,000007.SZ,low_volatility_20,-0.028687053425196906,-0.028687053425196906,-0.010333665641675127,0.40124467736652475,3054
2025-01-02,000007.SZ,momentum_20,-0.009873060648801224,-0.009873060648801224,0.5698067539117208,0.784474287585981,3054
2025-01-02,000007.SZ,momentum_60_skip_5,-0.07402234636871508,-0.07402234636871508,-0.9937397161310882,0.0844650546538589,3020
2025-01-02,000007.SZ,overnight_reversal_5,0.010138499396208707,0.010138499396208707,0.2296762073800397,0.6962769431743958,3063
2025-01-02,000007.SZ,reversal_5,-0.05882352941176472,-0.05882352941176472,-1.641042784483523,0.06335728282168518,3063
2025-01-02,000008.SZ,amihud_illiquidity_20,-16.197096830815326,-16.197096830815326,-0.2593557340257747,0.3599737962659679,3054
2025-01-02,000008.SZ,amount_change_5_20,-0.5008937997576733,-0.5008937997576733,-0.5481998293948549,0.28707037643207856,3056
2025-01-02,000008.SZ,low_volatility_20,-0.047585941733101704,-0.047585941733101704,-1.409956263756978,0.10907304290861448,3054
2025-01-02,000008.SZ,momentum_20,-0.1572700296735906,-0.1572700296735906,-1.004452026860736,0.11496888306583689,3054
2025-01-02,000008.SZ,momentum_60_skip_5,0.4035087719298247,0.4035087719298247,1.7628901557705907,0.9413713150049685,3020
2025-01-02,000008.SZ,overnight_reversal_5,0.002483931271632194,0.002483931271632194,-0.12354085059261806,0.4402351404310908,3063
2025-01-02,000008.SZ,reversal_5,0.11250000000000004,0.11250000000000004,1.6223680235285554,0.9689745264532985,3063
2025-01-02,000009.SZ,amihud_illiquidity_20,-16.537830497955003,-16.537830497955003,-0.6009038804668005,0.24893547330494595,3054
2025-01-02,000009.SZ,amount_change_5_20,-0.15671163800815782,-0.15671163800815782,0.3080890921577793,0.6320785597381342,3056
2025-01-02,000009.SZ,low_volatility_20,-0.013556450576585517,-0.013556450576585517,1.1102155076748612,0.9308876514903374,3054
2025-01-02,000009.SZ,momentum_20,-0.1001011122345804,-0.1001011122345804,-0.39386504626630214,0.352112676056338,3054
2025-01-02,000009.SZ,momentum_60_skip_5,-0.028066528066528207,-0.028066528066528207,-0.7284519125406733,0.18118582312023848,3020
2025-01-02,000009.SZ,overnight_reversal_5,0.005320524311550199,0.005320524311550199,0.007352627905358869,0.5516002612671457,3063
2025-01-02,000009.SZ,reversal_5,0.048128342245989164,0.048128342245989164,0.3962015747904987,0.67472240365774,3063
2025-01-02,000010.SZ,amihud_illiquidity_20,-15.33441921047795,-15.33441921047795,0.6053840044210322,0.6953815918768425,3054
2025-01-02,000010.SZ,amount_change_5_20,-0.6121754777148495,-0.6121754777148495,-0.8250569085710451,0.20687397708674304,3056
2025-01-02,000010.SZ,low_volatility_20,-0.033660794125905794,-0.033660794125905794,-0.3786812514076742,0.2902063544055028,3054
2025-01-02,000010.SZ,momentum_20,-0.11147540983606541,-0.11147540983606541,-0.515347109247159,0.2852931542744841,3054
2025-01-02,000010.SZ,momentum_60_skip_5,0.3448275862068966,0.3448275862068966,1.4241429971376647,0.9195097714474991,3020
2025-01-02,000010.SZ,overnight_reversal_5,0.014429256871530953,0.014429256871530953,0.42767153608336367,0.7841280209013717,3063
2025-01-02,000010.SZ,reversal_5,0.0073260073260073,0.0073260073260073,-0.38101087948931445,0.25440888308295234,3063
2025-01-02,000011.SZ,amihud_illiquidity_20,-15.30296262444096,-15.30296262444096,0.6369157833159317,0.7078283655420897,3054
2025-01-02,000011.SZ,amount_change_5_20,-0.710330261478042,-0.710330261478042,-1.0692556593331026,0.1469721767594108,3056
2025-01-02,000011.SZ,low_volatility_20,-0.018732701694687368,-0.018732701694687368,0.7268703118950286,0.7225679659351457,3054
2025-01-02,000011.SZ,momentum_20,-0.13104838709677424,-0.13104838709677424,-0.7243943611845334,0.19489027186374058,3054
2025-01-02,000011.SZ,momentum_60_skip_5,0.02178899082568808,0.02178899082568808,-0.4406524218035642,0.3574031136137794,3020
2025-01-02,000011.SZ,overnight_reversal_5,0.007976306216391574,0.007976306216391574,0.1299026471589911,0.6342259960809928,3063
2025-01-02,000011.SZ,reversal_5,0.032547699214365955,0.032547699214365955,0.09941782862465733,0.4924885695623775,3063
2025-01-02,000012.SZ,amihud_illiquidity_20,-16.060620085070354,-16.060620085070354,-0.12255275845603165,0.40583033082214215,3054
2025-01-02,000012.SZ,amount_change_5_20,-0.41116713503537894,-0.41116713503537894,-0.32496934999109073,0.37054009819967265,3056
2025-01-02,000012.SZ,low_volatility_20,-0.012051098167410693,-0.012051098167410693,1.2216995915893176,0.9682279724860793,3054
2025-01-02,000012.SZ,momentum_20,-0.07052441229656425,-0.07052441229656425,-0.07797402156101559,0.5250573206681952,3054
2025-01-02,000012.SZ,momentum_60_skip_5,-0.025500910746812377,-0.025500910746812377,-0.7136414487355156,0.1888042398145081,3020
2025-01-02,000012.SZ,overnight_reversal_5,-0.0018921481520377407,-0.0018921481520377407,-0.32547332729507006,0.2955584585238406,3063
2025-01-02,000012.SZ,reversal_5,0.039252336448598046,0.039252336448598046,0.22712933263766488,0.5659699542782495,3063
2025-01-03,000001.SZ,amihud_illiquidity_20,-18.937338731833705,-18.810994073053024,-2.8935586081253697,0.0,3056
2025-01-03,000001.SZ,amount_change_5_20,0.13377253146998255,0.13377253146998255,0.9710891844126333,0.8484451718494271,3056
2025-01-03,000001.SZ,low_volatility_20,-0.011967618297033638,-0.011967618297033638,1.2572763400610032,0.9728314238952537,3056
2025-01-03,000001.SZ,momentum_20,-0.005244755244755095,-0.005244755244755095,0.9813337641774119,0.8585924713584288,3056
2025-01-03,000001.SZ,momentum_60_skip_5,-0.010016694490818101,-0.010016694490818101,-0.6275945136104372,0.24296590532936113,3022
2025-01-03,000001.SZ,overnight_reversal_5,0.0016323979759463952,0.0016323979759463952,0.03614815073290311,0.5399934704538034,3064
2025-01-03,000001.SZ,reversal_5,0.0404721753794266,0.0404721753794266,-0.4823411742490031,0.24322559582109043,3064
2025-01-03,000002.SZ,amihud_illiquidity_20,-17.999084456305734,-17.999084456305734,-2.094541376646178,0.037315875613747954,3056
2025-01-03,000002.SZ,amount_change_5_20,-0.23655751517289456,-0.23655751517289456,0.007318108745811448,0.49950900163666123,3056
2025-01-03,000002.SZ,low_volatility_20,-0.016245510702491795,-0.016245510702491795,0.9461327530552912,0.8376432078559738,3056
2025-01-03,000002.SZ,momentum_20,-0.1784037558685445,-0.1784037558685445,-0.7422995604042958,0.21407528641571194,3056
2025-01-03,000002.SZ,momentum_60_skip_5,-0.17653508771929816,-0.16488337418300658,-1.4717118264285083,0.0,3022
2025-01-03,000002.SZ,overnight_reversal_5,-0.003094213979185488,-0.003094213979185488,-0.18427157217879767,0.3780607247796278,3064
2025-01-03,000002.SZ,reversal_5,0.0679094540612517,0.0679094540612517,-0.006989992091999858,0.48188050930460335,3064
2025-01-03,000004.SZ,amihud_illiquidity_20,-15.054903269308118,-15.054903269308118,0.8028888945119073,0.776759410801964,3056
2025-01-03,000004.SZ,amount_change_5_20,-0.4578858961198161,-0.4578858961198161,-0.5686813104601416,0.281505728314239,3056
2025-01-03,000004.SZ,low_volatility_20,-0.06382107355822642,-0.06382107355822642,-2.5141766417911247,0.024549918166939442,3056
2025-01-03,000004.SZ,momentum_20,-0.3009284543965045,-0.3009284543965045,-1.9619165176882658,0.019967266775777415,3056
2025-01-03,000004.SZ,momentum_60_skip_5,0.029158383035122526,0.029158383035122526,-0.41406658599964985,0.3929162528963919,3022
2025-01-03,000004.SZ,overnight_reversal_5,0.08361651700113688,0.08131556938422602,3.7520746387258193,0.990205680705191,3064
2025-01-03,000004.SZ,reversal_5,0.17578879587894392,0.17578879587894392,1.8620208984570144,0.9715964740450539,3064
2025-01-03,000006.SZ,amihud_illiquidity_20,-16.24524424143576,-16.24524424143576,-0.36855054708016455,0.3214402618657938,3056
2025-01-03,000006.SZ,amount_change_5_20,-0.1563992969155419,-0.1563992969155419,0.21592708588323414,0.5842880523731587,3056
2025-01-03,000006.SZ,low_volatility_20,-0.03715300483474205,-0.03715300483474205,-0.5745302517713862,0.24844517184942716,3056
2025-01-03,000006.SZ,momentum_20,-0.23392461197339243,-0.23392461197339243,-1.294956929913705,0.07692307692307693,3056
2025-01-03,000006.SZ,momentum_60_skip_5,0.48560460652591186,0.48560460652591186,2.073842113178306,0.9529956967891426,3022
2025-01-03,000006.SZ,overnight_reversal_5,0.057936312661793096,0.057936312661793096,2.6618118167386915,0.9784524975514202,3064
2025-01-03,000006.SZ,reversal_5,0.10723514211886309,0.10723514211886309,0.6743280250518067,0.7864838393731636,3064
2025-01-03,000007.SZ,amihud_illiquidity_20,-14.631130199841655,-14.631130199841655,1.2199328335861308,0.9106382978723404,3056
2025-01-03,000007.SZ,amount_change_5_20,-0.14466193191630464,-0.14466193191630464,0.24647317036478236,0.5996726677577742,3056
2025-01-03,000007.SZ,low_volatility_20,-0.03147336940505905,-0.03147336940505905,-0.16143380777911728,0.3505728314238953,3056
2025-01-03,000007.SZ,momentum_20,-0.07949790794979084,-0.07949790794979084,0.24221418046187304,0.6340425531914894,3056
2025-01-03,000007.SZ,momentum_60_skip_5,-0.039548022598870136,-0.039548022598870136,-0.7885581590896591,0.15690168818272096,3022
2025-01-03,000007.SZ,overnight_reversal_5,0.012911726939355151,0.012911726939355151,0.5621457550094972,0.822069866144303,3064
2025-01-03,000007.SZ,reversal_5,0.02941176470588236,0.02941176470588236,-0.6739629217911125,0.18054195233431278,3064
2025-01-03,000008.SZ,amihud_illiquidity_20,-16.541653951693366,-16.541653951693366,-0.660253541093719,0.23600654664484452,3056
2025-01-03,000008.SZ,amount_change_5_20,-0.638948434397971,-0.638948434397971,-1.0398902735491722,0.15220949263502456,3056
2025-01-03,000008.SZ,low_volatility_20,-0.041934004124060203,-0.041934004124060203,-0.9222662692673412,0.1783960720130933,3056
2025-01-03,000008.SZ,momentum_20,-0.2857142857142857,-0.2857142857142857,-1.8104739241643288,0.028477905073649754,3056
2025-01-03,000008.SZ,momentum_60_skip_5,0.3148936170212764,0.3148936170212764,1.1433637041649611,0.8910956636875207,3022
2025-01-03,000008.SZ,overnight_reversal_5,-0.016444078613886828,-0.016444078613886828,-0.8068260555217142,0.10839046686255305,3064
2025-01-03,000008.SZ,reversal_5,0.14239482200647247,0.14239482200647247,1.2834699006966395,0.9242572641201436,3064
2025-01-03,000009.SZ,amihud_illiquidity_20,-16.43590445384037,-16.43590445384037,-0.5561832489553807,0.2644844517184943,3056
2025-01-03,000009.SZ,amount_change_5_20,-0.14537670688389218,-0.14537670688389218,0.24461299335344774,0.5986906710310965,3056
2025-01-03,000009.SZ,low_volatility_20,-0.013952931999297464,-0.013952931999297464,1.1128786862383377,0.9194762684124387,3056
2025-01-03,000009.SZ,momentum_20,-0.11561866125760645,-0.11561866125760645,-0.11733359866634922,0.47004909983633386,3056
2025-01-03,000009.SZ,momentum_60_skip_5,-0.01590668080593849,-0.01590668080593849,-0.659698510614419,0.22542204568023833,3022
2025-01-03,000009.SZ,overnight_reversal_5,0.005320524311550199,0.005320524311550199,0.2081393767260794,0.6643813254978779,3064
2025-01-03,000009.SZ,reversal_5,0.06034482758620685,0.06034482758620685,-0.1380472364779268,0.4139732288605942,3064
2025-01-03,000010.SZ,amihud_illiquidity_20,-15.294456946189847,-15.294456946189847,0.5671391118457957,0.6775777414075287,3056
2025-01-03,000010.SZ,amount_change_5_20,-0.5163885759591975,-0.5163885759591975,-0.7209325014972131,0.2353518821603928,3056
2025-01-03,000010.SZ,low_volatility_20,-0.032477695924183994,-0.032477695924183994,-0.23448140366694067,0.33289689034369885,3056
2025-01-03,000010.SZ,momentum_20,-0.16455696202531633,-0.16455696202531633,-0.6044678841944369,0.2635024549918167,3056
2025-01-03,000010.SZ,momentum_60_skip_5,0.3645320197044337,0.3645320197044337,1.413923098663309,0.9162528963919232,3022
2025-01-03,000010.SZ,overnight_reversal_5,-0.0038927488043017516,-0.0038927488043017516,-0.2215102595426642,0.35063663075416257,3064
2025-01-03,000010.SZ,reversal_5,0.04693140794223827,0.04693140794223827,-0.37043489264705176,0.2912177603656546,3064
2025-01-03,000011.SZ,amihud_illiquidity_20,-15.120197136418996,-15.120197136418996,0.7386318345444278,0.7466448445171849,3056
2025-01-03,000011.SZ,amount_change_5_20,-0.6187697439586387,-0.6187697439586387,-0.9873759329857742,0.16824877250409165,3056
2025-01-03,000011.SZ,low_volatility_20,-0.020200624312168496,-0.020200624312168496,0.658465808940524,0.6893617021276596,3056
2025-01-03,000011.SZ,momentum_20,-0.1586978636826043,-0.1586978636826043,-0.5461461272016186,0.2867430441898527,3056
2025-01-03,000011.SZ,momentum_60_skip_5,0.026467203682393636,0.026467203682393636,-0.42873514535697665,0.38464084740152266,3022
2025-01-03,000011.SZ,overnight_reversal_5,0.016130107943324305,0.016130107943324305,0.7122309864296357,0.8579823702252694,3064
2025-01-03,000011.SZ,reversal_5,0.07286995515695072,0.07286995515695072,0.07895074887126477,0.5213842637936663,3064
2025-01-03,000012.SZ,amihud_illiquidity_20,-16.029309265939307,-16.029309265939307,-0.1560444223320388,0.3960720130932897,3056
2025-01-03,000012.SZ,amount_change_5_20,-0.3619734789100192,-0.3619734789100192,-0.3190725780819342,0.3630114566284779,3056
2025-01-03,000012.SZ,low_volatility_20,-0.011984886505191462,-0.011984886505191462,1.2560203729355723,0.9715220949263502,3056
2025-01-03,000012.SZ,momentum_20,-0.08633093525179858,-0.08633093525179858,0.17419788605563752,0.6019639934533552,3056
2025-01-03,000012.SZ,momentum_60_skip_5,-0.034420289855072284,-0.034420289855072284,-0.7606089062668635,0.16550810989738496,3022
2025-01-03,000012.SZ,overnight_reversal_5,-0.005775648178435574,-0.005775648178435574,-0.30931695115536956,0.2961149200130591,3064
2025-01-03,000012.SZ,reversal_5,0.046904315196998336,0.046904315196998336,-0.37090427478319676,0.29056480574600063,3064
2025-01-06,000001.SZ,amihud_illiquidity_20,-18.9829855279914,-18.803652271456613,-2.8890448674704707,0.0,3055
2025-01-06,000001.SZ,amount_change_5_20,0.12581580622688596,0.12581580622688596,0.98437499614354,0.8579378068739771,3056
2025-01-06,000001.SZ,low_volatility_20,-0.011154556593245742,-0.011154556593245742,1.3022079826615056,0.9862475442043221,3055
2025-01-06,000001.SZ,momentum_20,-0.018867924528302105,-0.018867924528302105,0.9429549718975649,0.8614931237721022,3055
2025-01-06,000001.SZ,momentum_60_skip_5,0.009385665529010101,0.009385665529010101,-0.753539449451484,0.17543859649122806,3022
2025-01-06,000001.SZ,overnight_reversal_5,0.002475213027943766,0.002475213027943766,-0.12989099866005874,0.496407576747224,3063
2025-01-06,000001.SZ,reversal_5,0.03296703296703318,0.03296703296703318,-0.790676392854625,0.1681907250163292,3063
2025-01-06,000002.SZ,amihud_illiquidity_20,-18.03883071264748,-18.03883071264748,-2.139839592867733,0.03470857891290111,3055
2025-01-06,000002.SZ,amount_change_5_20,-0.2525380773023374,-0.2525380773023374,-0.011072656451893183,0.48543371522094925,3056
2025-01-06,000002.SZ,low_volatility_20,-0.014918864263089887,-0.014918864263089887,1.0286088696360396,0.8831041257367387,3055
2025-01-06,000002.SZ,momentum_20,-0.19585253456221186,-0.19585253456221186,-0.768808557892726,0.20464963981663392,3055
2025-01-06,000002.SZ,momentum_60_skip_5,-0.17032967032967028,-0.13696477776782018,-1.522560169476173,0.0,3022
2025-01-06,000002.SZ,overnight_reversal_5,-0.0016646211695912768,-0.0016646211695912768,-0.2984037060473566,0.36577400391900716,3063
2025-01-06,000002.SZ,reversal_5,0.07549668874172177,0.07549668874172177,-0.08520280801838452,0.4255388634879164,3063
2025-01-06,000004.SZ,amihud_illiquidity_20,-15.034075642224112,-15.034075642224112,0.8035637692912972,0.7737393582187295,3055
2025-01-06,000004.SZ,amount_change_5_20,-0.6415556689934567,-0.6415556689934567,-1.0345764853410795,0.15548281505728315,3056
2025-01-06,000004.SZ,low_volatility_20,-0.0635445883652457,-0.0635445883652457,-2.5056280077448356,0.025540275049115914,3055
2025-01-06,000004.SZ,momentum_20,-0.3228772309356408,-0.3228772309356408,-1.9973687281417691,0.01899148657498363,3055
2025-01-06,000004.SZ,momentum_60_skip_5,-0.12771084337349403,-0.12771084337349403,-1.4739339601482506,0.014895729890764648,3022
2025-01-06,000004.SZ,overnight_reversal_5,0.05292794068981583,0.05292794068981583,1.923796498882313,0.9539516655780536,3063
2025-01-06,000004.SZ,reversal_5,0.1353591160220995,0.1353591160220995,0.9077833895238187,0.8494448073154801,3063
2025-01-06,000006.SZ,amihud_illiquidity_20,-16.21078584142128,-16.21078584142128,-0.34912011855576036,0.33104125736738704,3055
2025-01-06,000006.SZ,amount_change_5_20,-0.12294161217238941,-0.12294161217238941,0.32989515863942037,0.6317512274959084,3056
2025-01-06,000006.SZ,low_volatility_20,-0.03404387873780392,-0.03404387873780392,-0.3614440845364349,0.29895219384413885,3055
2025-01-06,000006.SZ,momentum_20,-0.29399367755532124,-0.29399367755532124,-1.7180121599197684,0.03601833660772757,3055
2025-01-06,000006.SZ,momentum_60_skip_5,0.44244604316546754,0.44244604316546754,1.5220423384949364,0.9248593181065872,3022
2025-01-06,000006.SZ,overnight_reversal_5,0.07434152492411641,0.07434152492411641,2.79544035755098,0.9738732854343566,3063
2025-01-06,000006.SZ,reversal_5,0.1645885286783041,0.1645885286783041,1.3926351512797348,0.937949052906597,3063
2025-01-06,000007.SZ,amihud_illiquidity_20,-14.613790910287095,-14.613790910287095,1.2152670409570367,0.9086444007858546,3055
2025-01-06,000007.SZ,amount_change_5_20,-0.37808102330128746,-0.37808102330128746,-0.34137567786892453,0.3528641571194763,3056
2025-01-06,000007.SZ,low_volatility_20,-0.031523832142823525,-0.031523832142823525,-0.17828091785563355,0.3467583497053045,3055
2025-01-06,000007.SZ,momentum_20,-0.07402234636871508,-0.07402234636871508,0.40951125724351073,0.704649639816634,3055
2025-01-06,000007.SZ,momentum_60_skip_5,0.09907120743034059,0.09907120743034059,-0.2822730941533352,0.46607083747103606,3022
2025-01-06,000007.SZ,overnight_reversal_5,0.011397722108139918,0.011397722108139918,0.23330136365407836,0.7295885042455911,3063
2025-01-06,000007.SZ,reversal_5,0.06619718309859157,0.06619718309859157,-0.2394611828808589,0.35695623775310253,3063
2025-01-06,000008.SZ,amihud_illiquidity_20,-16.46184577912559,-16.46184577912559,-0.595053862712211,0.2554027504911591,3055
2025-01-06,000008.SZ,amount_change_5_20,-0.5243908311042287,-0.5243908311042287,-0.7263162350282316,0.22782324058919803,3056
2025-01-06,000008.SZ,low_volatility_20,-0.04160600443919498,-0.04160600443919498,-0.9110779258566734,0.17976424361493124,3055
2025-01-06,000008.SZ,momentum_20,-0.31016042780748676,-0.31016042780748676,-1.8743740801544304,0.024885396201702686,3055
2025-01-06,000008.SZ,momentum_60_skip_5,0.3716814159292039,0.3716814159292039,1.1501988143920694,0.8967229394240318,3022
2025-01-06,000008.SZ,overnight_reversal_5,-0.014264160240692053,-0.014264160240692053,-0.8112702459603381,0.09732201175702156,3063
2025-01-06,000008.SZ,reversal_5,0.16774193548387106,0.16774193548387106,1.444943244610091,0.9431743958197256,3063
2025-01-06,000009.SZ,amihud_illiquidity_20,-16.437892521021805,-16.437892521021805,-0.5715896871688088,0.2632612966601179,3055
2025-01-06,000009.SZ,amount_change_5_20,-0.1751438381472442,-0.1751438381472442,0.19255129732575185,0.5754500818330606,3056
2025-01-06,000009.SZ,low_volatility_20,-0.013804604480756662,-0.013804604480756662,1.1095960032246555,0.9250163719711854,3055
2025-01-06,000009.SZ,momentum_20,-0.11895161290322565,-0.11895161290322565,-0.025036582024927315,0.5098231827111984,3055
2025-01-06,000009.SZ,momentum_60_skip_5,0.06320541760722342,0.06320541760722342,-0.47073535564499613,0.3469049983449189,3022
2025-01-06,000009.SZ,overnight_reversal_5,0.005459238431879452,0.005459238431879452,-0.00842569939056521,0.5878510777269759,3063
2025-01-06,000009.SZ,reversal_5,0.07218683651804647,0.07218683651804647,-0.140105987246656,0.40202482037883736,3063
2025-01-06,000010.SZ,amihud_illiquidity_20,-15.338389464599961,-15.338389464599961,0.5054634892553822,0.6535690897184021,3055
2025-01-06,000010.SZ,amount_change_5_20,-0.4239882038407766,-0.4239882038407766,-0.46215729818439194,0.3109656301145663,3056
2025-01-06,000010.SZ,low_volatility_20,-0.029104423543230902,-0.029104423543230902,-0.002432367484049983,0.404060248853962,3055
2025-01-06,000010.SZ,momentum_20,-0.2072072072072071,-0.2072072072072071,-0.8786289231927727,0.17354289456450556,3055
2025-01-06,000010.SZ,momentum_60_skip_5,0.45833333333333326,0.45833333333333326,1.6055245271983434,0.9308176100628931,3022
2025-01-06,000010.SZ,overnight_reversal_5,0.01522829264247676,0.01522829264247676,0.38922543712626134,0.7864141084258655,3063
2025-01-06,000010.SZ,reversal_5,0.05714285714285705,0.05714285714285705,-0.38965256519788694,0.2929457870672763,3063
2025-01-06,000011.SZ,amihud_illiquidity_20,-15.098927241196114,-15.098927241196114,0.7400363236320796,0.7488539620170268,3055
2025-01-06,000011.SZ,amount_change_5_20,-0.647126580218942,-0.647126580218942,-1.0492335319412065,0.15220949263502456,3056
2025-01-06,000011.SZ,low_volatility_20,-0.0202182140740518,-0.0202182140740518,0.6434391292596158,0.6800916830386379,3055
2025-01-06,000011.SZ,momentum_20,-0.1582150101419877,-0.1582150101419877,-0.40478514567746465,0.34086444007858546,3055
2025-01-06,000011.SZ,momentum_60_skip_5,0.037931034482758585,0.037931034482758585,-0.603543455645994,0.26282687851704734,3022
2025-01-06,000011.SZ,overnight_reversal_5,0.01604209687824571,0.01604209687824571,0.4223514872309566,0.7998040496407577,3063
2025-01-06,000011.SZ,reversal_5,0.08084163898117369,0.08084163898117369,0.0034581777693631576,0.46538210320052253,3063
2025-01-06,000012.SZ,amihud_illiquidity_20,-16.02040728675382,-16.02040728675382,-0.16262875245175798,0.3932547478716438,3055
2025-01-06,000012.SZ,amount_change_5_20,-0.32598490181890927,-0.32598490181890927,-0.20431097707815177,0.40589198036006546,3056
2025-01-06,000012.SZ,low_volatility_20,-0.011674661701286306,-0.011674661701286306,1.2644054679043086,0.9760969220694171,3055
2025-01-06,000012.SZ,momentum_20,-0.09058614564831258,-0.09058614564831258,0.24930914974868798,0.6362148002619515,3055
2025-01-06,000012.SZ,momentum_60_skip_5,0.007504690431519689,0.007504690431519689,-0.7634233199149766,0.16948030453492222,3022
2025-01-06,000012.SZ,overnight_reversal_5,-0.005775648178435574,-0.005775648178435574,-0.46574381155572303,0.2341606792945787,3063
2025-01-06,000012.SZ,reversal_5,0.046554934823091254,0.046554934823091254,-0.5652829430797195,0.232527759634226,3063
2025-01-07,000001.SZ,amihud_illiquidity_20,-18.928641768989493,-18.747555988846095,-2.8376258955303553,0.0,3054
2025-01-07,000001.SZ,amount_change_5_20,0.03664905313200966,0.03664905313200966,0.777973308860491,0.81237721021611,3055
2025-01-07,000001.SZ,low_volatility_20,-0.011259545548358476,-0.011259545548358476,1.3213661178358642,0.9846053062561415,3054
2025-01-07,000001.SZ,momentum_20,-0.013710368466152478,-0.013710368466152478,0.8635595899546046,0.8575171962004585,3054
2025-01-07,000001.SZ,momentum_60_skip_5,-0.005823627287853683,-0.005823627287853683,-0.672420878106819,0.2186154355746936,3020
2025-01-07,000001.SZ,overnight_reversal_5,-1.0505015123565224e-05,-1.0505015123565224e-05,-0.13547634169972322,0.5001633453119896,3062
2025-01-07,000001.SZ,reversal_5,0.03682008368200829,0.03682008368200829,-0.3610092287443034,0.25187847108787975,3062
2025-01-07,000002.SZ,amihud_illiquidity_20,-18.04429572959656,-18.04429572959656,-2.157185129859433,0.033409760890926954,3054
2025-01-07,000002.SZ,amount_change_5_20,-0.3386686757523017,-0.3386686757523017,-0.22508075915869138,0.398166339227243,3055
2025-01-07,000002.SZ,low_volatility_20,-0.014886486261222506,-0.014886486261222506,1.0583142681702808,0.8922371437929905,3054
2025-01-07,000002.SZ,momentum_20,-0.16270783847980996,-0.16270783847980996,-0.6151603491437214,0.2486079266295447,3054
2025-01-07,000002.SZ,momentum_60_skip_5,-0.21199143468950743,-0.1753395979030808,-1.633765216072651,0.0,3020
2025-01-07,000002.SZ,overnight_reversal_5,-0.00543972146030707,-0.00543972146030707,-0.3506165308131916,0.31819666775563543,3062
2025-01-07,000002.SZ,reversal_5,0.04211956521739135,0.04211956521739135,-0.2642160700822442,0.29630839594903624,3062
2025-01-07,000004.SZ,amihud_illiquidity_20,-14.986690288705617,-14.986690288705617,0.8012066745339737,0.7733377006223386,3054
2025-01-07,000004.SZ,amount_change_5_20,-0.7077222064636762,-0.7077222064636762,-1.2113934665208093,0.1168958742632613,3055
2025-01-07,000004.SZ,low_volatility_20,-0.06516430080086484,-0.06516430080086484,-2.588194775908459,0.021290533901080905,3054
2025-01-07,000004.SZ,momentum_20,-0.2808557323093802,-0.2808557323093802,-1.7877147982376786,0.023583360628889615,3054
2025-01-07,000004.SZ,momentum_60_skip_5,-0.246987951807229,-0.1753395979030808,-1.633765216072651,0.0,3020
2025-01-07,000004.SZ,overnight_reversal_5,0.02798913571941363,0.02798913571941363,0.9740480369206069,0.9081999346618752,3062
2025-01-07,000004.SZ,reversal_5,0.046545454545454557,0.046545454545454557,-0.18337876456628668,0.34008493956223457,3062
2025-01-07,000006.SZ,amihud_illiquidity_20,-16.190337627087814,-16.190337627087814,-0.363384535838888,0.3262364886996397,3054
2025-01-07,000006.SZ,amount_change_5_20,-0.32448148159284673,-0.32448148159284673,-0.18716482361863132,0.4132285527177472,3055
2025-01-07,000006.SZ,low_volatility_20,-0.034005444064946315,-0.034005444064946315,-0.32833018292591476,0.31116934163118243,3054
2025-01-07,000006.SZ,momentum_20,-0.23804226918798665,-0.23804226918798665,-1.3628141501014894,0.061578774975434,3054
2025-01-07,000006.SZ,momentum_60_skip_5,0.36745886654479,0.36745886654479,1.4445065748369146,0.9168598873799271,3020
2025-01-07,000006.SZ,overnight_reversal_5,0.021510320203921518,0.021510320203921518,0.717316037136219,0.8846782097353806,3062
2025-01-07,000006.SZ,reversal_5,0.08422459893048151,0.08422459893048151,0.5048175007400566,0.7513884351519111,3062
2025-01-07,000007.SZ,amihud_illiquidity_20,-14.419378049562544,-14.419378049562544,1.3501106816919075,0.9380936783491648,3054
2025-01-07,000007.SZ,amount_change_5_20,-0.44613166416870487,-0.44613166416870487,-0.5122805885219273,0.2960052390307793,3055
2025-01-07,000007.SZ,low_volatility_20,-0.03312568755517253,-0.03312568755517253,-0.264523907755624,0.32951195545365214,3054
2025-01-07,000007.SZ,momentum_20,-0.04676753782668497,-0.04676753782668497,0.5354849222499182,0.7861120209629873,3054
2025-01-07,000007.SZ,momentum_60_skip_5,0.06686478454680533,0.06686478454680533,-0.2601966322179717,0.4826101358065585,3020
2025-01-07,000007.SZ,overnight_reversal_5,0.001489643883443844,0.001489643883443844,-0.07603087272740539,0.5508003920287488,3062
2025-01-07,000007.SZ,reversal_5,0.0348189415041783,0.0348189415041783,-0.3975593838926476,0.23358379614505065,3062
2025-01-07,000008.SZ,amihud_illiquidity_20,-16.405764325563766,-16.405764325563766,-0.5718210367345301,0.26433016704880447,3054
2025-01-07,000008.SZ,amount_change_5_20,-0.5610549863761312,-0.5610549863761312,-0.8194185065550255,0.20268500327439423,3055
2025-01-07,000008.SZ,low_volatility_20,-0.038242093253247,-0.038242093253247,-0.6356024803235334,0.2397641663937111,3054
2025-01-07,000008.SZ,momentum_20,-0.21068249258160232,-0.21068249258160232,-1.0912830483087677,0.10055682934818212,3054
2025-01-07,000008.SZ,momentum_60_skip_5,0.3348017621145376,0.3348017621145376,1.2593044235325825,0.9032792315336204,3020
2025-01-07,000008.SZ,overnight_reversal_5,0.00034327006348620556,0.00034327006348620556,-0.12145751631594986,0.5236850702384842,3062
2025-01-07,000008.SZ,reversal_5,0.12211221122112215,0.12211221122112215,1.196821358719247,0.9248611564848089,3062
2025-01-07,000009.SZ,amihud_illiquidity_20,-16.466997140213152,-16.466997140213152,-0.6310669598991295,0.245004913200131,3054
2025-01-07,000009.SZ,amount_change_5_20,-0.1505758194541543,-0.1505758194541543,0.27760613824966257,0.6149312377210217,3055
2025-01-07,000009.SZ,low_volatility_20,-0.013799148762627738,-0.013799148762627738,1.1371758109580155,0.9285948247625286,3054
2025-01-07,000009.SZ,momentum_20,-0.11009174311926617,-0.11009174311926617,-0.09297383604384613,0.5011464133639043,3054
2025-01-07,000009.SZ,momentum_60_skip_5,0.04565701559020052,0.04565701559020052,-0.38046830062375775,0.4070884398807552,3020
2025-01-07,000009.SZ,overnight_reversal_5,0.0057910768686475576,0.0057910768686475576,0.09441934144974545,0.6844168572361973,3062
2025-01-07,000009.SZ,reversal_5,0.07028753993610226,0.07028753993610226,0.25026204026369164,0.6305129042796471,3062
2025-01-07,000010.SZ,amihud_illiquidity_20,-15.192563615360934,-15.192563615360934,0.6020135562280272,0.690795938421225,3054
2025-01-07,000010.SZ,amount_change_5_20,-0.220380922370967,-0.220380922370967,0.09104875750096571,0.5327439423706615,3055
2025-01-07,000010.SZ,low_volatility_20,-0.03806403786189226,-0.03806403786189226,-0.6226886215795323,0.24140189977071733,3054
2025-01-07,000010.SZ,momentum_20,-0.12650602409638545,-0.12650602409638545,-0.25587676697685985,0.40583033082214215,3054
2025-01-07,000010.SZ,momentum_60_skip_5,0.357843137254902,0.357843137254902,1.389974681029526,0.9125538257701226,3020
2025-01-07,000010.SZ,overnight_reversal_5,0.01522829264247676,0.01522829264247676,0.4683820314226993,0.8337144723946422,3062
2025-01-07,000010.SZ,reversal_5,-0.04693140794223827,-0.04693140794223827,-1.8907006453186699,0.04639006860503104,3062
2025-01-07,000011.SZ,amihud_illiquidity_20,-14.997660532784744,-14.997660532784744,0.7905923945677437,0.7687520471667213,3054
2025-01-07,000011.SZ,amount_change_5_20,-0.635616671061589,-0.635616671061589,-1.0186880730751973,0.15029469548133595,3055
2025-01-07,000011.SZ,low_volatility_20,-0.02076726339540256,-0.02076726339540256,0.6317979765941839,0.674746151326564,3054
2025-01-07,000011.SZ,momentum_20,-0.10399159663865554,-0.10399159663865554,-0.03243315551099821,0.5339010809040288,3054
2025-01-07,000011.SZ,momentum_60_skip_5,-0.029475982532751077,-0.029475982532751077,-0.8065560732256918,0.14806227227558794,3020
2025-01-07,000011.SZ,overnight_reversal_5,0.017247642533594492,0.017247642533594492,0.5484015557588021,0.850375694217576,3062
2025-01-07,000011.SZ,reversal_5,0.04049493813273353,0.04049493813273353,-0.2938893100250638,0.28356746161385166,3062
2025-01-07,000012.SZ,amihud_illiquidity_20,-15.9968488252875,-15.9968488252875,-0.1761740874819037,0.39174582377988865,3054
2025-01-07,000012.SZ,amount_change_5_20,-0.30326819226070195,-0.30326819226070195,-0.13047132229129452,0.43745907007203666,3055
2025-01-07,000012.SZ,low_volatility_20,-0.01167683689913255,-0.01167683689913255,1.2911011451327703,0.9770717327219128,3054
2025-01-07,000012.SZ,momentum_20,-0.09107142857142858,-0.09107142857142858,0.09579257970288656,0.5912217490992466,3054
2025-01-07,000012.SZ,momentum_60_skip_5,-0.012915129151291449,-0.012915129151291449,-0.71263759125395,0.19874130506790327,3020
2025-01-07,000012.SZ,overnight_reversal_5,-0.005775648178435574,-0.005775648178435574,-0.3639280902980871,0.3077425677883045,3062
2025-01-07,000012.SZ,reversal_5,0.04859813084112141,0.04859813084112141,-0.1458873569556046,0.3632799738647501,3062
2025-01-08,000001.SZ,amihud_illiquidity_20,-18.956441468657953,-18.736082136689348,-2.8532109848168075,0.0,3055
2025-01-08,000001.SZ,amount_change_5_20,0.010887817195751777,0.010887817195751777,0.6769000961216952,0.7855973813420621,3056
2025-01-08,000001.SZ,low_volatility_20,-0.010962940287949322,-0.010962940287949322,1.3437041674412797,0.9885396201702685,3055
2025-01-08,000001.SZ,momentum_20,-0.024597116200169467,-0.024597116200169467,0.8171494116116187,0.8461034708578913,3055
2025-01-08,000001.SZ,momentum_60_skip_5,-0.01680672268907568,-0.01680672268907568,-0.7186447989801525,0.18344370860927153,3021
2025-01-08,000001.SZ,overnight_reversal_5,-0.0008163599182314469,-0.0008163599182314469,-0.31750816716676356,0.356839699640875,3064
2025-01-08,000001.SZ,reversal_5,0.017094017094017144,0.017094017094017144,-0.3617677254779107,0.23539014038524322,3064
2025-01-08,000002.SZ,amihud_illiquidity_20,-18.002425743034163,-18.002425743034163,-2.141296844944435,0.03470857891290111,3055
2025-01-08,000002.SZ,amount_change_5_20,-0.2714839426776986,-0.2714839426776986,-0.097064380578169,0.4513911620294599,3056
2025-01-08,000002.SZ,low_volatility_20,-0.013390973673815686,-0.013390973673815686,1.1661881711248845,0.9397511460379829,3055
2025-01-08,000002.SZ,momentum_20,-0.18881118881118886,-0.18881118881118886,-0.8227628952408619,0.16994106090373282,3055
2025-01-08,000002.SZ,momentum_60_skip_5,-0.2108695652173913,-0.18241367159971805,-1.6715299298167545,0.0,3021
2025-01-08,000002.SZ,overnight_reversal_5,0.0015383831977465743,0.0015383831977465743,-0.23001380973387833,0.43258243552073133,3064
2025-01-08,000002.SZ,reversal_5,0.04132231404958675,0.04132231404958675,0.0754718432845182,0.48547175971269996,3064
2025-01-08,000004.SZ,amihud_illiquidity_20,-14.963796728072154,-14.963796728072154,0.8072809638037658,0.7757039947609692,3055
2025-01-08,000004.SZ,amount_change_5_20,-0.7628104201796302,-0.7628104201796302,-1.4437615156563868,0.07528641571194762,3056
2025-01-08,000004.SZ,low_volatility_20,-0.06563200976186542,-0.06563200976186542,-2.6532072390671066,0.017026850032743943,3055
2025-01-08,000004.SZ,momentum_20,-0.2629262926292629,-0.2629262926292629,-1.5629081759855343,0.03339882121807466,3055
2025-01-08,000004.SZ,momentum_60_skip_5,-0.25108225108225113,-0.18241367159971805,-1.6715299298167545,0.0,3021
2025-01-08,000004.SZ,overnight_reversal_5,0.03411004235826834,0.03411004235826834,0.9802398138717471,0.910218739797584,3064
2025-01-08,000004.SZ,reversal_5,0.03179190751445082,0.03179190751445082,-0.09652005739241071,0.3581456088801828,3064
2025-01-08,000006.SZ,amihud_illiquidity_20,-16.156793725149857,-16.156793725149857,-0.3503610037302465,0.3300589390962672,3055
2025-01-08,000006.SZ,amount_change_5_20,-0.2574356377243116,-0.2574356377243116,-0.05855879844544745,0.4664484451718494,3056
2025-01-08,000006.SZ,low_volatility_20,-0.03451289388374498,-0.03451289388374498,-0.3780569500529391,0.29764243614931235,3055
2025-01-08,000006.SZ,momentum_20,-0.22580645161290336,-0.22580645161290336,-1.1922134898161667,0.08382449246889326,3055
2025-01-08,000006.SZ,momentum_60_skip_5,0.2534246575342467,0.2534246575342467,0.8362384096900148,0.8486754966887418,3021
2025-01-08,000006.SZ,overnight_reversal_5,0.028836360295994304,0.028836360295994304,0.7842874740122231,0.8932419196865817,3064
2025-01-08,000006.SZ,reversal_5,0.049180327868852625,0.049180327868852625,0.21728265978415615,0.5827619980411362,3064
2025-01-08,000007.SZ,amihud_illiquidity_20,-14.43164111606184,-14.43164111606184,1.323665892878119,0.933857236411264,3055
2025-01-08,000007.SZ,amount_change_5_20,-0.4748250687823043,-0.4748250687823043,-0.6544105129521861,0.24320785597381342,3056
2025-01-08,000007.SZ,low_volatility_20,-0.033057234173123326,-0.033057234173123326,-0.27163218450695936,0.32678454485920105,3055
2025-01-08,000007.SZ,momentum_20,-0.03616133518776088,-0.03616133518776088,0.7016641506022908,0.8231827111984283,3055
2025-01-08,000007.SZ,momentum_60_skip_5,0.0353460972017674,0.0353460972017674,-0.41856290669193486,0.371523178807947,3021
2025-01-08,000007.SZ,overnight_reversal_5,0.0070452137280458075,0.0070452137280458075,-0.025398454678383087,0.6105125693764284,3064
2025-01-08,000007.SZ,reversal_5,0.01422475106685639,0.01422475106685639,-0.4135483620897654,0.2167809337251061,3064
2025-01-08,000008.SZ,amihud_illiquidity_20,-16.408376559911538,-16.408376559911538,-0.5944880623437288,0.2550753110674525,3055
2025-01-08,000008.SZ,amount_change_5_20,-0.5457070919866934,-0.5457070919866934,-0.8486939923674052,0.18887070376432077,3056
2025-01-08,000008.SZ,low_volatility_20,-0.037425713947606916,-0.037425713947606916,-0.5910161946567101,0.24459724950884087,3055
2025-01-08,000008.SZ,momentum_20,-0.18012422360248448,-0.18012422360248448,-0.7360111270857758,0.20006548788474132,3055
2025-01-08,000008.SZ,momentum_60_skip_5,0.30630630630630584,0.30630630630630584,1.1405139074301982,0.893046357615894,3021
2025-01-08,000008.SZ,overnight_reversal_5,-0.002059855154299031,-0.002059855154299031,-0.3637122800113184,0.3225595821090434,3064
2025-01-08,000008.SZ,reversal_5,0.08965517241379284,0.08965517241379284,0.9477179688366056,0.8958537381651975,3064
2025-01-08,000009.SZ,amihud_illiquidity_20,-16.42486558380727,-16.42486558380727,-0.6104884262274015,0.25180091683038636,3055
2025-01-08,000009.SZ,amount_change_5_20,-0.11822876432968558,-0.11822876432968558,0.3229990987330168,0.6445171849427168,3056
2025-01-08,000009.SZ,low_volatility_20,-0.013654814327251167,-0.013654814327251167,1.1468985119562747,0.9325474787164375,3055
2025-01-08,000009.SZ,momentum_20,-0.1238578680203044,-0.1238578680203044,-0.17411111745917646,0.4718402095612312,3055
2025-01-08,000009.SZ,momentum_60_skip_5,0.043329532497149215,0.043329532497149215,-0.3726270517292897,0.4096026490066225,3021
2025-01-08,000009.SZ,overnight_reversal_5,0.0057910768686475576,0.0057910768686475576,-0.07199797455865303,0.574273587985635,3064
2025-01-08,000009.SZ,reversal_5,0.05683060109289595,0.05683060109289595,0.355344454698161,0.6800522363695723,3064
2025-01-08,000010.SZ,amihud_illiquidity_20,-15.177711954637696,-15.177711954637696,0.5997052160245044,0.6872953503601834,3055
2025-01-08,000010.SZ,amount_change_5_20,-0.08405135590081585,-0.08405135590081585,0.4166773760560134,0.6864157119476268,3056
2025-01-08,000010.SZ,low_volatility_20,-0.038394965207791225,-0.038394965207791225,-0.6618791424786348,0.22855271774721678,3055
2025-01-08,000010.SZ,momentum_20,-0.1164179104477614,-0.1164179104477614,-0.09981250351167205,0.5127701375245579,3055
2025-01-08,000010.SZ,momentum_60_skip_5,0.3640776699029127,0.3640776699029127,1.4729243148525644,0.9218543046357616,3021
2025-01-08,000010.SZ,overnight_reversal_5,0.004738772884526161,0.004738772884526161,-0.11109806165096668,0.5468494939601698,3064
2025-01-08,000010.SZ,reversal_5,-0.053380782918149405,-0.053380782918149405,-1.6336016980615473,0.06692784851452824,3064
2025-01-08,000011.SZ,amihud_illiquidity_20,-14.969616147296653,-14.969616147296653,0.8016340058169001,0.7740667976424361,3055
2025-01-08,000011.SZ,amount_change_5_20,-0.5525281023102563,-0.5525281023102563,-0.8673899826746748,0.1829787234042553,3056
2025-01-08,000011.SZ,low_volatility_20,-0.019206662875083876,-0.019206662875083876,0.7409972042958786,0.723313686967911,3055
2025-01-08,000011.SZ,momentum_20,-0.13687436159346267,-0.13687436159346267,-0.3040994166547721,0.3922724296005239,3055
2025-01-08,000011.SZ,momentum_60_skip_5,-0.026726057906458767,-0.026726057906458767,-0.7757196204088612,0.15993377483443708,3021
2025-01-08,000011.SZ,overnight_reversal_5,0.0221609721621246,0.0221609721621246,0.5362524372284111,0.8521057786483839,3064
2025-01-08,000011.SZ,reversal_5,0.03318077803203667,0.03318077803203667,-0.07145559878478708,0.37283708782239633,3064
2025-01-08,000012.SZ,amihud_illiquidity_20,-15.959139918434577,-15.959139918434577,-0.15856476094258654,0.39620170268500327,3055
2025-01-08,000012.SZ,amount_change_5_20,-0.31453120798458445,-0.31453120798458445,-0.21505441676852927,0.4006546644844517,3056
2025-01-08,000012.SZ,low_volatility_20,-0.01162629153262256,-0.01162629153262256,1.295205881630488,0.9816633922724296,3055
2025-01-08,000012.SZ,momentum_20,-0.09642857142857164,-0.09642857142857164,0.09980962717541536,0.6034708578912901,3055
2025-01-08,000012.SZ,momentum_60_skip_5,-0.009380863039399667,-0.009380863039399667,-0.6759171761937813,0.20860927152317882,3021
2025-01-08,000012.SZ,overnight_reversal_5,-0.007738357346284263,-0.007738357346284263,-0.5747063783049752,0.1821743388834476,3064
2025-01-08,000012.SZ,reversal_5,0.04166666666666696,0.04166666666666696,0.08168625406503961,0.48938948743062355,3064
2025-01-09,000001.SZ,amihud_illiquidity_20,-18.90916568501985,-18.722384034585673,-2.8564706745739614,0.0,3056
2025-01-09,000001.SZ,amount_change_5_20,-0.18278432032555197,-0.18278432032555197,0.27918027679297747,0.6513911620294599,3056
2025-01-09,000001.SZ,low_volatility_20,-0.011059740033636857,-0.011059740033636857,1.3135281906895415,0.9862520458265139,3056
2025-01-09,000001.SZ,momentum_20,-0.02813299232736577,-0.02813299232736577,0.9173691099012318,0.8612111292962357,3056
2025-01-09,000001.SZ,momentum_60_skip_5,-0.052238805970149405,-0.052238805970149405,-0.7530355948779888,0.1674942072161536,3022
2025-01-09,000001.SZ,overnight_reversal_5,0.0017444609434422037,0.0017444609434422037,-0.33565736573393706,0.32506527415143605,3065
2025-01-09,000001.SZ,reversal_5,0.002624671916010457,0.002624671916010457,-0.3261361047944386,0.2575065274151436,3065
2025-01-09,000002.SZ,amihud_illiquidity_20,-18.014459920109548,-18.014459920109548,-2.168570374786085,0.03273322422258593,3056
2025-01-09,000002.SZ,amount_change_5_20,-0.3491683636496477,-0.3491683636496477,-0.17706595099143482,0.43011456628477907,3056
2025-01-09,000002.SZ,low_volatility_20,-0.01285517749837038,-0.01285517749837038,1.181209346945485,0.9479541734860883,3056
2025-01-09,000002.SZ,momentum_20,-0.19653179190751446,-0.19653179190751446,-0.7819046710849308,0.18756137479541735,3056
2025-01-09,000002.SZ,momentum_60_skip_5,-0.2889999999999999,-0.20781070992262787,-1.610183569552792,0.0,3022
2025-01-09,000002.SZ,overnight_reversal_5,0.004479684372141588,0.004479684372141588,-0.2364487023631696,0.4046997389033943,3065
2025-01-09,000002.SZ,reversal_5,0.022503516174402383,0.022503516174402383,0.051581973685910006,0.4751958224543081,3065
2025-01-09,000004.SZ,amihud_illiquidity_20,-14.952465321552534,-14.952465321552534,0.8068149231917328,0.776759410801964,3056
2025-01-09,000004.SZ,amount_change_5_20,-0.8562127561327432,-0.8562127561327432,-1.5674462228486044,0.05368248772504092,3056
2025-01-09,000004.SZ,low_volatility_20,-0.06554495441790884,-0.06554495441790884,-2.701883490353849,0.01669394435351882,3056
2025-01-09,000004.SZ,momentum_20,-0.27182866556836904,-0.27182866556836904,-1.5417082060336493,0.033715220949263505,3056
2025-01-09,000004.SZ,momentum_60_skip_5,-0.21873278236914595,-0.20781070992262787,-1.610183569552792,0.0,3022
2025-01-09,000004.SZ,overnight_reversal_5,0.029119850796990566,0.029119850796990566,0.6572691382320004,0.875,3065
2025-01-09,000004.SZ,reversal_5,0.06488011283497885,0.06488011283497885,0.8567800251980113,0.8802219321148825,3065
2025-01-09,000006.SZ,amihud_illiquidity_20,-16.14567275407957,-16.14567275407957,-0.3526423318445373,0.3299509001636661,3056
2025-01-09,000006.SZ,amount_change_5_20,-0.29110418089565293,-0.29110418089565293,-0.01784657020446523,0.5037643207855974,3056
2025-01-09,000006.SZ,low_volatility_20,-0.03395808310476823,-0.03395808310476823,-0.37401723394407504,0.3027823240589198,3056
2025-01-09,000006.SZ,momentum_20,-0.24342105263157887,-0.24342105263157887,-1.2550534794902106,0.0690671031096563,3056
2025-01-09,000006.SZ,momentum_60_skip_5,0.2123745819397993,0.2123745819397993,0.7048936568468834,0.8298576630254882,3022
2025-01-09,000006.SZ,overnight_reversal_5,0.028025890894523443,0.028025890894523443,0.6175903688246378,0.8671671018276762,3065
2025-01-09,000006.SZ,reversal_5,0.0482758620689655,0.0482758620689655,0.5412825238130006,0.7914490861618799,3065
2025-01-09,000007.SZ,amihud_illiquidity_20,-14.4141735106993,-14.4141735106993,1.3298810124622191,0.9355155482815057,3056
2025-01-09,000007.SZ,amount_change_5_20,-0.49736959027711963,-0.49736959027711963,-0.5834525806882424,0.25990180032733223,3056
2025-01-09,000007.SZ,low_volatility_20,-0.03316905127839831,-0.03316905127839831,-0.31586774057922284,0.31947626841243865,3056
2025-01-09,000007.SZ,momentum_20,-0.03387533875338755,-0.03387533875338755,0.8594244051443892,0.8543371522094927,3056
2025-01-09,000007.SZ,momentum_60_skip_5,0.05882352941176472,0.05882352941176472,-0.1411201177469728,0.556769281694803,3022
2025-01-09,000007.SZ,overnight_reversal_5,0.005658832383018777,0.005658832383018777,-0.19368009456024113,0.44549608355091386,3065
2025-01-09,000007.SZ,reversal_5,-0.015669515669515688,-0.015669515669515688,-0.6737441091806535,0.16024804177545693,3065
2025-01-09,000008.SZ,amihud_illiquidity_20,-16.411160842775793,-16.411160842775793,-0.6106210220313956,0.2530278232405892,3056
2025-01-09,000008.SZ,amount_change_5_20,-0.581902394935036,-0.581902394935036,-0.8152522922392212,0.1983633387888707,3056
2025-01-09,000008.SZ,low_volatility_20,-0.0368549276944553,-0.0368549276944553,-0.5875067784938821,0.24975450081833062,3056
2025-01-09,000008.SZ,momentum_20,-0.19452887537993935,-0.19452887537993935,-0.7616936983862069,0.19803600654664485,3056
2025-01-09,000008.SZ,momentum_60_skip_5,0.26785714285714257,0.26785714285714257,1.0105835887165804,0.8761999337967561,3022
2025-01-09,000008.SZ,overnight_reversal_5,0.022639177590220747,0.022639177590220747,0.4222101226355667,0.8224543080939948,3065
2025-01-09,000008.SZ,reversal_5,0.06690140845070425,0.06690140845070425,0.8951866793318523,0.8880548302872062,3065
2025-01-09,000009.SZ,amihud_illiquidity_20,-16.410774523232757,-16.410774523232757,-0.6102456296354674,0.25368248772504093,3056
2025-01-09,000009.SZ,amount_change_5_20,-0.28490891800840223,-0.28490891800840223,-0.0008583706994496288,0.5126022913256956,3056
2025-01-09,000009.SZ,low_volatility_20,-0.013277699511268674,-0.013277699511268674,1.1500706271063,0.9345335515548282,3056
2025-01-09,000009.SZ,momentum_20,-0.13508064516129037,-0.13508064516129037,-0.16181520050831671,0.47725040916530276,3056
2025-01-09,000009.SZ,momentum_60_skip_5,0.028901734104046284,0.028901734104046284,-0.30597897461665047,0.46011254551473024,3022
2025-01-09,000009.SZ,overnight_reversal_5,0.013860148752904849,0.013860148752904849,0.1037879756529787,0.6994125326370757,3065
2025-01-09,000009.SZ,reversal_5,0.03595505617977546,0.03595505617977546,0.30717479273453957,0.6657963446475196,3065
2025-01-09,000010.SZ,amihud_illiquidity_20,-15.193162316592051,-15.193162316592051,0.5729261042351227,0.6779050736497545,3056
2025-01-09,000010.SZ,amount_change_5_20,-0.007370295835384973,-0.007370295835384973,0.760187862467697,0.8121112929623568,3056
2025-01-09,000010.SZ,low_volatility_20,-0.03792106971600909,-0.03792106971600909,-0.6660785373715358,0.23076923076923078,3056
2025-01-09,000010.SZ,momentum_20,-0.13450292397660835,-0.13450292397660835,-0.15598554813372728,0.47986906710310967,3056
2025-01-09,000010.SZ,momentum_60_skip_5,0.3091787439613527,0.3091787439613527,1.2382514760210448,0.900695134061569,3022
2025-01-09,000010.SZ,overnight_reversal_5,0.007782730679139064,0.007782730679139064,-0.11664466524844347,0.5133812010443864,3065
2025-01-09,000010.SZ,reversal_5,-0.09225092250922518,-0.09225092250922518,-2.128868032021671,0.0391644908616188,3065
2025-01-09,000011.SZ,amihud_illiquidity_20,-14.954978685570804,-14.954978685570804,0.8043726503177205,0.7757774140752864,3056
2025-01-09,000011.SZ,amount_change_5_20,-0.5854415368311215,-0.5854415368311215,-0.8249570698574541,0.19541734860883797,3056
2025-01-09,000011.SZ,low_volatility_20,-0.01899012968941033,-0.01899012968941033,0.7290801047477035,0.7168576104746317,3056
2025-01-09,000011.SZ,momentum_20,-0.14416243654822336,-0.14416243654822336,-0.25345748077799396,0.4248772504091653,3056
2025-01-09,000011.SZ,momentum_60_skip_5,-0.10208333333333341,-0.10208333333333341,-1.0276618904527133,0.070506454816286,3022
2025-01-09,000011.SZ,overnight_reversal_5,0.01757380815521845,0.01757380815521845,0.23848526643079465,0.7594647519582245,3065
2025-01-09,000011.SZ,reversal_5,0.022041763341067222,0.022041763341067222,0.042808204412749934,0.46899477806788514,3065
2025-01-09,000012.SZ,amihud_illiquidity_20,-15.867502923813227,-15.867502923813227,-0.08234060639227708,0.4193126022913257,3056
2025-01-09,000012.SZ,amount_change_5_20,-0.3846180923030368,-0.3846180923030368,-0.2742736197736219,0.3852700490998363,3056
2025-01-09,000012.SZ,low_volatility_20,-0.011418204509158453,-0.011418204509158453,1.287110336625559,0.9806873977086743,3056
2025-01-09,000012.SZ,momentum_20,-0.11524822695035442,-0.11524822695035442,0.03830919683547938,0.5865793780687397,3056
2025-01-09,000012.SZ,momentum_60_skip_5,-0.04814814814814827,-0.04814814814814827,-0.7304974695601488,0.17709367759020192,3022
2025-01-09,000012.SZ,overnight_reversal_5,-0.005846209194246522,-0.005846209194246522,-0.6109768261286528,0.1618798955613577,3065
2025-01-09,000012.SZ,reversal_5,0.029182879377431914,0.029182879377431914,0.17849660723939756,0.5731070496083551,3065
2025-01-10,000001.SZ,amihud_illiquidity_20,-18.901823005368165,-18.69979473054523,-2.877137826161904,0.0,3055
2025-01-10,000001.SZ,amount_change_5_20,-0.25155289536331404,-0.25155289536331404,0.14744103653649535,0.5946299934512115,3055
2025-01-10,000001.SZ,low_volatility_20,-0.010824713731523161,-0.010824713731523161,1.3096524944579286,0.9842829076620825,3055
2025-01-10,000001.SZ,momentum_20,-0.04641350210970463,-0.04641350210970463,1.050802665260401,0.8778650949574329,3055
2025-01-10,000001.SZ,momentum_60_skip_5,-0.04769874476987446,-0.04769874476987446,-0.6181762674819357,0.2290632240979808,3022
2025-01-10,000001.SZ,overnight_reversal_5,0.0026189690883745573,0.0026189690883745573,-0.3992166393050442,0.2878590078328982,3065
2025-01-10,000001.SZ,reversal_5,0.007029876977152849,0.007029876977152849,-0.07816943119151495,0.381201044386423,3065
2025-01-10,000002.SZ,amihud_illiquidity_20,-17.898226193302232,-17.898226193302232,-2.1054269382148836,0.03732809430255403,3055
2025-01-10,000002.SZ,amount_change_5_20,-0.29966610164884083,-0.29966610164884083,0.018252769564383715,0.5255402750491159,3055
2025-01-10,000002.SZ,low_volatility_20,-0.013614109003318879,-0.013614109003318879,1.1053356458171792,0.9155206286836935,3055
2025-01-10,000002.SZ,momentum_20,-0.23014959723820472,-0.23014959723820472,-0.7794948255234878,0.2017026850032744,3055
2025-01-10,000002.SZ,momentum_60_skip_5,-0.23995656894679707,-0.237475679253972,-1.7383304839981721,0.0,3022
2025-01-10,000002.SZ,overnight_reversal_5,0.011445280398893547,0.011445280398893547,-0.08714628993985751,0.5401436031331592,3065
2025-01-10,000002.SZ,reversal_5,0.04428571428571426,0.04428571428571426,0.6177041655347799,0.8162532637075718,3065
2025-01-10,000004.SZ,amihud_illiquidity_20,-14.924571983144412,-14.924571983144412,0.7574615414917695,0.7554027504911591,3055
2025-01-10,000004.SZ,amount_change_5_20,-0.924852610890826,-0.924852610890826,-1.660428987456911,0.04518664047151277,3055
2025-01-10,000004.SZ,low_volatility_20,-0.0604081110939262,-0.0604081110939262,-2.322218397567504,0.031761624099541585,3055
2025-01-10,000004.SZ,momentum_20,-0.37543684473290073,-0.359378033853778,-2.0668111969201273,0.0,3055
2025-01-10,000004.SZ,momentum_60_skip_5,-0.3590385578367551,-0.237475679253972,-1.7383304839981721,0.0,3022
2025-01-10,000004.SZ,overnight_reversal_5,0.03052929430022417,0.03052929430022417,0.5876038605993191,0.8593342036553525,3065
2025-01-10,000004.SZ,reversal_5,0.022656250000000044,0.022656250000000044,0.21370376733935192,0.5721279373368147,3065
2025-01-10,000006.SZ,amihud_illiquidity_20,-16.081416222974063,-16.081416222974063,-0.35629137426757007,0.3258022265880812,3055
2025-01-10,000006.SZ,amount_change_5_20,-0.36471805332310553,-0.36471805332310553,-0.1564175454854751,0.4400785854616896,3055
2025-01-10,000006.SZ,low_volatility_20,-0.03365925091643839,-0.03365925091643839,-0.36292533091008133,0.3048461034708579,3055
2025-01-10,000006.SZ,momentum_20,-0.26956521739130435,-0.26956521739130435,-1.1721357522475195,0.0985592665356909,3055
2025-01-10,000006.SZ,momentum_60_skip_5,0.2038327526132404,0.2038327526132404,0.8664829096002429,0.8656074147633234,3022
2025-01-10,000006.SZ,overnight_reversal_5,0.029118407266785946,0.029118407266785946,0.5377193738698353,0.8511749347258486,3065
2025-01-10,000006.SZ,reversal_5,0.02749638205499283,0.02749638205499283,0.30410893187350313,0.6341383812010444,3065
2025-01-10,000007.SZ,amihud_illiquidity_20,-14.286686805542953,-14.286686805542953,1.37158611592705,0.9420432220039293,3055
2025-01-10,000007.SZ,amount_change_5_20,-0.6073519746756169,-0.6073519746756169,-0.8079113499548682,0.18925998690242304,3055
2025-01-10,000007.SZ,low_volatility_20,-0.034066519860216735,-0.034066519860216735,-0.392756853169911,0.2963326784544859,3055
2025-01-10,000007.SZ,momentum_20,-0.10921052631578954,-0.10921052631578954,0.4252465612585808,0.7259332023575639,3055
2025-01-10,000007.SZ,momentum_60_skip_5,0.0060975609756097615,0.0060975609756097615,-0.30064474618501896,0.44554783184376034,3022
2025-01-10,000007.SZ,overnight_reversal_5,0.012659788193045324,0.012659788193045324,-0.04420514971789526,0.5737597911227154,3065
2025-01-10,000007.SZ,reversal_5,-0.025757575757575646,-0.025757575757575646,-0.6905814533141743,0.15926892950391644,3065
2025-01-10,000008.SZ,amihud_illiquidity_20,-16.394755303603503,-16.394755303603503,-0.6579588785495454,0.23903077930582842,3055
2025-01-10,000008.SZ,amount_change_5_20,-0.4758849040717056,-0.4758849040717056,-0.4549104937153498,0.30812049770792405,3055
2025-01-10,000008.SZ,low_volatility_20,-0.03750897910896704,-0.03750897910896704,-0.6449091502611978,0.23444662737393582,3055
2025-01-10,000008.SZ,momentum_20,-0.16099071207430338,-0.16099071207430338,-0.09056468421199343,0.495743287491814,3055
2025-01-10,000008.SZ,momentum_60_skip_5,0.19909502262443435,0.19909502262443435,0.8385185616772279,0.8613042039059914,3022
2025-01-10,000008.SZ,overnight_reversal_5,0.02641990043012668,0.02641990043012668,0.4423087383672127,0.8296344647519582,3065
2025-01-10,000008.SZ,reversal_5,-0.02264150943396226,-0.02264150943396226,-0.6323788081208469,0.17330287206266318,3065
2025-01-10,000009.SZ,amihud_illiquidity_20,-16.2939725329171,-16.2939725329171,-0.560930168161692,0.26653569089718404,3055
2025-01-10,000009.SZ,amount_change_5_20,-0.30069446517871545,-0.30069446517871545,0.015491521406166714,0.5248853962017027,3055
2025-01-10,000009.SZ,low_volatility_20,-0.013394383317456425,-0.013394383317456425,1.121430051710376,0.9217419777341191,3055
2025-01-10,000009.SZ,momentum_20,-0.15577889447236182,-0.15577889447236182,-0.03864686875724842,0.5173542894564506,3055
2025-01-10,000009.SZ,momentum_60_skip_5,0.030732860520094496,0.030732860520094496,-0.15523542795089262,0.5468387951009599,3022
2025-01-10,000009.SZ,overnight_reversal_5,0.015026329643087134,0.015026329643087134,0.03946824351734936,0.6449086161879896,3065
2025-01-10,000009.SZ,reversal_5,0.03669724770642202,0.03669724770642202,0.47596493985494565,0.7454308093994778,3065
2025-01-10,000010.SZ,amihud_illiquidity_20,-15.188433522494368,-15.188433522494368,0.503428588143586,0.6532416502946955,3055
2025-01-10,000010.SZ,amount_change_5_20,0.09403441462643136,0.09403441462643136,1.0753739080266935,0.8791748526522594,3055
2025-01-10,000010.SZ,low_volatility_20,-0.03803734186940313,-0.03803734186940313,-0.6836105187058111,0.2265880812049771,3055
2025-01-10,000010.SZ,momentum_20,-0.12352941176470578,-0.12352941176470578,0.2826081749924294,0.6741977734119188,3055
2025-01-10,000010.SZ,momentum_60_skip_5,0.3266331658291457,0.3266331658291457,1.5913096701740312,0.9314796425024826,3022
2025-01-10,000010.SZ,overnight_reversal_5,0.02243500746600948,0.02243500746600948,0.3014155729502083,0.7829634464751958,3065
2025-01-10,000010.SZ,reversal_5,-0.1287878787878789,-0.1287878787878789,-2.615006529247749,0.028720626631853787,3065
2025-01-10,000011.SZ,amihud_illiquidity_20,-14.836367876217096,-14.836367876217096,0.8423801311255067,0.7861820563195808,3055
2025-01-10,000011.SZ,amount_change_5_20,-0.5250562943102932,-0.5250562943102932,-0.5869400793520783,0.2629338572364113,3055
2025-01-10,000011.SZ,low_volatility_20,-0.018794106177517193,-0.018794106177517193,0.7259126542815083,0.7200392927308448,3055
2025-01-10,000011.SZ,momentum_20,-0.18562874251496997,-0.18562874251496997,-0.33599781623687375,0.3736083824492469,3055
2025-01-10,000011.SZ,momentum_60_skip_5,-0.07078651685393267,-0.07078651685393267,-0.7544513386344353,0.15723270440251572,3022
2025-01-10,000011.SZ,overnight_reversal_5,0.01179530445719311,0.01179530445719311,-0.07477055036792733,0.5496083550913838,3065
2025-01-10,000011.SZ,reversal_5,0.013301088270858408,0.013301088270858408,0.03896577966519031,0.44614882506527415,3065
2025-01-10,000012.SZ,amihud_illiquidity_20,-15.76305740974512,-15.76305740974512,-0.04979111754879944,0.4289456450556647,3055
2025-01-10,000012.SZ,amount_change_5_20,-0.3948382456253243,-0.3948382456253243,-0.23729295880335471,0.40471512770137524,3055
2025-01-10,000012.SZ,low_volatility_20,-0.010143261233912269,-0.010263940995635303,1.3507278197654455,0.9901768172888016,3055
2025-01-10,000012.SZ,momentum_20,-0.14459930313588854,-0.14459930313588854,0.07271926187062736,0.5700720366732155,3055
2025-01-10,000012.SZ,momentum_60_skip_5,-0.034220532319391705,-0.034220532319391705,-0.5386214124699057,0.27441244620986427,3022
2025-01-10,000012.SZ,overnight_reversal_5,-0.003964711838521658,-0.003964711838521658,-0.6319946973956111,0.14556135770234988,3065
2025-01-10,000012.SZ,reversal_5,0.03346456692913358,0.03346456692913358,0.4155841415137762,0.7131201044386423,3065
2025-01-13,000001.SZ,amihud_illiquidity_20,-18.961509459994854,-18.727701434274437,-2.8870408599089967,0.0,3054
2025-01-13,000001.SZ,amount_change_5_20,-0.26942638995726736,-0.26942638995726736,0.07304551796118053,0.5510805500982319,3055
2025-01-13,000001.SZ,low_volatility_20,-0.009640719834304218,-0.009859365705788777,1.3705834320651644,0.9901735997379627,3054
2025-01-13,000001.SZ,momentum_20,-0.03114186851211098,-0.03114186851211098,1.0857656797199118,0.8853586636095644,3054
2025-01-13,000001.SZ,momentum_60_skip_5,-0.04983388704318947,-0.04983388704318947,-0.49055803849073076,0.2993377483443709,3021
2025-01-13,000001.SZ,overnight_reversal_5,0.0070535661562404215,0.0070535661562404215,-0.49319876404955,0.227554684949396,3064
2025-01-13,000001.SZ,reversal_5,0.020979020979021046,0.020979020979021046,0.24760761005845805,0.5899444988573295,3064
2025-01-13,000002.SZ,amihud_illiquidity_20,-17.90630486557734,-17.90630486557734,-2.1011873893173534,0.03635768096953816,3054
2025-01-13,000002.SZ,amount_change_5_20,-0.23098023324445316,-0.23098023324445316,0.17667775125042334,0.5998690242305174,3055
2025-01-13,000002.SZ,low_volatility_20,-0.0137712507868732,-0.0137712507868732,1.0834803881302797,0.8984605306256142,3054
2025-01-13,000002.SZ,momentum_20,-0.19619500594530326,-0.19619500594530326,-0.5970183094552663,0.26072715361939075,3054
2025-01-13,000002.SZ,momentum_60_skip_5,-0.255069370330843,-0.255069370330843,-1.7812598371402384,0.011258278145695364,3021
2025-01-13,000002.SZ,overnight_reversal_5,0.02355991269705671,0.02355991269705671,0.08528958469802163,0.6529546196539341,3064
2025-01-13,000002.SZ,reversal_5,0.03151862464183386,0.03151862464183386,0.44448095579609503,0.7051909892262488,3064
2025-01-13,000004.SZ,amihud_illiquidity_20,-14.919170492131549,-14.919170492131549,0.7566890664115835,0.7546675401244677,3054
2025-01-13,000004.SZ,amount_change_5_20,-0.8449614814937246,-0.8449614814937246,-1.4783185707247597,0.06155861165684348,3055
2025-01-13,000004.SZ,low_volatility_20,-0.060333123240351394,-0.060333123240351394,-2.333812051604594,0.03013429413691451,3054
2025-01-13,000004.SZ,momentum_20,-0.3780548628428928,-0.37094900807939324,-2.378706566999368,0.0,3054
2025-01-13,000004.SZ,momentum_60_skip_5,-0.43013199817933545,-0.2627630465225536,-1.8296444611818319,0.0,3021
2025-01-13,000004.SZ,overnight_reversal_5,0.008419224823412506,0.008419224823412506,-0.4453373172192861,0.2624877571008815,3064
2025-01-13,000004.SZ,reversal_5,0.003993610223642086,0.003993610223642086,-0.06966946706144753,0.4028730003264773,3064
2025-01-13,000006.SZ,amihud_illiquidity_20,-16.074824983542317,-16.074824983542317,-0.34895847034465666,0.33016704880445463,3054
2025-01-13,000006.SZ,amount_change_5_20,-0.3967445393906617,-0.3967445393906617,-0.2701425999720357,0.3975114603798297,3055
2025-01-13,000006.SZ,low_volatility_20,-0.033538529412132374,-0.033538529412132374,-0.3672896999438927,0.309204061578775,3054
2025-01-13,000006.SZ,momentum_20,-0.259217877094972,-0.259217877094972,-1.2395621603132345,0.0959711758925647,3054
2025-01-13,000006.SZ,momentum_60_skip_5,0.06180665610142655,0.06180665610142655,0.21153619750940575,0.7211920529801324,3021
2025-01-13,000006.SZ,overnight_reversal_5,0.03574897632740913,0.03574897632740913,0.5124726245588185,0.8259875938622265,3064
2025-01-13,000006.SZ,reversal_5,0.010447761194030014,0.010447761194030014,0.050890122851725395,0.47110675808031344,3064
2025-01-13,000007.SZ,amihud_illiquidity_20,-14.313247124907518,-14.313247124907518,1.336393193738142,0.9354733049459548,3054
2025-01-13,000007.SZ,amount_change_5_20,-0.5973255034620024,-0.5973255034620024,-0.8108118121717084,0.19122462344466273,3055
2025-01-13,000007.SZ,low_volatility_20,-0.03285564410648548,-0.03285564410648548,-0.31717103698580895,0.32001310186701604,3054
2025-01-13,000007.SZ,momentum_20,-0.06060606060606055,-0.06060606060606055,0.7853662357544845,0.831313462168359,3054
2025-01-13,000007.SZ,momentum_60_skip_5,0.0075987841945288626,0.0075987841945288626,-0.1293707287706464,0.5370860927152318,3021
2025-01-13,000007.SZ,overnight_reversal_5,0.026061005808306927,0.026061005808306927,0.17294394360859816,0.7006203068886713,3064
2025-01-13,000007.SZ,reversal_5,-0.02865761689291113,-0.02865761689291113,-0.6795744056651579,0.16062683643486778,3064
2025-01-13,000008.SZ,amihud_illiquidity_20,-16.329145913143318,-16.329145913143318,-0.5922745405445317,0.2584343268915821,3054
2025-01-13,000008.SZ,amount_change_5_20,-0.4669505713325415,-0.4669505713325415,-0.45938408735555725,0.3189259986902423,3055
2025-01-13,000008.SZ,low_volatility_20,-0.037676087347760914,-0.037676087347760914,-0.6709554399013121,0.22928267278087128,3054
2025-01-13,000008.SZ,momentum_20,-0.16560509554140113,-0.16560509554140113,-0.2851417086313318,0.38028169014084506,3054
2025-01-13,000008.SZ,momentum_60_skip_5,0.13656387665198233,0.13656387665198233,0.6816755587981311,0.8420529801324503,3021
2025-01-13,000008.SZ,overnight_reversal_5,0.03359947666007661,0.03359947666007661,0.4371403570510535,0.8070519098922625,3064
2025-01-13,000008.SZ,reversal_5,-0.015503875968992276,-0.015503875968992276,-0.43387057585275085,0.2269017303297421,3064
2025-01-13,000009.SZ,amihud_illiquidity_20,-16.315795553992476,-16.315795553992476,-0.5795018720526542,0.2617097936455945,3054
2025-01-13,000009.SZ,amount_change_5_20,-0.24370367993372358,-0.24370367993372358,0.1423814962204313,0.5851342501637197,3055
2025-01-13,000009.SZ,low_volatility_20,-0.013106067533388506,-0.013106067533388506,1.1322998531430466,0.9233540779561088,3054
2025-01-13,000009.SZ,momentum_20,-0.13182286302780644,-0.13182286302780644,0.059281916854008826,0.5414346544382574,3054
2025-01-13,000009.SZ,momentum_60_skip_5,-0.009070294784580546,-0.009070294784580546,-0.2342006045578295,0.47086092715231787,3021
2025-01-13,000009.SZ,overnight_reversal_5,0.023502214364647937,0.023502214364647937,0.08326746472385872,0.6516487104146261,3064
2025-01-13,000009.SZ,reversal_5,0.03546910755148758,0.03546910755148758,0.5182735586856156,0.7456741756447927,3064
2025-01-13,000010.SZ,amihud_illiquidity_20,-15.20947351626957,-15.20947351626957,0.47894790247662405,0.6413363904356371,3054
2025-01-13,000010.SZ,amount_change_5_20,0.21719738359680346,0.21719738359680346,1.3847477201279503,0.9109364767518009,3055
2025-01-13,000010.SZ,low_volatility_20,-0.03759058627683387,-0.03759058627683387,-0.6646803021572244,0.23059285948247626,3054
2025-01-13,000010.SZ,momentum_20,-0.058461538461538676,-0.058461538461538676,0.8072305128312758,0.8375368490009827,3054
2025-01-13,000010.SZ,momentum_60_skip_5,0.2941176470588236,0.2941176470588236,1.6725126771686611,0.9374172185430464,3021
2025-01-13,000010.SZ,overnight_reversal_5,0.013432096184815634,0.013432096184815634,-0.2696541235354899,0.396343454129938,3064
2025-01-13,000010.SZ,reversal_5,-0.15909090909090895,-0.15909090909090895,-3.1159884732261647,0.01665034280117532,3064
2025-01-13,000011.SZ,amihud_illiquidity_20,-14.835877918552098,-14.835877918552098,0.8363774416938755,0.7854569276121848,3054
2025-01-13,000011.SZ,amount_change_5_20,-0.4434707238055875,-0.4434707238055875,-0.39609378100100473,0.34512115258677145,3055
2025-01-13,000011.SZ,low_volatility_20,-0.018681733835646096,-0.018681733835646096,0.7230877382259189,0.7163445791025221,3054
2025-01-13,000011.SZ,momentum_20,-0.15605749486652976,-0.15605749486652976,-0.1878000294571638,0.4225352112676056,3054
2025-01-13,000011.SZ,momentum_60_skip_5,-0.10075839653304441,-0.10075839653304441,-0.8108162849742411,0.1423841059602649,3021
2025-01-13,000011.SZ,overnight_reversal_5,0.02038387111638408,0.02038387111638408,-0.02601930155453103,0.5905974534769833,3064
2025-01-13,000011.SZ,reversal_5,0.009638554216867434,0.009638554216867434,0.035774631787261625,0.46490368919360103,3064
2025-01-13,000012.SZ,amihud_illiquidity_20,-15.758696687550357,-15.758696687550357,-0.04650953395383835,0.432361611529643,3054
2025-01-13,000012.SZ,amount_change_5_20,-0.30314564917915976,-0.30314564917915976,-0.01784528717510793,0.5081859855926654,3055
2025-01-13,000012.SZ,low_volatility_20,-0.0102009030359442,-0.0102009030359442,1.3455171519795968,0.9862430396331477,3054
2025-01-13,000012.SZ,momentum_20,-0.1258865248226949,-0.1258865248226949,0.1198053036931958,0.5735342286275794,3054
2025-01-13,000012.SZ,momentum_60_skip_5,-0.046554934823091254,-0.046554934823091254,-0.469937093903703,0.31125827814569534,3021
2025-01-13,000012.SZ,overnight_reversal_5,0.00011692648112696102,0.00011692648112696102,-0.7363031494803695,0.11524649036891936,3064
2025-01-13,000012.SZ,reversal_5,0.037109375,0.037109375,0.5489127507106976,0.7600391772771793,3064
2025-01-14,000001.SZ,amihud_illiquidity_20,-18.830714030181742,-18.663848410819146,-2.8646457859118293,0.0,3054
2025-01-14,000001.SZ,amount_change_5_20,-0.2539844841011352,-0.2539844841011352,-0.06954504250072362,0.48738945299705205,3054
2025-01-14,000001.SZ,low_volatility_20,-0.010409072636593818,-0.011004276921443236,1.415407612752351,0.9901735997379627,3054
2025-01-14,000001.SZ,momentum_20,-0.01642178046672438,-0.01642178046672438,0.8296931855816886,0.8453979692106125,3054
2025-01-14,000001.SZ,momentum_60_skip_5,-0.025402201524132195,-0.025402201524132195,-0.37265595209826735,0.38033763654419067,3022
2025-01-14,000001.SZ,overnight_reversal_5,0.005303784432452827,0.005303784432452827,-0.47514220596796747,0.23563968668407312,3065
2025-01-14,000001.SZ,reversal_5,0.011294526498696889,0.011294526498696889,0.5347874893840645,0.7535900783289817,3065
2025-01-14,000002.SZ,amihud_illiquidity_20,-17.88422914396976,-17.88422914396976,-2.125852856075298,0.03406485424172945,3054
2025-01-14,000002.SZ,amount_change_5_20,-0.13615436215279428,-0.13615436215279428,0.27008822876410316,0.6501801506714707,3054
2025-01-14,000002.SZ,low_volatility_20,-0.015357996384782907,-0.015357996384782907,1.093662946599169,0.8784801834261382,3054
2025-01-14,000002.SZ,momentum_20,-0.16038882138517618,-0.16038882138517618,-0.6105428562007912,0.24107435309531608,3054
2025-01-14,000002.SZ,momentum_60_skip_5,-0.2328618063112078,-0.2328618063112078,-1.6169217154307514,0.014895729890764648,3022
2025-01-14,000002.SZ,overnight_reversal_5,0.02069047026910378,0.02069047026910378,0.11952036818718621,0.6560052219321149,3065
2025-01-14,000002.SZ,reversal_5,0.019858156028368712,0.019858156028368712,0.7084834946065149,0.8443211488250653,3065
2025-01-14,000004.SZ,amihud_illiquidity_20,-14.843296273382887,-14.843296273382887,0.755835424893146,0.7569603668522764,3054
2025-01-14,000004.SZ,amount_change_5_20,-0.7847030061285423,-0.7847030061285423,-1.599286884200822,0.053717654765804125,3054
2025-01-14,000004.SZ,low_volatility_20,-0.06212202719233168,-0.06212202719233168,-2.3622504641859825,0.02718637405830331,3054
2025-01-14,000004.SZ,momentum_20,-0.357976653696498,-0.3293944476576055,-2.3012631257064196,0.0,3054
2025-01-14,000004.SZ,momentum_60_skip_5,-0.44022203245089675,-0.25575430657094084,-1.7542224412250595,0.0,3022
2025-01-14,000004.SZ,overnight_reversal_5,0.013949065108957619,0.013949065108957619,-0.14102055586328596,0.4813968668407311,3065
2025-01-14,000004.SZ,reversal_5,-0.006864988558352492,-0.006864988558352492,0.1664582416909671,0.5143603133159269,3065
2025-01-14,000006.SZ,amihud_illiquidity_20,-16.0261511016759,-16.0261511016759,-0.3650768220520114,0.322633475270226,3054
2025-01-14,000006.SZ,amount_change_5_20,-0.3738291486742887,-0.3738291486742887,-0.41498502677283616,0.33377006223386835,3054
2025-01-14,000006.SZ,low_volatility_20,-0.034500878734347,-0.034500878734347,-0.3210171545494644,0.32885686210284965,3054
2025-01-14,000006.SZ,momentum_20,-0.19859813084112166,-0.19859813084112166,-0.992786071446453,0.1362594169669178,3054
2025-01-14,000006.SZ,momentum_60_skip_5,-0.012968299711815678,-0.012968299711815678,-0.2980820207269926,0.43131413439258526,3022
2025-01-14,000006.SZ,overnight_reversal_5,0.03872960446554663,0.03872960446554663,0.8166944114262359,0.8727154046997389,3065
2025-01-14,000006.SZ,reversal_5,-0.0014598540145984717,-0.0014598540145984717,0.27609052724079797,0.5838772845953003,3065
2025-01-14,000007.SZ,amihud_illiquidity_20,-14.242621201812565,-14.242621201812565,1.325054933536893,0.9328529315427448,3054
2025-01-14,000007.SZ,amount_change_5_20,-0.420344002688257,-0.420344002688257,-0.5490593345130595,0.27841467409105797,3054
2025-01-14,000007.SZ,low_volatility_20,-0.03219235605444821,-0.03219235605444821,-0.15041478450577545,0.38224697019325254,3054
2025-01-14,000007.SZ,momentum_20,-0.07010582010582,-0.07010582010582,0.29264186978434303,0.6737635113003603,3054
2025-01-14,000007.SZ,momentum_60_skip_5,0.05159332321699539,0.05159332321699539,0.08913464787675311,0.6567361800728235,3022
2025-01-14,000007.SZ,overnight_reversal_5,0.026061005808306927,0.026061005808306927,0.32708010666751686,0.7519582245430809,3065
2025-01-14,000007.SZ,reversal_5,-0.01443001443001446,-0.01443001443001446,0.013016903674266892,0.4321148825065274,3065
2025-01-14,000008.SZ,amihud_illiquidity_20,-16.237646028638355,-16.237646028638355,-0.5654963901414457,0.26498526039960696,3054
2025-01-14,000008.SZ,amount_change_5_20,-0.3571606660881219,-0.3571606660881219,-0.36693983107794764,0.35178512938093676,3054
2025-01-14,000008.SZ,low_volatility_20,-0.03990766880707537,-0.03990766880707537,-0.7205848992235562,0.22404192597445136,3054
2025-01-14,000008.SZ,momentum_20,-0.13207547169811318,-0.13207547169811318,-0.32729811891403304,0.3616115296429741,3054
2025-01-14,000008.SZ,momentum_60_skip_5,0.16666666666666674,0.16666666666666674,0.7793018815104037,0.8530287984111221,3022
2025-01-14,000008.SZ,overnight_reversal_5,0.04132152275398693,0.04132152275398693,0.9168665224166561,0.889686684073107,3065
2025-01-14,000008.SZ,reversal_5,-0.037593984962405846,-0.037593984962405846,-0.456817660353298,0.21997389033942558,3065
2025-01-14,000009.SZ,amihud_illiquidity_20,-16.283149673150472,-16.283149673150472,-0.6086171444337344,0.25548640681297086,3054
2025-01-14,000009.SZ,amount_change_5_20,-0.11449586287200277,-0.11449586287200277,0.3325166370504589,0.6793318047821815,3054
2025-01-14,000009.SZ,low_volatility_20,-0.014206122358363849,-0.014206122358363849,1.1787877065202945,0.9187684245004913,3054
2025-01-14,000009.SZ,momentum_20,-0.10810810810810823,-0.10810810810810823,-0.08753031755745111,0.47133966590239107,3054
2025-01-14,000009.SZ,momentum_60_skip_5,-0.004561003420752607,-0.004561003420752607,-0.24765817581560165,0.4644157563720622,3022
2025-01-14,000009.SZ,overnight_reversal_5,0.01772951376364013,0.01772951376364013,0.005085717594248008,0.5858355091383812,3065
2025-01-14,000009.SZ,reversal_5,0.0171821305841926,0.0171821305841926,0.654205699436079,0.8198433420365535,3065
2025-01-14,000010.SZ,amihud_illiquidity_20,-15.19516908184572,-15.19516908184572,0.4223891465005852,0.6187356698329511,3054
2025-01-14,000010.SZ,amount_change_5_20,0.20341019203130453,0.20341019203130453,1.2488483152018461,0.8964952505732067,3054
2025-01-14,000010.SZ,low_volatility_20,-0.03805196625013264,-0.03805196625013264,-0.583446435275503,0.2564690468391746,3054
2025-01-14,000010.SZ,momentum_20,-0.04268292682926822,-0.04268292682926822,0.5669785444487614,0.7805437274811661,3054
2025-01-14,000010.SZ,momentum_60_skip_5,0.4427860696517414,0.4427860696517414,2.4353636487096115,0.9662363455809335,3022
2025-01-14,000010.SZ,overnight_reversal_5,0.010169450549999043,0.010169450549999043,-0.28709459330095494,0.3684725848563969,3065
2025-01-14,000010.SZ,reversal_5,-0.08275862068965534,-0.08275862068965534,-1.3728914788164646,0.07278067885117494,3065
2025-01-14,000011.SZ,amihud_illiquidity_20,-14.775760915711299,-14.775760915711299,0.8198341572017839,0.7795610874549623,3054
2025-01-14,000011.SZ,amount_change_5_20,-0.37187923189103866,-0.37187923189103866,-0.40936459114195617,0.3350802489354733,3054
2025-01-14,000011.SZ,low_volatility_20,-0.019685129255568826,-0.019685129255568826,0.7738830589342168,0.7386177530298067,3054
2025-01-14,000011.SZ,momentum_20,-0.1325051759834368,-0.1325051759834368,-0.33159685003390116,0.3609564362921716,3054
2025-01-14,000011.SZ,momentum_60_skip_5,-0.05222222222222228,-0.05222222222222228,-0.5335124887756237,0.2797087057265806,3022
2025-01-14,000011.SZ,overnight_reversal_5,0.008288925661766982,0.008288925661766982,-0.35977286740564757,0.3133159268929504,3065
2025-01-14,000011.SZ,reversal_5,0.01758499413833514,0.01758499413833514,0.6623769765519119,0.825065274151436,3065
2025-01-14,000012.SZ,amihud_illiquidity_20,-15.706617207015613,-15.706617207015613,-0.062275964946261156,0.431051424828038,3054
2025-01-14,000012.SZ,amount_change_5_20,-0.18710347650156614,-0.18710347650156614,0.12323261927992105,0.5807402554864068,3054
2025-01-14,000012.SZ,low_volatility_20,-0.011668054858666638,-0.011668054858666638,1.3663536917061916,0.9796921061251228,3054
2025-01-14,000012.SZ,momentum_20,-0.0953237410071941,-0.0953237410071941,0.04036358199518495,0.5388142810350475,3054
2025-01-14,000012.SZ,momentum_60_skip_5,-0.04143126177024481,-0.04143126177024481,-0.46879231032136076,0.32075471698113206,3022
2025-01-14,000012.SZ,overnight_reversal_5,0.00011692648112696102,0.00011692648112696102,-0.6756031976238496,0.14588772845953002,3065
2025-01-14,000012.SZ,reversal_5,0.011787819253438081,0.011787819253438081,0.5447929409985748,0.7591383812010444,3065
2025-01-15,000001.SZ,amihud_illiquidity_20,-18.803274022319446,-18.625225661933108,-2.8452749145821175,0.0,3054
2025-01-15,000001.SZ,amount_change_5_20,-0.27166049186493735,-0.27166049186493735,-0.13716230083580874,0.46740910579757616,3054
2025-01-15,000001.SZ,low_volatility_20,-0.010601381325056653,-0.01085280924418814,1.3922688384921316,0.9901735997379627,3054
2025-01-15,000001.SZ,momentum_20,-0.004336513443191747,-0.004336513443191747,0.713831156011569,0.8349164755977727,3054
2025-01-15,000001.SZ,momentum_60_skip_5,-0.024597116200169467,-0.024597116200169467,-0.26823966642040803,0.4644157563720622,3022
2025-01-15,000001.SZ,overnight_reversal_5,0.004434597067865864,0.004434597067865864,-0.36656984110540675,0.26492659053833606,3066
2025-01-15,000001.SZ,reversal_5,0.0017391304347826875,0.0017391304347826875,0.3025456183692755,0.6407830342577487,3066
2025-01-15,000002.SZ,amihud_illiquidity_20,-17.89425457313765,-17.89425457313765,-2.1437303755416566,0.0337373075663282,3054
2025-01-15,000002.SZ,amount_change_5_20,-0.1365281889827625,-0.1365281889827625,0.2595457044031763,0.662626924336718,3054
2025-01-15,000002.SZ,low_volatility_20,-0.015350534253386153,-0.015350534253386153,1.050947339941169,0.8689813298395022,3054
2025-01-15,000002.SZ,momentum_20,-0.15724815724815722,-0.15724815724815722,-0.9022160307213292,0.1326564035375041,3054
2025-01-15,000002.SZ,momentum_60_skip_5,-0.24675324675324672,-0.24675324675324672,-1.599337035712316,0.012578616352201259,3022
2025-01-15,000002.SZ,overnight_reversal_5,0.0207770573169725,0.0207770573169725,0.2702335409129638,0.7184339314845024,3066
2025-01-15,000002.SZ,reversal_5,0.014367816091953922,0.014367816091953922,0.5547100433025556,0.7869494290375204,3066
2025-01-15,000004.SZ,amihud_illiquidity_20,-14.871420569914738,-14.871420569914738,0.7574140334409261,0.753684900098264,3054
2025-01-15,000004.SZ,amount_change_5_20,-0.7015454855989733,-0.7015454855989733,-1.399176006730394,0.07075008188666886,3054
2025-01-15,000004.SZ,low_volatility_20,-0.059814448809916126,-0.059814448809916126,-2.323311850391786,0.02947920078611202,3054
2025-01-15,000004.SZ,momentum_20,-0.2765498652291105,-0.2765498652291105,-2.1630565053745006,0.014412053717654767,3054
2025-01-15,000004.SZ,momentum_60_skip_5,-0.41433566433566427,-0.2531131629240326,-1.6374438737400314,0.0,3022
2025-01-15,000004.SZ,overnight_reversal_5,-0.019816485784349733,-0.019816485784349733,-1.311542100024795,0.049918433931484506,3066
2025-01-15,000004.SZ,reversal_5,-0.0014925373134329067,-0.0014925373134329067,0.23801699983948704,0.5957585644371941,3066
2025-01-15,000006.SZ,amihud_illiquidity_20,-16.03401673139136,-16.03401673139136,-0.35837973828997605,0.3245987553226335,3054
2025-01-15,000006.SZ,amount_change_5_20,-0.4823958228833765,-0.4823958228833765,-0.7558181737738687,0.1919423517851294,3054
2025-01-15,000006.SZ,low_volatility_20,-0.0343690112775295,-0.0343690112775295,-0.3923189924296351,0.2990501146413364,3054
2025-01-15,000006.SZ,momentum_20,-0.18899521531100472,-0.18899521531100472,-1.2377349133444762,0.07271536193907632,3054
2025-01-15,000006.SZ,momentum_60_skip_5,-0.08781127129750999,-0.08781127129750999,-0.6470011948220606,0.21880172128434294,3022
2025-01-15,000006.SZ,overnight_reversal_5,0.034323274476808704,0.034323274476808704,0.7980779884104292,0.8773246329526917,3066
2025-01-15,000006.SZ,reversal_5,0.025862068965517127,0.025862068965517127,0.7842225788571863,0.8707993474714518,3066
2025-01-15,000007.SZ,amihud_illiquidity_20,-14.281249321177683,-14.281249321177683,1.3238268820426946,0.9318702915165411,3054
2025-01-15,000007.SZ,amount_change_5_20,-0.2882779745364668,-0.2882779745364668,-0.18594625746284726,0.4418604651162791,3054
2025-01-15,000007.SZ,low_volatility_20,-0.029187415856337138,-0.029187415856337138,0.000899781601536382,0.41893219783819197,3054
2025-01-15,000007.SZ,momentum_20,-0.008450704225352101,-0.008450704225352101,0.6703503178376434,0.8234523419587291,3054
2025-01-15,000007.SZ,momentum_60_skip_5,0.020618556701030855,0.020618556701030855,0.002679993098830385,0.6196623634558094,3022
2025-01-15,000007.SZ,overnight_reversal_5,0.027484493593160773,0.027484493593160773,0.5315967653138243,0.8137030995106036,3066
2025-01-15,000007.SZ,reversal_5,-0.015873015873015817,-0.015873015873015817,-0.04912650857331562,0.4212071778140294,3066
2025-01-15,000008.SZ,amihud_illiquidity_20,-16.24057542806804,-16.24057542806804,-0.556623044853075,0.27153619390763184,3054
2025-01-15,000008.SZ,amount_change_5_20,-0.3539875069597774,-0.3539875069597774,-0.37884978220753274,0.3422862757943007,3054
2025-01-15,000008.SZ,low_volatility_20,-0.03832529985323373,-0.03832529985323373,-0.6925521864550307,0.22764493940386504,3054
2025-01-15,000008.SZ,momentum_20,-0.09999999999999998,-0.09999999999999998,-0.29718870144529114,0.3792990501146413,3054
2025-01-15,000008.SZ,momentum_60_skip_5,0.1428571428571428,0.1428571428571428,0.7350993958552537,0.8487255875537901,3022
2025-01-15,000008.SZ,overnight_reversal_5,0.041047076447683545,0.041047076447683545,1.060078921550771,0.9102773246329527,3066
2025-01-15,000008.SZ,reversal_5,-0.022727272727272707,-0.022727272727272707,-0.18598950326011468,0.3396411092985318,3066
2025-01-15,000009.SZ,amihud_illiquidity_20,-16.31523898188577,-16.31523898188577,-0.628280883650087,0.25122830003275465,3054
2025-01-15,000009.SZ,amount_change_5_20,-0.041911523438121566,-0.041911523438121566,0.5373119220284805,0.7553226334752702,3054
2025-01-15,000009.SZ,low_volatility_20,-0.014248660393825144,-0.014248660393825144,1.1345658884718977,0.9138552243694726,3054
2025-01-15,000009.SZ,momentum_20,-0.09368421052631593,-0.09368421052631593,-0.2304402606008345,0.42351785129380937,3054
2025-01-15,000009.SZ,momentum_60_skip_5,-0.027057497181510515,-0.027057497181510515,-0.28298158078291286,0.4511751075802714,3022
2025-01-15,000009.SZ,overnight_reversal_5,0.013078342587909249,0.013078342587909249,-0.029756026259464885,0.5259380097879283,3066
2025-01-15,000009.SZ,reversal_5,0.002317497103128896,0.002317497103128896,0.3140942072155962,0.6453507340946166,3066
2025-01-15,000010.SZ,amihud_illiquidity_20,-15.2562422609042,-15.2562422609042,0.3880840285253464,0.6049787094660989,3054
2025-01-15,000010.SZ,amount_change_5_20,0.09562729027995874,0.09562729027995874,0.9410847229746065,0.8421225024566,3054
2025-01-15,000010.SZ,low_volatility_20,-0.03630431220535642,-0.03630431220535642,-0.5391843102252059,0.2640026203734032,3054
2025-01-15,000010.SZ,momentum_20,-0.01960784313725472,-0.01960784313725472,0.5524360602840085,0.8001965280052408,3054
2025-01-15,000010.SZ,momentum_60_skip_5,0.4230769230769229,0.4230769230769229,2.4140979062519285,0.9652432969215492,3022
2025-01-15,000010.SZ,overnight_reversal_5,0.020232125205861356,0.020232125205861356,0.24899961370515827,0.7070146818923327,3066
2025-01-15,000010.SZ,reversal_5,-0.013513513513513598,-0.013513513513513598,-0.0020129314549610995,0.45220228384991845,3066
2025-01-15,000011.SZ,amihud_illiquidity_20,-14.835535213068262,-14.835535213068262,0.791854761006019,0.7690795938421225,3054
2025-01-15,000011.SZ,amount_change_5_20,-0.2906040593384931,-0.2906040593384931,-0.19277494640062967,0.43760235833606287,3054
2025-01-15,000011.SZ,low_volatility_20,-0.01839857246257961,-0.01839857246257961,0.8196390747460034,0.7648214870619063,3054
2025-01-15,000011.SZ,momentum_20,-0.09784946236559144,-0.09784946236559144,-0.2744607377168921,0.3966590239109073,3054
2025-01-15,000011.SZ,momentum_60_skip_5,-0.09139784946236573,-0.09139784946236573,-0.6684909675693343,0.20688513737173123,3022
2025-01-15,000011.SZ,overnight_reversal_5,0.002452381158489412,0.002452381158489412,-0.44380923931967176,0.21566068515497552,3066
2025-01-15,000011.SZ,reversal_5,0.007100591715976212,0.007100591715976212,0.40960108221372493,0.702120717781403,3066
2025-01-15,000012.SZ,amihud_illiquidity_20,-15.733852103242493,-15.733852103242493,-0.0702987745982993,0.42941369145103175,3054
2025-01-15,000012.SZ,amount_change_5_20,-0.15299700366230348,-0.15299700366230348,0.21119819251427013,0.6416639371110383,3054
2025-01-15,000012.SZ,low_volatility_20,-0.011359436251449603,-0.011359436251449603,1.3538221373329369,0.9836226662299378,3054
2025-01-15,000012.SZ,momentum_20,-0.0715596330275231,-0.0715596330275231,0.0033834060270764876,0.5620700949885359,3054
2025-01-15,000012.SZ,momentum_60_skip_5,-0.057728119180633475,-0.057728119180633475,-0.4667513653751283,0.3250579278384641,3022
2025-01-15,000012.SZ,overnight_reversal_5,9.35376773463256e-05,9.35376773463256e-05,-0.5357243783836336,0.18270799347471453,3066
2025-01-15,000012.SZ,reversal_5,-0.0,0.0,0.2678193738592689,0.6042414355628059,3066
2025-01-16,000001.SZ,amihud_illiquidity_20,-18.810582641037026,-18.639980344463428,-2.8542816535630995,0.0,3053
2025-01-16,000001.SZ,amount_change_5_20,-0.234773394460686,-0.234773394460686,-0.16472008731549476,0.46166448230668417,3053
2025-01-16,000001.SZ,low_volatility_20,-0.010481484018653389,-0.011037670018735637,1.388384299175148,0.990170380078637,3053
2025-01-16,000001.SZ,momentum_20,-0.00686695278969951,-0.00686695278969951,0.650499475419934,0.8260157273918742,3053
2025-01-16,000001.SZ,momentum_60_skip_5,-0.038785834738617186,-0.038785834738617186,-0.322762856239794,0.4347682119205298,3021
2025-01-16,000001.SZ,overnight_reversal_5,-0.0016444490085163284,-0.0016444490085163284,-0.28361643258470065,0.3071148825065274,3065
2025-01-16,000001.SZ,reversal_5,-0.014912280701754543,-0.014912280701754543,0.10381303984246122,0.5169712793733682,3065
2025-01-16,000002.SZ,amihud_illiquidity_20,-17.8831571907465,-17.8831571907465,-2.129814147761792,0.03407601572739188,3053
2025-01-16,000002.SZ,amount_change_5_20,-0.06377610920083228,-0.06377610920083228,0.35006436575144556,0.7015072083879423,3053
2025-01-16,000002.SZ,low_volatility_20,-0.01544808257813515,-0.01544808257813515,1.0492054956226187,0.8709043250327654,3053
2025-01-16,000002.SZ,momentum_20,-0.1547911547911549,-0.1547911547911549,-0.9184570006862367,0.12844036697247707,3053
2025-01-16,000002.SZ,momentum_60_skip_5,-0.255091103965702,-0.2548517813518227,-1.5889202383576257,0.0,3021
2025-01-16,000002.SZ,overnight_reversal_5,0.010643426307036396,0.010643426307036396,0.2234071475362011,0.6876631853785901,3065
2025-01-16,000002.SZ,reversal_5,0.010071942446043258,0.010071942446043258,0.6834527743434212,0.8397519582245431,3065
2025-01-16,000004.SZ,amihud_illiquidity_20,-14.86351165686291,-14.86351165686291,0.7607357219042332,0.7581913499344692,3053
2025-01-16,000004.SZ,amount_change_5_20,-0.6386594915964328,-0.6386594915964328,-1.3806123940232438,0.07077326343381389,3053
2025-01-16,000004.SZ,low_volatility_20,-0.059857588073428544,-0.059857588073428544,-2.3660675060268965,0.02948885976408912,3053
2025-01-16,000004.SZ,momentum_20,-0.2752,-0.2752,-2.1955721374575967,0.010157273918741808,3053
2025-01-16,000004.SZ,momentum_60_skip_5,-0.38809413936317494,-0.2548517813518227,-1.5889202383576257,0.0,3021
2025-01-16,000004.SZ,overnight_reversal_5,-0.03318417560142969,-0.03318417560142969,-1.5850118880653647,0.0368798955613577,3065
2025-01-16,000004.SZ,reversal_5,-0.02488687782805421,-0.02488687782805421,-0.1275999120768381,0.3658616187989556,3065
2025-01-16,000006.SZ,amihud_illiquidity_20,-16.037739780575542,-16.037739780575542,-0.36329188725374306,0.32437745740498036,3053
2025-01-16,000006.SZ,amount_change_5_20,-0.4215785810770979,-0.4215785810770979,-0.7270939617092452,0.19298820445609435,3053
2025-01-16,000006.SZ,low_volatility_20,-0.03265671809579232,-0.03265671809579232,-0.27420911175035145,0.32830930537352554,3053
2025-01-16,000006.SZ,momentum_20,-0.21125143513203226,-0.21125143513203226,-1.5173023639535532,0.04062909567496723,3053
2025-01-16,000006.SZ,momentum_60_skip_5,-0.053497942386831254,-0.053497942386831254,-0.4089765516290329,0.36821192052980134,3021
2025-01-16,000006.SZ,overnight_reversal_5,0.021288612457432323,0.021288612457432323,0.6626499176997104,0.8567232375979112,3065
2025-01-16,000006.SZ,reversal_5,0.004347826086956608,0.004347826086956608,0.5506519557225692,0.8002610966057441,3065
2025-01-16,000007.SZ,amihud_illiquidity_20,-14.28265542119108,-14.28265542119108,1.3167592344244388,0.9285714285714286,3053
2025-01-16,000007.SZ,amount_change_5_20,-0.32195562947359263,-0.32195562947359263,-0.42718074041926307,0.31716906946264745,3053
2025-01-16,000007.SZ,low_volatility_20,-0.02897976853175905,-0.02897976853175905,0.008563381084559368,0.4243119266055046,3053
2025-01-16,000007.SZ,momentum_20,0.012875536480686733,0.012875536480686733,0.8598979780052265,0.8627129750982963,3053
2025-01-16,000007.SZ,momentum_60_skip_5,0.039358600583090375,0.039358600583090375,0.13516748958714195,0.6930463576158941,3021
2025-01-16,000007.SZ,overnight_reversal_5,0.0245943181709275,0.0245943181709275,0.7990502881983471,0.8825065274151436,3065
2025-01-16,000007.SZ,reversal_5,0.007012622720897643,0.007012622720897643,0.6124758517172214,0.818864229765013,3065
2025-01-16,000008.SZ,amihud_illiquidity_20,-16.23126977876912,-16.23126977876912,-0.5485481051699755,0.2732634338138925,3053
2025-01-16,000008.SZ,amount_change_5_20,-0.33069556636982267,-0.33069556636982267,-0.4534921735401353,0.3053735255570118,3053
2025-01-16,000008.SZ,low_volatility_20,-0.03833708472897934,-0.03833708472897934,-0.7110525889615634,0.21854521625163828,3053
2025-01-16,000008.SZ,momentum_20,-0.09933774834437081,-0.09933774834437081,-0.3302910346736327,0.3617300131061599,3053
2025-01-16,000008.SZ,momentum_60_skip_5,0.14224137931034497,0.14224137931034497,0.7380657797629029,0.8443708609271523,3021
2025-01-16,000008.SZ,overnight_reversal_5,0.02974561518113826,0.02974561518113826,1.0116036373585044,0.9099216710182768,3065
2025-01-16,000008.SZ,reversal_5,-0.026415094339622858,-0.026415094339622858,-0.16305488731402945,0.34366840731070497,3065
2025-01-16,000009.SZ,amihud_illiquidity_20,-16.309530475861067,-16.309530475861067,-0.623463006684312,0.2532765399737877,3053
2025-01-16,000009.SZ,amount_change_5_20,0.014459222655514763,0.014459222655514763,0.585590517286412,0.7735910878112713,3053
2025-01-16,000009.SZ,low_volatility_20,-0.014296252777145892,-0.014296252777145892,1.137785928526355,0.9174311926605505,3053
2025-01-16,000009.SZ,momentum_20,-0.0923399790136411,-0.0923399790136411,-0.2560692686529683,0.40498034076015726,3053
2025-01-16,000009.SZ,momentum_60_skip_5,-0.05088495575221241,-0.05088495575221241,-0.3936643177085227,0.3794701986754967,3021
2025-01-16,000009.SZ,overnight_reversal_5,0.002623305725935809,0.002623305725935809,-0.10751989604179886,0.4366840731070496,3065
2025-01-16,000009.SZ,reversal_5,-0.00815850815850827,-0.00815850815850827,0.2605021192142248,0.6351174934725848,3065
2025-01-16,000010.SZ,amihud_illiquidity_20,-15.285467911740483,-15.285467911740483,0.356818909862892,0.5901048492791612,3053
2025-01-16,000010.SZ,amount_change_5_20,0.1147850616042725,0.1147850616042725,0.8876197691147949,0.8414154652686763,3053
2025-01-16,000010.SZ,low_volatility_20,-0.03610015640526765,-0.03610015640526765,-0.539023631976052,0.2604849279161206,3053
2025-01-16,000010.SZ,momentum_20,-0.013422818791946511,-0.013422818791946511,0.5809647523554249,0.8073394495412844,3053
2025-01-16,000010.SZ,momentum_60_skip_5,0.4230769230769229,0.4230769230769229,2.3837762791489068,0.9625827814569536,3021
2025-01-16,000010.SZ,overnight_reversal_5,0.016734268049664765,0.016734268049664765,0.4747280884631117,0.8012402088772846,3065
2025-01-16,000010.SZ,reversal_5,0.006756756756756799,0.006756756756756799,0.6065397023862984,0.8162532637075718,3065
2025-01-16,000011.SZ,amihud_illiquidity_20,-14.85618770478258,-14.85618770478258,0.7677465609228158,0.7604849279161205,3053
2025-01-16,000011.SZ,amount_change_5_20,-0.17690583437096338,-0.17690583437096338,0.009489229667738198,0.5488204456094364,3053
2025-01-16,000011.SZ,low_volatility_20,-0.017985346339569597,-0.017985346339569597,0.8540795124384747,0.7807994757536042,3053
2025-01-16,000011.SZ,momentum_20,-0.11052072263549428,-0.11052072263549428,-0.4489031326183244,0.2965268676277851,3053
2025-01-16,000011.SZ,momentum_60_skip_5,-0.08766233766233766,-0.08766233766233766,-0.6091816369824979,0.24470198675496688,3021
2025-01-16,000011.SZ,overnight_reversal_5,0.0036449871436125478,0.0036449871436125478,-0.06536317188641892,0.47095300261096606,3065
2025-01-16,000011.SZ,reversal_5,0.007117437722420017,0.007117437722420017,0.6149075839065612,0.8204960835509139,3065
2025-01-16,000012.SZ,amihud_illiquidity_20,-15.729305539915188,-15.729305539915188,-0.0680438046105119,0.432175622542595,3053
2025-01-16,000012.SZ,amount_change_5_20,-0.0944340990953889,-0.0944340990953889,0.25776900248870244,0.6664482306684142,3053
2025-01-16,000012.SZ,low_volatility_20,-0.01148569934764,-0.01148569934764,1.3539290073656862,0.9819790301441678,3053
2025-01-16,000012.SZ,momentum_20,-0.06445672191528551,-0.06445672191528551,0.03967420136397958,0.5930537352555701,3053
2025-01-16,000012.SZ,momentum_60_skip_5,-0.08775137111517362,-0.08775137111517362,-0.6097033775220447,0.24403973509933774,3021
2025-01-16,000012.SZ,overnight_reversal_5,0.002071777689452033,0.002071777689452033,-0.13027710283418215,0.4171018276762402,3065
2025-01-16,000012.SZ,reversal_5,-0.018036072144288484,-0.018036072144288484,0.031340358515711875,0.4660574412532637,3065
2025-01-17,000001.SZ,amihud_illiquidity_20,-18.76202692525922,-18.610453082544606,-2.819885075072993,0.0,3053
2025-01-17,000001.SZ,amount_change_5_20,-0.2567647339683292,-0.2567647339683292,-0.2724802576816361,0.4028824107435309,3054
2025-01-17,000001.SZ,low_volatility_20,-0.010672152746561974,-0.010928418090413786,1.4057977264366008,0.990170380078637,3053
2025-01-17,000001.SZ,momentum_20,-0.012079378774806027,-0.012079378774806027,0.5655455614276738,0.8017693315858454,3053
2025-01-17,000001.SZ,momentum_60_skip_5,-0.038297872340425476,-0.038297872340425476,-0.17921571156822158,0.5256537570340947,3022
2025-01-17,000001.SZ,overnight_reversal_5,0.0018187579161012628,0.0018187579161012628,-0.24213197265025743,0.3260443864229765,3065
2025-01-17,000001.SZ,reversal_5,-0.01327433628318575,-0.01327433628318575,0.7942707616686768,0.8537859007832899,3065
2025-01-17,000002.SZ,amihud_illiquidity_20,-17.895304726497898,-17.895304726497898,-2.13790164909782,0.0337483617300131,3053
2025-01-17,000002.SZ,amount_change_5_20,0.21458869566558716,0.21458869566558716,1.1588094642499787,0.8801179168031444,3054
2025-01-17,000002.SZ,low_volatility_20,-0.01609099074417206,-0.01609099074417206,1.00473627213455,0.8502621231979031,3053
2025-01-17,000002.SZ,momentum_20,-0.16182048040455121,-0.16182048040455121,-1.0437973972574086,0.10484927916120576,3053
2025-01-17,000002.SZ,momentum_60_skip_5,-0.26644736842105254,-0.26644736842105254,-1.593141528460487,0.015226746110559417,3022
2025-01-17,000002.SZ,overnight_reversal_5,0.05666514768469035,0.05666514768469035,1.9224157324774798,0.9614882506527415,3065
2025-01-17,000002.SZ,reversal_5,0.0089686098654711,0.0089686098654711,1.3236203901741626,0.9392950391644909,3065
2025-01-17,000004.SZ,amihud_illiquidity_20,-14.849670978420349,-14.849670978420349,0.7664911530634639,0.7578636959370905,3053
2025-01-17,000004.SZ,amount_change_5_20,-0.5003141071690346,-0.5003141071690346,-1.0120308639343456,0.12053717654765804,3054
2025-01-17,000004.SZ,low_volatility_20,-0.053447794724621134,-0.053447794724621134,-1.897377680986983,0.05471821756225426,3053
2025-01-17,000004.SZ,momentum_20,-0.35530780416868635,-0.2758018757327081,-2.2688128004834236,0.0,3053
2025-01-17,000004.SZ,momentum_60_skip_5,-0.44001790510295435,-0.28671015558380963,-1.7187174266491494,0.0,3022
2025-01-17,000004.SZ,overnight_reversal_5,-0.025057052922538313,-0.025057052922538313,-1.3028029652110313,0.0564621409921671,3065
2025-01-17,000004.SZ,reversal_5,-0.06314948041566759,-0.06314948041566759,-0.39268481704547975,0.2591383812010444,3065
2025-01-17,000006.SZ,amihud_illiquidity_20,-16.042345821621996,-16.042345821621996,-0.37087351926466183,0.32339449541284404,3053
2025-01-17,000006.SZ,amount_change_5_20,-0.42472782415652444,-0.42472782415652444,-0.7825091012968187,0.1811333114968883,3054
2025-01-17,000006.SZ,low_volatility_20,-0.03135934915829923,-0.03135934915829923,-0.18140684701689597,0.35910878112712974,3053
2025-01-17,000006.SZ,momentum_20,-0.24022346368715075,-0.24022346368715075,-1.8864337056087785,0.02129750982961992,3053
2025-01-17,000006.SZ,momentum_60_skip_5,-0.16209476309226933,-0.16209476309226933,-0.9464302918851781,0.08970539556438266,3022
2025-01-17,000006.SZ,overnight_reversal_5,0.04173199468300629,0.04173199468300629,1.3330693380019674,0.935378590078329,3065
2025-01-17,000006.SZ,reversal_5,-0.011904761904762085,-0.011904761904762085,0.8268646313648896,0.8642297650130548,3065
2025-01-17,000007.SZ,amihud_illiquidity_20,-14.291546333235374,-14.291546333235374,1.2987328263136606,0.9256225425950196,3053
2025-01-17,000007.SZ,amount_change_5_20,-0.25845879474353606,-0.25845879474353606,-0.27762436319448713,0.3996069439895185,3054
2025-01-17,000007.SZ,low_volatility_20,-0.02891706888708969,-0.02891706888708969,0.00832500628137008,0.4262778505897772,3053
2025-01-17,000007.SZ,momentum_20,0.023054755043227626,0.023054755043227626,0.9431497746607357,0.8731979030144168,3053
2025-01-17,000007.SZ,momentum_60_skip_5,-0.001474926253687392,-0.001474926253687392,0.048989544285911374,0.656074147633234,3022
2025-01-17,000007.SZ,overnight_reversal_5,0.023246907228029932,0.023246907228029932,0.6035435880196108,0.8443211488250653,3065
2025-01-17,000007.SZ,reversal_5,-0.048744460856720906,-0.048744460856720906,-0.04986639267038237,0.4324412532637076,3065
2025-01-17,000008.SZ,amihud_illiquidity_20,-16.2021200903109,-16.2021200903109,-0.523238272985803,0.2804718217562254,3053
2025-01-17,000008.SZ,amount_change_5_20,-0.566513614256856,-0.566513614256856,-1.2130491829594714,0.09138552243694727,3054
2025-01-17,000008.SZ,low_volatility_20,-0.038345992721302256,-0.038345992721302256,-0.7241737223708321,0.21330275229357798,3053
2025-01-17,000008.SZ,momentum_20,-0.10033444816053505,-0.10033444816053505,-0.38297607316922583,0.33420707732634336,3053
2025-01-17,000008.SZ,momentum_60_skip_5,0.15811965811965822,0.15811965811965822,1.0380555161954825,0.8914266799073155,3022
2025-01-17,000008.SZ,overnight_reversal_5,0.033344999638854865,0.033344999638854865,1.002071236717047,0.9066579634464752,3065
2025-01-17,000008.SZ,reversal_5,0.0073800738007380184,0.0073800738007380184,1.2858155521768002,0.9360313315926893,3065
2025-01-17,000009.SZ,amihud_illiquidity_20,-16.304813532698297,-16.304813532698297,-0.6211693177436934,0.2545871559633027,3053
2025-01-17,000009.SZ,amount_change_5_20,-0.0016329947043728897,-0.0016329947043728897,0.502240818243599,0.7432034064854242,3054
2025-01-17,000009.SZ,low_volatility_20,-0.014334631885142545,-0.014334631885142545,1.1411813907840416,0.9177588466579292,3053
2025-01-17,000009.SZ,momentum_20,-0.09033613445378152,-0.09033613445378152,-0.27551916529583004,0.3876146788990826,3053
2025-01-17,000009.SZ,momentum_60_skip_5,-0.05084745762711862,-0.05084745762711862,-0.2569900785204766,0.47004303210857334,3022
2025-01-17,000009.SZ,overnight_reversal_5,0.004931361103939914,0.004931361103939914,-0.11929110535459496,0.42656657963446476,3065
2025-01-17,000009.SZ,reversal_5,-0.030952380952380842,-0.030952380952380842,0.3735591205128635,0.6837467362924282,3065
2025-01-17,000010.SZ,amihud_illiquidity_20,-15.289759448559675,-15.289759448559675,0.3468117396101416,0.581913499344692,3053
2025-01-17,000010.SZ,amount_change_5_20,0.0971884505375161,0.0971884505375161,0.8023173849739964,0.8162463150999018,3054
2025-01-17,000010.SZ,low_volatility_20,-0.035409142013017994,-0.035409142013017994,-0.4960204942947038,0.2657273918741809,3053
2025-01-17,000010.SZ,momentum_20,-0.04885993485342033,-0.04885993485342033,0.17024641979319366,0.6500655307994757,3053
2025-01-17,000010.SZ,momentum_60_skip_5,0.39906103286385,0.39906103286385,2.53125728065581,0.9692154915590864,3022
2025-01-17,000010.SZ,overnight_reversal_5,0.026990768216853762,0.026990768216853762,0.751297446493573,0.8720626631853786,3065
2025-01-17,000010.SZ,reversal_5,0.020134228187919656,0.020134228187919656,1.5893457968500715,0.9592036553524804,3065
2025-01-17,000011.SZ,amihud_illiquidity_20,-14.849711885400657,-14.849711885400657,0.7664521431400811,0.7575360419397117,3053
2025-01-17,000011.SZ,amount_change_5_20,-0.20567140418415522,-0.20567140418415522,-0.11733264830463913,0.48280379954143465,3054
2025-01-17,000011.SZ,low_volatility_20,-0.017991476982987913,-0.017991476982987913,0.8570944226265065,0.783748361730013,3053
2025-01-17,000011.SZ,momentum_20,-0.1102863202545068,-0.1102863202545068,-0.48993384966381603,0.2798165137614679,3053
2025-01-17,000011.SZ,momentum_60_skip_5,-0.14375655823714584,-0.14375655823714584,-0.832781733700526,0.12479311486262827,3022
2025-01-17,000011.SZ,overnight_reversal_5,0.006060117437337641,0.006060117437337641,-0.07474401772652807,0.47356396866840733,3065
2025-01-17,000011.SZ,reversal_5,-0.028186274509804043,-0.028186274509804043,0.4393884134490907,0.7216057441253264,3065
2025-01-17,000012.SZ,amihud_illiquidity_20,-15.72907602339331,-15.72907602339331,-0.07213157510140437,0.42791612057667106,3053
2025-01-17,000012.SZ,amount_change_5_20,-0.07283445616576764,-0.07283445616576764,0.28603379911709315,0.670815591221749,3054
2025-01-17,000012.SZ,low_volatility_20,-0.011544195423365657,-0.011544195423365657,1.3579602296606228,0.9832896461336829,3053
2025-01-17,000012.SZ,momentum_20,-0.05914972273567465,-0.05914972273567465,0.05965689230584165,0.5871559633027523,3053
2025-01-17,000012.SZ,momentum_60_skip_5,-0.09242144177449152,-0.09242144177449152,-0.5146392537624278,0.2899702085402185,3022
2025-01-17,000012.SZ,overnight_reversal_5,0.00999679866324717,0.00999679866324717,0.08061961421560628,0.5988903394255874,3065
2025-01-17,000012.SZ,reversal_5,-0.03665987780040725,-0.03665987780040725,0.2377290323578621,0.6096605744125326,3065
2025-01-20,000001.SZ,amihud_illiquidity_20,-18.764591856230403,-18.620463790028385,-2.8165468352572165,0.0,3053
2025-01-20,000001.SZ,amount_change_5_20,-0.2801632073330999,-0.2801632073330999,-0.5388675089786431,0.275794300687848,3054
2025-01-20,000001.SZ,low_volatility_20,-0.010654992735761192,-0.010931418873112544,1.4208617302614177,0.990170380078637,3053
2025-01-20,000001.SZ,momentum_20,-0.017211703958692093,-0.017211703958692093,0.4960608862862463,0.7775229357798165,3053
2025-01-20,000001.SZ,momentum_60_skip_5,-0.043552519214346996,-0.043552519214346996,-0.08882577252708862,0.5632450331125828,3021
2025-01-20,000001.SZ,overnight_reversal_5,-0.006973144520720448,-0.006973144520720448,0.037760931932737905,0.5050570962479608,3066
2025-01-20,000001.SZ,reversal_5,-0.019642857142857295,-0.019642857142857295,0.805474916979521,0.831973898858075,3066
2025-01-20,000002.SZ,amihud_illiquidity_20,-17.883425314084732,-17.883425314084732,-2.118338409729087,0.033420707732634336,3053
2025-01-20,000002.SZ,amount_change_5_20,0.391641500576281,0.391641500576281,1.5996139137326966,0.9328529315427448,3054
2025-01-20,000002.SZ,low_volatility_20,-0.0185867620362978,-0.0185867620362978,0.8230715565024733,0.7706422018348624,3053
2025-01-20,000002.SZ,momentum_20,-0.12404092071611261,-0.12404092071611261,-0.6819121923996363,0.20117955439056356,3053
2025-01-20,000002.SZ,momentum_60_skip_5,-0.26039387308533923,-0.26039387308533923,-1.5114146142990263,0.025496688741721854,3021
2025-01-20,000002.SZ,overnight_reversal_5,0.04765607774232413,0.04765607774232413,2.1848970118707305,0.969331158238173,3066
2025-01-20,000002.SZ,reversal_5,-0.013313609467455523,-0.013313609467455523,0.9465698709647483,0.8737357259380097,3066
2025-01-20,000004.SZ,amihud_illiquidity_20,-14.620621644356605,-14.620621644356605,0.9725680862059264,0.8368283093053736,3053
2025-01-20,000004.SZ,amount_change_5_20,-0.39023209839431017,-0.39023209839431017,-0.8892376031170524,0.14903373730756633,3054
2025-01-20,000004.SZ,low_volatility_20,-0.05634072613309621,-0.05634072613309621,-2.1250586940196348,0.04357798165137615,3053
2025-01-20,000004.SZ,momentum_20,-0.4032901296111664,-0.2832803594925396,-2.437796749426965,0.0,3053
2025-01-20,000004.SZ,momentum_60_skip_5,-0.42375231053604434,-0.3059170864168422,-1.8100698946268206,0.0,3021
2025-01-20,000004.SZ,overnight_reversal_5,0.07066483389751933,0.07066483389751933,3.0892285847683914,0.9856443719412724,3066
2025-01-20,000004.SZ,reversal_5,0.04009623095429027,0.04009623095429027,2.1372104278120028,0.9846655791190865,3066
2025-01-20,000006.SZ,amihud_illiquidity_20,-15.899515635296181,-15.899515635296181,-0.23894880059982124,0.367300131061599,3053
2025-01-20,000006.SZ,amount_change_5_20,-0.2539846366215669,-0.2539846366215669,-0.4555361680686298,0.32001310186701604,3054
2025-01-20,000006.SZ,low_volatility_20,-0.04030195859887424,-0.04030195859887424,-0.8726239661723026,0.17889908256880735,3053
2025-01-20,000006.SZ,momentum_20,-0.16143497757847514,-0.16143497757847514,-1.0942450131740844,0.09895150720838794,3053
2025-01-20,000006.SZ,momentum_60_skip_5,-0.2482993197278912,-0.2482993197278912,-1.4320682334294568,0.030132450331125826,3021
2025-01-20,000006.SZ,overnight_reversal_5,0.0015100903739561269,0.0015100903739561269,0.3711843079647788,0.7494290375203915,3066
2025-01-20,000006.SZ,reversal_5,-0.12820512820512842,-0.12820512820512842,-1.6146529442817426,0.0629690048939641,3066
2025-01-20,000007.SZ,amihud_illiquidity_20,-14.295247227492082,-14.295247227492082,1.2808005146625925,0.9207077326343381,3053
2025-01-20,000007.SZ,amount_change_5_20,-0.1089324610809774,-0.1089324610809774,0.006192335863284086,0.5512610547002947,3054
2025-01-20,000007.SZ,low_volatility_20,-0.02896310447653146,-0.02896310447653146,0.012804084737213412,0.43086500655307997,3053
2025-01-20,000007.SZ,momentum_20,0.02567760342368053,0.02567760342368053,0.9689881527534439,0.8748361730013107,3053
2025-01-20,000007.SZ,momentum_60_skip_5,-0.06447187928669407,-0.06447187928669407,-0.22606734423225128,0.4672185430463576,3021
2025-01-20,000007.SZ,overnight_reversal_5,0.008546753067368908,0.008546753067368908,0.6477518980840491,0.8551386623164764,3066
2025-01-20,000007.SZ,reversal_5,-0.05425219941348969,-0.05425219941348969,0.033945059787784594,0.4623164763458401,3066
2025-01-20,000008.SZ,amihud_illiquidity_20,-16.17559212621419,-16.17559212621419,-0.5004805093785245,0.2860419397116645,3053
2025-01-20,000008.SZ,amount_change_5_20,-0.5979632238964864,-0.5979632238964864,-1.5504850572882773,0.055027841467409105,3054
2025-01-20,000008.SZ,low_volatility_20,-0.03827735568697033,-0.03827735568697033,-0.7145268435873596,0.2129750982961992,3053
2025-01-20,000008.SZ,momentum_20,-0.11627906976744184,-0.11627906976744184,-0.5963246374607245,0.23427260812581913,3053
2025-01-20,000008.SZ,momentum_60_skip_5,0.09166666666666679,0.09166666666666679,0.7982804071468279,0.8609271523178808,3021
2025-01-20,000008.SZ,overnight_reversal_5,0.014680403836358467,0.014680403836358467,0.8888276872362948,0.9040783034257749,3066
2025-01-20,000008.SZ,reversal_5,-0.01526717557251911,-0.01526717557251911,0.9030199367802642,0.8626427406199021,3066
2025-01-20,000009.SZ,amihud_illiquidity_20,-16.271025566620406,-16.271025566620406,-0.5908861453711965,0.2624508519003932,3053
2025-01-20,000009.SZ,amount_change_5_20,0.028158678059756394,0.028158678059756394,0.4425793555123628,0.7176547658041271,3054
2025-01-20,000009.SZ,low_volatility_20,-0.014558741748533822,-0.014558741748533822,1.1376114662620629,0.9079292267365662,3053
2025-01-20,000009.SZ,momentum_20,-0.08210526315789479,-0.08210526315789479,-0.21950053068407466,0.41743119266055045,3053
2025-01-20,000009.SZ,momentum_60_skip_5,-0.1344969199178645,-0.1344969199178645,-0.6854669913392128,0.1880794701986755,3021
2025-01-20,000009.SZ,overnight_reversal_5,-0.011597804168039214,-0.011597804168039214,-0.14400577048119523,0.3621533442088091,3066
2025-01-20,000009.SZ,reversal_5,-0.03440094899169632,-0.03440094899169632,0.4764796876706096,0.6799347471451876,3066
2025-01-20,000010.SZ,amihud_illiquidity_20,-15.289113496792488,-15.289113496792488,0.3392949817454696,0.5825688073394495,3053
2025-01-20,000010.SZ,amount_change_5_20,0.0001305617885520148,0.0001305617885520148,0.35336056133914767,0.68686537831641,3054
2025-01-20,000010.SZ,low_volatility_20,-0.03533390295160575,-0.03533390295160575,-0.4846786075753371,0.2712975098296199,3053
2025-01-20,000010.SZ,momentum_20,-0.04290429042904287,-0.04290429042904287,0.21275659835342203,0.6690694626474443,3053
2025-01-20,000010.SZ,momentum_60_skip_5,0.3721973094170401,0.3721973094170401,2.6387031633578943,0.9701986754966887,3021
2025-01-20,000010.SZ,overnight_reversal_5,0.006651083979730868,0.006651083979730868,0.5732448975250424,0.8371941272430669,3066
2025-01-20,000010.SZ,reversal_5,0.05228758169934633,0.05193918862661831,2.401219936291231,0.9902120717781403,3066
2025-01-20,000011.SZ,amihud_illiquidity_20,-14.804952618797627,-14.804952618797627,0.7979483836513874,0.7676933158584535,3053
2025-01-20,000011.SZ,amount_change_5_20,-0.06848462455996049,-0.06848462455996049,0.13494544814532455,0.6108745496233213,3054
2025-01-20,000011.SZ,low_volatility_20,-0.018866893107299335,-0.018866893107299335,0.8011966910601763,0.7611402359108781,3053
2025-01-20,000011.SZ,momentum_20,-0.08351177730192716,-0.08351177730192716,-0.23500973169434938,0.41120576671035386,3053
2025-01-20,000011.SZ,momentum_60_skip_5,-0.18371400198609733,-0.18371400198609733,-1.0083559169290104,0.07980132450331126,3021
2025-01-20,000011.SZ,overnight_reversal_5,-0.0013199898602850035,-0.0013199898602850035,0.25995139765902187,0.6796084828711256,3066
2025-01-20,000011.SZ,reversal_5,-0.041362530413625365,-0.041362530413625365,0.32128841364148264,0.600326264274062,3066
2025-01-20,000012.SZ,amihud_illiquidity_20,-15.67838992790463,-15.67838992790463,-0.029472854579532744,0.44528178243774574,3053
2025-01-20,000012.SZ,amount_change_5_20,0.08877795601380264,0.08877795601380264,0.6355419802702547,0.7733377006223386,3054
2025-01-20,000012.SZ,low_volatility_20,-0.013165622216235443,-0.013165622216235443,1.246397336408884,0.9518348623853211,3053
2025-01-20,000012.SZ,momentum_20,-0.08193668528864062,-0.08193668528864062,-0.21764167411214486,0.41939711664482304,3053
2025-01-20,000012.SZ,momentum_60_skip_5,-0.12743362831858396,-0.12743362831858396,-0.6391282296780215,0.20728476821192052,3021
2025-01-20,000012.SZ,overnight_reversal_5,0.011826507606656012,0.011826507606656012,0.7766587177846026,0.8864600326264274,3066
2025-01-20,000012.SZ,reversal_5,-0.0,0.0,1.2433639311006048,0.9314845024469821,3066
2025-01-21,000001.SZ,amihud_illiquidity_20,-18.744735336190384,-18.616471104621134,-2.8077056025942433,0.0,3054
2025-01-21,000001.SZ,amount_change_5_20,-0.22510164745916034,-0.22510164745916034,-0.3113521920923874,0.39161755075311067,3055
2025-01-21,000001.SZ,low_volatility_20,-0.010478729010999863,-0.01064688253067582,1.3682792687457763,0.9901735997379627,3054
2025-01-21,000001.SZ,momentum_20,-0.034100596760443413,-0.034100596760443413,-0.045480311611691485,0.5574844415329184,3054
2025-01-21,000001.SZ,momentum_60_skip_5,-0.022336769759450315,-0.022336769759450315,-0.037288363491316576,0.5996688741721854,3021
2025-01-21,000001.SZ,overnight_reversal_5,-0.009596670293104858,-0.009596670293104858,-0.04365552283913431,0.45632333767926986,3069
2025-01-21,000001.SZ,reversal_5,0.004393673110720697,0.004393673110720697,0.361682693848532,0.665580182529335,3069
2025-01-21,000002.SZ,amihud_illiquidity_20,-17.899193249379426,-17.899193249379426,-2.122631866646939,0.033409760890926954,3054
2025-01-21,000002.SZ,amount_change_5_20,0.6478818901946812,0.6478818901946812,2.3990613964787184,0.972822527832351,3055
2025-01-21,000002.SZ,low_volatility_20,-0.025607949673514912,-0.025607949673514912,0.16140548753995623,0.46446118571896494,3054
2025-01-21,000002.SZ,momentum_20,-0.03916449086161877,-0.03916449086161877,-0.0988198941382638,0.5273501473960039,3054
2025-01-21,000002.SZ,momentum_60_skip_5,-0.26411075612353574,-0.26411075612353574,-1.5496952371475277,0.022516556291390728,3021
2025-01-21,000002.SZ,overnight_reversal_5,0.04911699838199889,0.04911699838199889,2.3336945867253593,0.9758800521512386,3069
2025-01-21,000002.SZ,reversal_5,-0.06512301013024602,-0.06512301013024602,-1.2804400842593082,0.08083441981747067,3069
2025-01-21,000004.SZ,amihud_illiquidity_20,-14.624277475268064,-14.624277475268064,1.0052477519524614,0.8476907959384212,3054
2025-01-21,000004.SZ,amount_change_5_20,-0.08848931278332203,-0.08848931278332203,0.11279776297656936,0.5926653569089718,3055
2025-01-21,000004.SZ,low_volatility_20,-0.053662725222263445,-0.053662725222263445,-2.1017066771297053,0.04585653455617426,3054
2025-01-21,000004.SZ,momentum_20,-0.36565096952908593,-0.25242637652341693,-2.3451741272154596,0.0,3054
2025-01-21,000004.SZ,momentum_60_skip_5,-0.4054054054054054,-0.3072628375928232,-1.8196312447726133,0.0,3021
2025-01-21,000004.SZ,overnight_reversal_5,0.13750023403300374,0.0835131127312861,3.7264129785764935,0.9902216427640157,3069
2025-01-21,000004.SZ,reversal_5,0.13257575757575757,0.10593274791175836,2.760238261018037,0.9902216427640157,3069
2025-01-21,000006.SZ,amihud_illiquidity_20,-15.983953275106858,-15.983953275106858,-0.29338174436568804,0.3494923026531281,3054
2025-01-21,000006.SZ,amount_change_5_20,0.17069027125366537,0.17069027125366537,0.9174909056926337,0.8411918795022921,3055
2025-01-21,000006.SZ,low_volatility_20,-0.0374028470878608,-0.0374028470878608,-0.7900608955381875,0.18964952505732066,3054
2025-01-21,000006.SZ,momentum_20,-0.08232445520581122,-0.08232445520581122,-0.5534373158269663,0.247625286603341,3054
2025-01-21,000006.SZ,momentum_60_skip_5,-0.2583783783783784,-0.2583783783783784,-1.5138365923257715,0.024834437086092714,3021
2025-01-21,000006.SZ,overnight_reversal_5,0.017682949619557423,0.017682949619557423,1.0609119288579352,0.916883963494133,3069
2025-01-21,000006.SZ,reversal_5,-0.10495626822157433,-0.10495626822157433,-2.2213811273076822,0.03422425032594524,3069
2025-01-21,000007.SZ,amihud_illiquidity_20,-14.332719701949943,-14.332719701949943,1.2837152545414199,0.9220438912545038,3054
2025-01-21,000007.SZ,amount_change_5_20,-0.06648025338074207,-0.06648025338074207,0.18113084270077773,0.6198428290766208,3055
2025-01-21,000007.SZ,low_volatility_20,-0.02727218460998105,-0.02727218460998105,0.027155604733363384,0.41663937111038324,3054
2025-01-21,000007.SZ,momentum_20,0.06101190476190488,0.06101190476190488,0.9563694551680874,0.878152636750737,3054
2025-01-21,000007.SZ,momentum_60_skip_5,-0.008462623413258097,-0.008462623413258097,0.04950076802630938,0.643046357615894,3021
2025-01-21,000007.SZ,overnight_reversal_5,0.00023645593374087281,0.00023645593374087281,0.3544933961478614,0.7415254237288136,3069
2025-01-21,000007.SZ,reversal_5,-0.014224751066856278,-0.014224751066856278,-0.07812163813455004,0.39015645371577573,3069
2025-01-21,000008.SZ,amihud_illiquidity_20,-16.186571457418662,-16.186571457418662,-0.48690283819678654,0.29315427448411396,3054
2025-01-21,000008.SZ,amount_change_5_20,-0.7558090534576546,-0.7558090534576546,-1.95907692312164,0.02619515389652914,3055
2025-01-21,000008.SZ,low_volatility_20,-0.036992003051871655,-0.036992003051871655,-0.7569190821590929,0.19685555191614806,3054
2025-01-21,000008.SZ,momentum_20,-0.0874125874125875,-0.0874125874125875,-0.6070322059109554,0.22076645922043892,3054
2025-01-21,000008.SZ,momentum_60_skip_5,0.08235294117647052,0.08235294117647052,0.617593664148065,0.8317880794701987,3021
2025-01-21,000008.SZ,overnight_reversal_5,0.010928054217808094,0.010928054217808094,0.7874023409575829,0.8784224250325945,3069
2025-01-21,000008.SZ,reversal_5,0.05434782608695654,0.05434782608695654,1.5416994702389657,0.9621903520208605,3069
2025-01-21,000009.SZ,amihud_illiquidity_20,-16.275203965398294,-16.275203965398294,-0.5715559512467141,0.2669505404520144,3054
2025-01-21,000009.SZ,amount_change_5_20,-0.07159095442511967,-0.07159095442511967,0.1652632885484584,0.6123117223313687,3055
2025-01-21,000009.SZ,low_volatility_20,-0.01399676379488981,-0.01399676379488981,1.0980522970108393,0.9154929577464789,3054
2025-01-21,000009.SZ,momentum_20,-0.06996770721205559,-0.06996770721205559,-0.4232798192039615,0.321323288568621,3054
2025-01-21,000009.SZ,momentum_60_skip_5,-0.15217391304347827,-0.15217391304347827,-0.8494790830625423,0.11920529801324503,3021
2025-01-21,000009.SZ,overnight_reversal_5,-0.019544751137210145,-0.019544751137210145,-0.44645902019099437,0.2108865710560626,3069
2025-01-21,000009.SZ,reversal_5,-0.006993006993007311,-0.006993006993007311,0.0927065877741841,0.48565840938722293,3069
2025-01-21,000010.SZ,amihud_illiquidity_20,-15.372034390582202,-15.372034390582202,0.291063395344847,0.5637078283655421,3054
2025-01-21,000010.SZ,amount_change_5_20,-0.07126777980313809,-0.07126777980313809,0.16626667160108083,0.6129666011787819,3055
2025-01-21,000010.SZ,low_volatility_20,-0.03097571427078244,-0.03097571427078244,-0.271599343885301,0.31706518178840487,3054
2025-01-21,000010.SZ,momentum_20,0.05714285714285716,0.05714285714285716,0.9156155648512394,0.8693088765149034,3054
2025-01-21,000010.SZ,momentum_60_skip_5,0.3305084745762714,0.3305084745762714,2.169920033472608,0.9579470198675497,3021
2025-01-21,000010.SZ,overnight_reversal_5,0.013367964482634904,0.013367964482634904,0.8861957065622966,0.8953715775749674,3069
2025-01-21,000010.SZ,reversal_5,0.05732484076433131,0.05732484076433131,1.6120224975262856,0.9670795306388527,3069
2025-01-21,000011.SZ,amihud_illiquidity_20,-14.874383700749458,-14.874383700749458,0.766370718426201,0.7540124467736653,3054
2025-01-21,000011.SZ,amount_change_5_20,0.07498576654009832,0.07498576654009832,0.6203503768342565,0.7724296005239031,3055
2025-01-21,000011.SZ,low_volatility_20,-0.01656491102381254,-0.01656491102381254,0.8908859547124076,0.8136259416966918,3054
2025-01-21,000011.SZ,momentum_20,-0.04921700223713643,-0.04921700223713643,-0.20470614479845764,0.4546347854569276,3054
2025-01-21,000011.SZ,momentum_60_skip_5,-0.187984496124031,-0.187984496124031,-1.0734906602183467,0.06920529801324503,3021
2025-01-21,000011.SZ,overnight_reversal_5,0.01190859229215569,0.01190859229215569,0.8271048898032635,0.8852672750977836,3069
2025-01-21,000011.SZ,reversal_5,-0.014319809069212264,-0.014319809069212264,-0.08036709783764191,0.3878748370273794,3069
2025-01-21,000012.SZ,amihud_illiquidity_20,-15.698261015681211,-15.698261015681211,-0.02051640764063282,0.44546347854569274,3054
2025-01-21,000012.SZ,amount_change_5_20,0.06310536946742092,0.06310536946742092,0.5834644697415003,0.7586771447282252,3055
2025-01-21,000012.SZ,low_volatility_20,-0.01306250763554668,-0.01306250763554668,1.1734165242331567,0.9459547985587946,3054
2025-01-21,000012.SZ,momentum_20,-0.07532956685499037,-0.07532956685499037,-0.47975796610159027,0.28791352767769407,3054
2025-01-21,000012.SZ,momentum_60_skip_5,-0.12062937062937051,-0.12062937062937051,-0.652153541589304,0.2056291390728477,3021
2025-01-21,000012.SZ,overnight_reversal_5,0.011826507606656012,0.011826507606656012,0.8237812338221312,0.8842894393741851,3069
2025-01-21,000012.SZ,reversal_5,0.02385685884691846,0.02385685884691846,0.821441979560816,0.8582138200782269,3069
2025-01-22,000001.SZ,amihud_illiquidity_20,-18.696609635310903,-18.59029651419897,-2.7817674698453203,0.0,3055
2025-01-22,000001.SZ,amount_change_5_20,-0.15905771686666959,-0.15905771686666959,-0.08962927406583962,0.49803536345776034,3055
2025-01-22,000001.SZ,low_volatility_20,-0.01088608114178686,-0.01088608114178686,1.33246529116403,0.9862475442043221,3055
2025-01-22,000001.SZ,momentum_20,-0.06492411467116355,-0.06492411467116355,-0.16733006440597079,0.48493778650949576,3055
2025-01-22,000001.SZ,momentum_60_skip_5,-0.005199306759098854,-0.005199306759098854,-0.025239957800682267,0.5902019198940748,3022
2025-01-22,000001.SZ,overnight_reversal_5,-0.008713668028226908,-0.008713668028226908,-0.18964904531065835,0.4092538286086673,3070
2025-01-22,000001.SZ,reversal_5,0.03397212543553996,0.03397212543553996,0.7820815644790724,0.8507657217334637,3070
2025-01-22,000002.SZ,amihud_illiquidity_20,-17.883535674207305,-17.883535674207305,-2.1092789122282065,0.034053700065487885,3055
2025-01-22,000002.SZ,amount_change_5_20,0.7355359924972112,0.7355359924972112,2.728561253966647,0.9839554682383759,3055
2025-01-22,000002.SZ,low_volatility_20,-0.02730918288539124,-0.02730918288539124,0.009608310153828143,0.4119187950229208,3055
2025-01-22,000002.SZ,momentum_20,-0.09184993531694707,-0.09184993531694707,-0.45515797854557416,0.30189914865749834,3055
2025-01-22,000002.SZ,momentum_60_skip_5,-0.24863088718510407,-0.24863088718510407,-1.5022473617548335,0.026150281363786824,3022
2025-01-22,000002.SZ,overnight_reversal_5,0.05706965374302948,0.05706965374302948,2.472789411885129,0.974910394265233,3070
2025-01-22,000002.SZ,reversal_5,-0.023323615160349753,-0.023323615160349753,-0.44804141658507757,0.2375366568914956,3070
2025-01-22,000004.SZ,amihud_illiquidity_20,-14.694281558381949,-14.694281558381949,0.9253217318187066,0.8185985592665357,3055
2025-01-22,000004.SZ,amount_change_5_20,-0.11044601982596826,-0.11044601982596826,0.06350954495078846,0.5700720366732155,3055
2025-01-22,000004.SZ,low_volatility_20,-0.051150937432861754,-0.051150937432861754,-1.9108103741507592,0.058284217419777344,3055
2025-01-22,000004.SZ,momentum_20,-0.3353846153846154,-0.2774002711923716,-2.438628300416321,0.0,3055
2025-01-22,000004.SZ,momentum_60_skip_5,-0.36698113207547167,-0.31650975923328656,-1.914098594909428,0.0,3022
2025-01-22,000004.SZ,overnight_reversal_5,0.1970908069254293,0.09847772078568301,4.14869186199025,0.9902248289345064,3070
2025-01-22,000004.SZ,reversal_5,0.19523099850968695,0.13582383161424427,2.9688082413309593,0.9902248289345064,3070
2025-01-22,000006.SZ,amihud_illiquidity_20,-15.91238677851521,-15.91238677851521,-0.2337150684134005,0.37229862475442044,3055
2025-01-22,000006.SZ,amount_change_5_20,0.29051103225436886,0.29051103225436886,1.3266230170141289,0.906679764243615,3055
2025-01-22,000006.SZ,low_volatility_20,-0.04044775572331368,-0.04044775572331368,-1.0486846402582437,0.14767518009168304,3055
2025-01-22,000006.SZ,momentum_20,-0.14684466019417475,-0.14684466019417475,-1.0430329836690504,0.08677144728225278,3055
2025-01-22,000006.SZ,momentum_60_skip_5,-0.3165322580645161,-0.31650975923328656,-1.914098594909428,0.0,3022
2025-01-22,000006.SZ,overnight_reversal_5,0.080181655123233,0.080181655123233,3.4081979567954126,0.9846855653307266,3070
2025-01-22,000006.SZ,reversal_5,-0.03687315634218291,-0.03687315634218291,-0.7389461473259831,0.15118931247963507,3070
2025-01-22,000007.SZ,amihud_illiquidity_20,-14.284890950546982,-14.284890950546982,1.3148601496067913,0.9289456450556647,3055
2025-01-22,000007.SZ,amount_change_5_20,-0.07630059883391367,-0.07630059883391367,0.17107603128782628,0.6110019646365422,3055
2025-01-22,000007.SZ,low_volatility_20,-0.027748652551020894,-0.027748652551020894,-0.0257903328185204,0.3994760969220694,3055
2025-01-22,000007.SZ,momentum_20,0.023494860499265746,0.023494860499265746,0.7778388694757649,0.8477406679764243,3055
2025-01-22,000007.SZ,momentum_60_skip_5,0.01881331403762654,0.01881331403762654,0.12045526647153382,0.6696458126448196,3022
2025-01-22,000007.SZ,overnight_reversal_5,0.012937496752518002,0.012937496752518002,0.686635280308876,0.8550016291951776,3070
2025-01-22,000007.SZ,reversal_5,0.009943181818181879,0.009943181818181879,0.2661870940177311,0.6249592701205604,3070
2025-01-22,000008.SZ,amihud_illiquidity_20,-16.16288105114982,-16.16288105114982,-0.472062360118732,0.29764243614931235,3055
2025-01-22,000008.SZ,amount_change_5_20,-0.7642650514823998,-0.7642650514823998,-1.9961814441259584,0.02390307793058284,3055
2025-01-22,000008.SZ,low_volatility_20,-0.027541089000453888,-0.027541089000453888,-0.009071390431297106,0.4066797642436149,3055
2025-01-22,000008.SZ,momentum_20,-0.1873015873015873,-0.1873015873015873,-1.4755038485319207,0.04027504911591356,3055
2025-01-22,000008.SZ,momentum_60_skip_5,0.11111111111111116,0.11111111111111116,0.680466951921822,0.8440913604766633,3022
2025-01-22,000008.SZ,overnight_reversal_5,0.0036552948887285082,0.0036552948887285082,0.3109581246988065,0.7422613229064842,3070
2025-01-22,000008.SZ,reversal_5,0.05185185185185193,0.05185185185185193,1.1659541199447914,0.9263603779732812,3070
2025-01-22,000009.SZ,amihud_illiquidity_20,-16.305946691995565,-16.305946691995565,-0.6081904546776462,0.25638506876227896,3055
2025-01-22,000009.SZ,amount_change_5_20,-0.26967394698895236,-0.26967394698895236,-0.43809764435982096,0.3284217419777341,3055
2025-01-22,000009.SZ,low_volatility_20,-0.012610570053944855,-0.012610570053944855,1.1935602151474807,0.9485920104780615,3055
2025-01-22,000009.SZ,momentum_20,-0.09894736842105245,-0.09894736842105245,-0.5310271374831652,0.247871643745907,3055
2025-01-22,000009.SZ,momentum_60_skip_5,-0.10218978102189802,-0.10218978102189802,-0.6137241978014315,0.21085733200926846,3022
2025-01-22,000009.SZ,overnight_reversal_5,-0.014893579961479265,-0.014893579961479265,-0.4397676886103579,0.22710980775496906,3070
2025-01-22,000009.SZ,reversal_5,0.005807200929151768,0.005807200929151768,0.17738878042715572,0.5718475073313783,3070
2025-01-22,000010.SZ,amihud_illiquidity_20,-15.243092135298348,-15.243092135298348,0.4031241051365624,0.6067452521283563,3055
2025-01-22,000010.SZ,amount_change_5_20,-0.09921758601267781,-0.09921758601267781,0.09888187708998475,0.5838244924688932,3055
2025-01-22,000010.SZ,low_volatility_20,-0.03404285720891339,-0.03404285720891339,-0.5327793718922463,0.24918140144073347,3055
2025-01-22,000010.SZ,momentum_20,-0.017667844522968323,-0.017667844522968323,0.3378234774565537,0.7380484610347086,3055
2025-01-22,000010.SZ,momentum_60_skip_5,0.3157894736842106,0.3157894736842106,1.922341389168769,0.9536577292287322,3022
2025-01-22,000010.SZ,overnight_reversal_5,0.02378382117031324,0.02378382117031324,1.125616932065137,0.9214727924405344,3070
2025-01-22,000010.SZ,reversal_5,0.07333333333333336,0.07333333333333336,1.6271553150571891,0.9628543499511242,3070
2025-01-22,000011.SZ,amihud_illiquidity_20,-14.798634733333882,-14.798634733333882,0.8260288563008441,0.775049115913556,3055
2025-01-22,000011.SZ,amount_change_5_20,0.09887847972087194,0.09887847972087194,0.7229332763422349,0.7976424361493124,3055
2025-01-22,000011.SZ,low_volatility_20,-0.017026106015464896,-0.017026106015464896,0.8378952096698717,0.789456450556647,3055
2025-01-22,000011.SZ,momentum_20,-0.06614349775784756,-0.06614349775784756,-0.18036485710530978,0.47904387688277666,3055
2025-01-22,000011.SZ,momentum_60_skip_5,-0.16099999999999992,-0.16099999999999992,-0.9705518892078258,0.09268454154253558,3022
2025-01-22,000011.SZ,overnight_reversal_5,0.008322216660928002,0.008322216660928002,0.499841745477857,0.8119908765070055,3070
2025-01-22,000011.SZ,reversal_5,0.00715137067938032,0.00715137067938032,0.2062477162400217,0.5900944933202997,3070
2025-01-22,000012.SZ,amihud_illiquidity_20,-15.764440839312751,-15.764440839312751,-0.09294333117235046,0.4223968565815324,3055
2025-01-22,000012.SZ,amount_change_5_20,0.011370376982862645,0.011370376982862645,0.4472611989723731,0.7164374590700721,3055
2025-01-22,000012.SZ,low_volatility_20,-0.012129775554588426,-0.012129775554588426,1.2322875134273346,0.9603798297314997,3055
2025-01-22,000012.SZ,momentum_20,-0.09259259259259256,-0.09259259259259256,-0.46309673359343984,0.2917485265225933,3055
2025-01-22,000012.SZ,momentum_60_skip_5,-0.0931899641577063,-0.0931899641577063,-0.5591183158555467,0.24826216484607747,3022
2025-01-22,000012.SZ,overnight_reversal_5,0.01585134226813354,0.01585134226813354,0.8045669102450839,0.8755294884327143,3070
2025-01-22,000012.SZ,reversal_5,0.03162055335968339,0.03162055335968339,0.7315939920687176,0.8370804822417726,3070
2025-01-23,000001.SZ,amihud_illiquidity_20,-18.637652166610224,-18.58562602441324,-2.7751935380617785,0.0,3055
2025-01-23,000001.SZ,amount_change_5_20,-0.03154121340014226,-0.03154121340014226,0.28719431143155627,0.6585924713584288,3056
2025-01-23,000001.SZ,low_volatility_20,-0.012024475482501075,-0.012024475482501075,1.2249337831027038,0.9652914210870989,3055
2025-01-23,000001.SZ,momentum_20,-0.05033557046979864,-0.05033557046979864,-0.17669355834074382,0.481335952848723,3055
2025-01-23,000001.SZ,momentum_60_skip_5,0.022084805653710404,0.022084805653710404,0.11682873723125631,0.6650115855676928,3022
2025-01-23,000001.SZ,overnight_reversal_5,-0.009822433670678333,-0.009822433670678333,-0.01680278754650849,0.5187235428199284,3072
2025-01-23,000001.SZ,reversal_5,0.021607605877268954,0.021607605877268954,0.3132511650434893,0.6942364050797786,3072
2025-01-23,000002.SZ,amihud_illiquidity_20,-17.90275852806242,-17.90275852806242,-2.1205186440262183,0.03372626064178127,3055
2025-01-23,000002.SZ,amount_change_5_20,0.8363990772615107,0.8229816115817531,3.0044238456396757,0.9901800327332242,3056
2025-01-23,000002.SZ,low_volatility_20,-0.02928608179196064,-0.02928608179196064,-0.18021892898096475,0.3388998035363458,3055
2025-01-23,000002.SZ,momentum_20,-0.023872679045092826,-0.023872679045092826,0.12181921218683045,0.6309757694826457,3055
2025-01-23,000002.SZ,momentum_60_skip_5,-0.2537960954446855,-0.2537960954446855,-1.5319035220190804,0.024826216484607744,3022
2025-01-23,000002.SZ,overnight_reversal_5,0.044534484940252674,0.044534484940252674,2.1657603867626705,0.972972972972973,3072
2025-01-23,000002.SZ,reversal_5,-0.06976744186046524,-0.06976744186046524,-1.5645111018837703,0.04982090524259199,3072
2025-01-23,000004.SZ,amihud_illiquidity_20,-14.936182662127779,-14.936182662127779,0.7235803225490558,0.7341191879502292,3055
2025-01-23,000004.SZ,amount_change_5_20,-0.1315665799560502,-0.1315665799560502,-0.030868439181880602,0.5260229132569558,3056
2025-01-23,000004.SZ,low_volatility_20,-0.04749665022197419,-0.04749665022197419,-1.6626203439637581,0.08087753765553372,3055
2025-01-23,000004.SZ,momentum_20,-0.27546138072453863,-0.25609112681815527,-2.497704523894111,0.0,3055
2025-01-23,000004.SZ,momentum_60_skip_5,-0.33997085964060225,-0.32941416223844067,-1.983815726193535,0.0,3022
2025-01-23,000004.SZ,overnight_reversal_5,0.20469503101141798,0.10213984066837778,4.478756253123329,0.9902311950504722,3072
2025-01-23,000004.SZ,reversal_5,0.2200147167034584,0.18240222310204024,3.6175894108226045,0.9902311950504722,3072
2025-01-23,000006.SZ,amihud_illiquidity_20,-15.967865102777754,-15.967865102777754,-0.2655084774307846,0.3614931237721022,3055
2025-01-23,000006.SZ,amount_change_5_20,0.38716689336157323,0.38716689336157323,1.6186110982557167,0.9345335515548282,3056
2025-01-23,000006.SZ,low_volatility_20,-0.03852921276226312,-0.03852921276226312,-0.9326408251950787,0.16371971185330714,3055
2025-01-23,000006.SZ,momentum_20,-0.10996119016817585,-0.10996119016817585,-0.8492961339598575,0.13621480026195154,3055
2025-01-23,000006.SZ,momentum_60_skip_5,-0.23154362416107377,-0.23154362416107377,-1.398917269229341,0.03475670307845084,3022
2025-01-23,000006.SZ,overnight_reversal_5,0.06333221959155279,0.06333221959155279,2.9205353898128394,0.9811136437642461,3072
2025-01-23,000006.SZ,reversal_5,-0.0014556040756914523,-0.0014556040756914523,-0.1606990705634042,0.39335721263432105,3072
2025-01-23,000007.SZ,amihud_illiquidity_20,-14.349095494403137,-14.349095494403137,1.2864292374171729,0.9214145383104125,3055
2025-01-23,000007.SZ,amount_change_5_20,-0.08515475189755878,-0.08515475189755878,0.11671286145779965,0.5934533551554828,3056
2025-01-23,000007.SZ,low_volatility_20,-0.026975061788359837,-0.026975061788359837,0.007905858916654051,0.4034053700065488,3055
2025-01-23,000007.SZ,momentum_20,0.04977375565610864,0.04977375565610864,0.9525825973855111,0.8703339882121808,3055
2025-01-23,000007.SZ,momentum_60_skip_5,0.008547008547008517,0.008547008547008517,0.03592352516279008,0.6223104932141675,3022
2025-01-23,000007.SZ,overnight_reversal_5,0.007215020478451687,0.007215020478451687,0.6672926497985079,0.85965483555845,3072
2025-01-23,000007.SZ,reversal_5,0.016949152542372947,0.016949152542372947,0.21751969227188248,0.6460436339954412,3072
2025-01-23,000008.SZ,amihud_illiquidity_20,-16.170533050904687,-16.170533050904687,-0.459809155341862,0.30386378519973806,3055
2025-01-23,000008.SZ,amount_change_5_20,-0.6485070565236959,-0.6485070565236959,-1.6746465680890716,0.04189852700490999,3056
2025-01-23,000008.SZ,low_volatility_20,-0.026980663343909368,-0.026980663343909368,0.007449873486839374,0.4030779305828422,3055
2025-01-23,000008.SZ,momentum_20,-0.20000000000000007,-0.20000000000000007,-1.8649725446188274,0.022920759659463,3055
2025-01-23,000008.SZ,momentum_60_skip_5,0.09236947791164662,0.09236947791164662,0.5368672611781046,0.8146309169149288,3022
2025-01-23,000008.SZ,overnight_reversal_5,-0.004298460449920784,-0.004298460449920784,0.20499824230566907,0.6773038098339303,3072
2025-01-23,000008.SZ,reversal_5,0.05882352941176472,0.05882352941176472,1.0780404447438336,0.9058938456528818,3072
2025-01-23,000009.SZ,amihud_illiquidity_20,-16.35795933615844,-16.35795933615844,-0.6394974317552139,0.24918140144073347,3055
2025-01-23,000009.SZ,amount_change_5_20,-0.31021167833239816,-0.31021167833239816,-0.5989278558042653,0.251063829787234,3056
2025-01-23,000009.SZ,low_volatility_20,-0.012360228633466206,-0.012360228633466206,1.1976023492713839,0.9584151931892599,3055
2025-01-23,000009.SZ,momentum_20,-0.08770053475935835,-0.08770053475935835,-0.5981863888757708,0.22855271774721678,3055
2025-01-23,000009.SZ,momentum_60_skip_5,-0.13758723828514452,-0.13758723828514452,-0.8374107505125294,0.12313803376365443,3022
2025-01-23,000009.SZ,overnight_reversal_5,-0.021874446375291103,-0.021874446375291103,-0.5007205624607122,0.20644741126668836,3072
2025-01-23,000009.SZ,reversal_5,0.013872832369942412,0.013872832369942412,0.1543011431844195,0.6115271898404429,3072
2025-01-23,000010.SZ,amihud_illiquidity_20,-15.334235249942855,-15.334235249942855,0.3419615793214001,0.5857891290111329,3055
2025-01-23,000010.SZ,amount_change_5_20,-0.20389392942467677,-0.20389392942467677,-0.26085645630864124,0.4137479541734861,3056
2025-01-23,000010.SZ,low_volatility_20,-0.03308888123351053,-0.03308888123351053,-0.489779572006161,0.2554027504911591,3055
2025-01-23,000010.SZ,momentum_20,0.01098901098901095,0.01098901098901095,0.5150740349624763,0.7773411918795023,3055
2025-01-23,000010.SZ,momentum_60_skip_5,0.2618025751072961,0.2618025751072961,1.5494412089177199,0.9377689506785832,3022
2025-01-23,000010.SZ,overnight_reversal_5,0.013504164888788275,0.013504164888788275,0.9198171736068296,0.9062194724845327,3072
2025-01-23,000010.SZ,reversal_5,0.061224489795918435,0.061224489795918435,1.1273803129613715,0.9107782481276457,3072
2025-01-23,000011.SZ,amihud_illiquidity_20,-14.740410741066974,-14.740410741066974,0.9112696800899154,0.81237721021611,3055
2025-01-23,000011.SZ,amount_change_5_20,0.23781625937070175,0.23781625937070175,1.143702831596718,0.8834697217675941,3056
2025-01-23,000011.SZ,low_volatility_20,-0.017942738165102095,-0.017942738165102095,0.7431673292632898,0.7554027504911591,3055
2025-01-23,000011.SZ,momentum_20,-0.09203142536475872,-0.09203142536475872,-0.6470406932947853,0.20792403405370005,3055
2025-01-23,000011.SZ,momentum_60_skip_5,-0.16216216216216228,-0.16216216216216228,-0.9842765523978494,0.08970539556438266,3022
2025-01-23,000011.SZ,overnight_reversal_5,0.031432143294836845,0.031432143294836845,1.6396693370255095,0.9570172582220775,3072
2025-01-23,000011.SZ,reversal_5,0.03345280764635594,0.03345280764635594,0.5566707142181414,0.7915988277434061,3072
2025-01-23,000012.SZ,amihud_illiquidity_20,-15.783082408800432,-15.783082408800432,-0.08835465001086074,0.42272429600523903,3055
2025-01-23,000012.SZ,amount_change_5_20,0.044679507715587,0.044679507715587,0.529562553074122,0.7407528641571195,3056
2025-01-23,000012.SZ,low_volatility_20,-0.012413162658501968,-0.012413162658501968,1.1932933418993559,0.9571054354944335,3055
2025-01-23,000012.SZ,momentum_20,-0.07663551401869151,-0.07663551401869151,-0.4733682069080287,0.3005893909626719,3055
2025-01-23,000012.SZ,momentum_60_skip_5,-0.06445672191528551,-0.06445672191528551,-0.40036476075908195,0.33598146309169147,3022
2025-01-23,000012.SZ,overnight_reversal_5,0.007769319318010169,0.007769319318010169,0.6895491033594972,0.8658417453598176,3072
2025-01-23,000012.SZ,reversal_5,0.027559055118110076,0.027559055118110076,0.4355537749426397,0.7476392054705308,3072
2025-01-24,000001.SZ,amihud_illiquidity_20,-18.65393952197448,-18.563458337451305,-2.756396609253269,0.0,3056
2025-01-24,000001.SZ,amount_change_5_20,0.018552609028543377,0.018552609028543377,0.4144267427169201,0.7096563011456628,3056
2025-01-24,000001.SZ,low_volatility_20,-0.01204549445139333,-0.01204549445139333,1.2385659242198443,0.9666121112929623,3056
2025-01-24,000001.SZ,momentum_20,-0.04384485666104554,-0.04384485666104554,-0.09703414185720498,0.49656301145662846,3056
2025-01-24,000001.SZ,momentum_60_skip_5,0.0061511423550086874,0.0061511423550086874,0.10867132189120808,0.6508934480476506,3023
2025-01-24,000001.SZ,overnight_reversal_5,-0.013285640595295925,-0.013285640595295925,-0.11290001374884545,0.4622395833333333,3073
2025-01-24,000001.SZ,reversal_5,0.009606986899563297,0.009606986899563297,0.20635310020741848,0.6233723958333334,3073
2025-01-24,000002.SZ,amihud_illiquidity_20,-17.91863653593594,-17.91863653593594,-2.1376928332646257,0.03338788870703764,3056
2025-01-24,000002.SZ,amount_change_5_20,0.7492819786491893,0.7492819786491893,2.7826754528714734,0.985924713584288,3056
2025-01-24,000002.SZ,low_volatility_20,-0.02929553066574514,-0.02929553066574514,-0.17987523026662525,0.34173486088379706,3056
2025-01-24,000002.SZ,momentum_20,-0.015978695073235683,-0.015978695073235683,0.22914622611342675,0.6779050736497545,3056
2025-01-24,000002.SZ,momentum_60_skip_5,-0.2855603448275863,-0.2855603448275863,-1.6919145188920677,0.02382528127068167,3023
2025-01-24,000002.SZ,overnight_reversal_5,0.004034995174450983,0.004034995174450983,0.5248563973122234,0.83984375,3073
2025-01-24,000002.SZ,reversal_5,-0.1146304675716443,-0.1146304675716443,-2.2732598529282226,0.029622395833333332,3073
2025-01-24,000004.SZ,amihud_illiquidity_20,-14.946643204623312,-14.946643204623312,0.713922127605102,0.7342062193126023,3056
2025-01-24,000004.SZ,amount_change_5_20,-0.014666508004803396,-0.014666508004803396,0.306765638158418,0.6657937806873977,3056
2025-01-24,000004.SZ,low_volatility_20,-0.04404639548015056,-0.04404639548015056,-1.3928137688890083,0.10212765957446808,3056
2025-01-24,000004.SZ,momentum_20,-0.32195750160978753,-0.2522712587231843,-2.536717135340001,0.0,3056
2025-01-24,000004.SZ,momentum_60_skip_5,-0.3870967741935484,-0.36059697881377706,-2.155077289753405,0.0,3023
2025-01-24,000004.SZ,overnight_reversal_5,0.20604665228707036,0.1313633088553855,5.2131628451301815,0.990234375,3073
2025-01-24,000004.SZ,reversal_5,0.20827067669172938,0.19080346659211478,3.8227917983486117,0.990234375,3073
2025-01-24,000006.SZ,amihud_illiquidity_20,-15.93316767779386,-15.93316767779386,-0.23264390850197472,0.37381342062193124,3056
2025-01-24,000006.SZ,amount_change_5_20,0.4461962863460172,0.4461962863460172,1.8003934621586601,0.9509001636661211,3056
2025-01-24,000006.SZ,low_volatility_20,-0.03908573852201068,-0.03908573852201068,-0.9849073798658319,0.15482815057283142,3056
2025-01-24,000006.SZ,momentum_20,-0.08914728682170536,-0.08914728682170536,-0.627310380054001,0.20556464811783962,3056
2025-01-24,000006.SZ,momentum_60_skip_5,-0.30824008138351977,-0.30824008138351977,-1.8319049351410757,0.01753805426869623,3023
2025-01-24,000006.SZ,overnight_reversal_5,0.047216767201163565,0.047216767201163565,2.114835675042621,0.9690755208333334,3073
2025-01-24,000006.SZ,reversal_5,-0.03676470588235303,-0.03676470588235303,-0.7191636899608322,0.15266927083333334,3073
2025-01-24,000007.SZ,amihud_illiquidity_20,-14.433463049327203,-14.433463049327203,1.2063163039465086,0.9011456628477905,3056
2025-01-24,000007.SZ,amount_change_5_20,-0.12137887380487439,-0.12137887380487439,-0.03908254198898446,0.5155482815057283,3056
2025-01-24,000007.SZ,low_volatility_20,-0.02653112686286446,-0.02653112686286446,0.047436995220908384,0.4176759410801964,3056
2025-01-24,000007.SZ,momentum_20,0.014705882352941346,0.014705882352941346,0.588316854057826,0.7927986906710311,3056
2025-01-24,000007.SZ,momentum_60_skip_5,0.04565537555228261,0.04565537555228261,0.35251075253210085,0.7551290536068829,3023
2025-01-24,000007.SZ,overnight_reversal_5,-0.004156936606782226,-0.004156936606782226,0.2232244548184208,0.7200520833333334,3073
2025-01-24,000007.SZ,reversal_5,0.028169014084506894,0.028169014084506894,0.5768262658090918,0.8017578125,3073
2025-01-24,000008.SZ,amihud_illiquidity_20,-16.185343343205016,-16.185343343205016,-0.4746053869068162,0.2965630114566285,3056
2025-01-24,000008.SZ,amount_change_5_20,-0.5718945830984163,-0.5718945830984163,-1.4991761030192285,0.058265139116202944,3056
2025-01-24,000008.SZ,low_volatility_20,-0.026571042102289534,-0.026571042102289534,0.04415483293509229,0.4160392798690671,3056
2025-01-24,000008.SZ,momentum_20,-0.16828478964401294,-0.16828478964401294,-1.5536345782941066,0.046153846153846156,3056
2025-01-24,000008.SZ,momentum_60_skip_5,0.03461538461538449,0.03461538461538449,0.28436653388872724,0.7293183322303111,3023
2025-01-24,000008.SZ,overnight_reversal_5,-0.015577208163200641,-0.015577208163200641,-0.1972769342752569,0.3977864583333333,3073
2025-01-24,000008.SZ,reversal_5,0.044609665427509326,0.044609665427509326,0.9049596149799205,0.892578125,3073
2025-01-24,000009.SZ,amihud_illiquidity_20,-16.388817948911804,-16.388817948911804,-0.6698384056613627,0.23993453355155483,3056
2025-01-24,000009.SZ,amount_change_5_20,-0.24507960258828945,-0.24507960258828945,-0.4399889562728204,0.31522094926350247,3056
2025-01-24,000009.SZ,low_volatility_20,-0.012401902869964319,-0.012401902869964319,1.20925906582114,0.9584288052373159,3056
2025-01-24,000009.SZ,momentum_20,-0.07974137931034486,-0.07974137931034486,-0.5172118878922598,0.25761047463175124,3056
2025-01-24,000009.SZ,momentum_60_skip_5,-0.20257826887661146,-0.20257826887661146,-1.1797085977635609,0.0671740569159497,3023
2025-01-24,000009.SZ,overnight_reversal_5,-0.026520328940368248,-0.026520328940368248,-0.6002093396113347,0.16959635416666666,3073
2025-01-24,000009.SZ,reversal_5,0.01385681293302543,0.01385681293302543,0.2911739275979858,0.673828125,3073
2025-01-24,000010.SZ,amihud_illiquidity_20,-15.37500116364303,-15.37500116364303,0.3029144878239076,0.5689034369885434,3056
2025-01-24,000010.SZ,amount_change_5_20,-0.23689591327198045,-0.23689591327198045,-0.4134661251490133,0.32733224222585927,3056
2025-01-24,000010.SZ,low_volatility_20,-0.03294197969810932,-0.03294197969810932,-0.47971653558165106,0.25761047463175124,3056
2025-01-24,000010.SZ,momentum_20,0.0,0.0,0.41618083517700566,0.7423895253682488,3056
2025-01-24,000010.SZ,momentum_60_skip_5,0.140625,0.140625,0.9387096805778385,0.8805426869622767,3023
2025-01-24,000010.SZ,overnight_reversal_5,0.003247664721599277,0.003247664721599277,0.49586640811062455,0.8313802083333334,3073
2025-01-24,000010.SZ,reversal_5,0.05136986301369861,0.05136986301369861,1.039884091433646,0.9153645833333334,3073
2025-01-24,000011.SZ,amihud_illiquidity_20,-14.740100789770095,-14.740100789770095,0.9120986961875976,0.8127659574468085,3056
2025-01-24,000011.SZ,amount_change_5_20,0.2645916503547607,0.2645916503547607,1.2118240644791107,0.8936170212765957,3056
2025-01-24,000011.SZ,low_volatility_20,-0.01794468616418188,-0.01794468616418188,0.7534854177416594,0.7597381342062193,3056
2025-01-24,000011.SZ,momentum_20,-0.09192825112107628,-0.09192825112107628,-0.6598622604277518,0.19639934533551553,3056
2025-01-24,000011.SZ,momentum_60_skip_5,-0.18622696411251216,-0.18622696411251216,-1.0787803548584731,0.085704831237591,3023
2025-01-24,000011.SZ,overnight_reversal_5,0.03408591808393444,0.03408591808393444,1.6313497731096567,0.9573567708333334,3073
2025-01-24,000011.SZ,reversal_5,0.03456495828367112,0.03456495828367112,0.7044807332262092,0.8460286458333334,3073
2025-01-24,000012.SZ,amihud_illiquidity_20,-15.793173827262672,-15.793173827262672,-0.098320404341157,0.41734860883797054,3056
2025-01-24,000012.SZ,amount_change_5_20,0.10405722181210277,0.10405722181210277,0.6915419064909639,0.7950900163666121,3056
2025-01-24,000012.SZ,low_volatility_20,-0.01248391061011308,-0.01248391061011308,1.2025157087540599,0.9571194762684124,3056
2025-01-24,000012.SZ,momentum_20,-0.07129455909943716,-0.07129455909943716,-0.4183397516673371,0.3076923076923077,3056
2025-01-24,000012.SZ,momentum_60_skip_5,-0.07622504537205077,-0.07622504537205077,-0.3997947610580896,0.328590337524818,3023
2025-01-24,000012.SZ,overnight_reversal_5,-0.00017594436587964682,-0.00017594436587964682,0.36980702590709685,0.7913411458333334,3073
2025-01-24,000012.SZ,reversal_5,0.027504911591355596,0.027504911591355596,0.5635716707979773,0.7981770833333334,3073
2025-01-27,000001.SZ,amihud_illiquidity_20,-18.610749100549686,-18.558341791803336,-2.804455511116069,0.0,3056
2025-01-27,000001.SZ,amount_change_5_20,0.08400337978607647,0.08400337978607647,0.6499135337596523,0.7866492146596858,3057
2025-01-27,000001.SZ,low_volatility_20,-0.012423981022915134,-0.012423981022915134,1.1873288476336552,0.9587561374795417,3056
2025-01-27,000001.SZ,momentum_20,-0.030431107354184417,-0.030431107354184417,0.25039765621970367,0.6608837970540098,3056
2025-01-27,000001.SZ,momentum_60_skip_5,-0.0008748906386701893,-0.0008748906386701893,-0.12417460724899874,0.5289447568640423,3024
2025-01-27,000001.SZ,overnight_reversal_5,-0.012449465624919036,-0.012449465624919036,-0.18142055048846145,0.4010416666666667,3073
2025-01-27,000001.SZ,reversal_5,-0.004378283712784814,-0.004378283712784814,-0.3809654987938563,0.3072916666666667,3073
2025-01-27,000002.SZ,amihud_illiquidity_20,-17.908793048973447,-17.908793048973447,-2.171590116507857,0.031096563011456628,3056
2025-01-27,000002.SZ,amount_change_5_20,0.6871268555082449,0.6871268555082449,2.6551785340866374,0.9833115183246073,3057
2025-01-27,000002.SZ,low_volatility_20,-0.029469894770764036,-0.029469894770764036,-0.19046647963798116,0.3381342062193126,3056
2025-01-27,000002.SZ,momentum_20,-0.03708609271523167,-0.03708609271523167,0.16984484173566752,0.6229132569558101,3056
2025-01-27,000002.SZ,momentum_60_skip_5,-0.24807903402854004,-0.24807903402854004,-1.5865426470054145,0.022494211048627193,3024
2025-01-27,000002.SZ,overnight_reversal_5,0.0008539363567892022,0.0008539363567892022,0.29894919691394883,0.7783203125,3073
2025-01-27,000002.SZ,reversal_5,-0.0613138686131387,-0.0613138686131387,-1.581847246631308,0.04296875,3073
2025-01-27,000004.SZ,amihud_illiquidity_20,-14.962481990880537,-14.962481990880537,0.6990463538129461,0.7286415711947627,3056
2025-01-27,000004.SZ,amount_change_5_20,0.08586308300934845,0.08586308300934845,0.6560966752468201,0.787630890052356,3057
2025-01-27,000004.SZ,low_volatility_20,-0.042500119454153155,-0.042500119454153155,-1.243679756886825,0.11620294599018004,3056
2025-01-27,000004.SZ,momentum_20,-0.28107734806629836,-0.26465143992055606,-2.5846359274814024,0.0,3056
2025-01-27,000004.SZ,momentum_60_skip_5,-0.3870967741935484,-0.31138336256274946,-1.9610275790021554,0.0,3024
2025-01-27,000004.SZ,overnight_reversal_5,0.09594903634497479,0.09594903634497479,3.732718184977404,0.9853515625,3073
2025-01-27,000004.SZ,reversal_5,0.13032581453634084,0.13032581453634084,2.460204803213042,0.9759114583333334,3073
2025-01-27,000006.SZ,amihud_illiquidity_20,-15.911421647256926,-15.911421647256926,-0.2255202421835353,0.3783960720130933,3056
2025-01-27,000006.SZ,amount_change_5_20,0.4157740235846938,0.4157740235846938,1.7529846078025177,0.9492801047120419,3057
2025-01-27,000006.SZ,low_volatility_20,-0.03866811745971113,-0.03866811745971113,-0.9339448538398071,0.15842880523731587,3056
2025-01-27,000006.SZ,momentum_20,-0.15586034912718205,-0.15586034912718205,-1.2678143149969614,0.0739770867430442,3056
2025-01-27,000006.SZ,momentum_60_skip_5,-0.15480225988700547,-0.15480225988700547,-1.0347518416990842,0.08170691366192524,3024
2025-01-27,000006.SZ,overnight_reversal_5,0.07036262720077484,0.07036262720077484,2.808823912336939,0.9762369791666666,3073
2025-01-27,000006.SZ,reversal_5,0.09491978609625695,0.09491978609625695,1.7134230955775733,0.9554036458333334,3073
2025-01-27,000007.SZ,amihud_illiquidity_20,-14.45988421322517,-14.45988421322517,1.1887351483740893,0.8965630114566284,3056
2025-01-27,000007.SZ,amount_change_5_20,-0.13809881066246585,-0.13809881066246585,-0.0885318541754439,0.48331151832460734,3057
2025-01-27,000007.SZ,low_volatility_20,-0.02459246054926953,-0.02459246054926953,0.20376912303236216,0.4788870703764321,3056
2025-01-27,000007.SZ,momentum_20,-0.021126760563380254,-0.021126760563380254,0.3630186884644451,0.7099836333878887,3056
2025-01-27,000007.SZ,momentum_60_skip_5,0.06835066864784545,0.06835066864784545,0.28533813006465847,0.728415481309957,3024
2025-01-27,000007.SZ,overnight_reversal_5,-0.008564243203654665,-0.008564243203654665,-0.041129870279661446,0.5319010416666666,3073
2025-01-27,000007.SZ,reversal_5,0.033379694019471495,0.033379694019471495,0.4154233742330317,0.7320963541666666,3073
2025-01-27,000008.SZ,amihud_illiquidity_20,-16.104642416468558,-16.104642416468558,-0.41377822852166934,0.31260229132569556,3056
2025-01-27,000008.SZ,amount_change_5_20,-0.5611100371343717,-0.5611100371343717,-1.4949596278147088,0.061845549738219895,3057
2025-01-27,000008.SZ,low_volatility_20,-0.02651293220523949,-0.02651293220523949,0.04854031495001762,0.4134206219312602,3056
2025-01-27,000008.SZ,momentum_20,-0.18709677419354853,-0.18709677419354853,-1.6459040953656985,0.04353518821603928,3056
2025-01-27,000008.SZ,momentum_60_skip_5,0.05555555555555558,0.05555555555555558,0.20964698591694936,0.6996361230565663,3024
2025-01-27,000008.SZ,overnight_reversal_5,-0.02318510728058058,-0.02318510728058058,-0.5690715797081866,0.17513020833333334,3073
2025-01-27,000008.SZ,reversal_5,0.052631578947368474,0.052631578947368474,0.821482910845164,0.8600260416666666,3073
2025-01-27,000009.SZ,amihud_illiquidity_20,-16.352333262124002,-16.352333262124002,-0.6551072534900503,0.2448445171849427,3056
2025-01-27,000009.SZ,amount_change_5_20,-0.11217641986184573,-0.11217641986184573,-0.0023450863083162607,0.524869109947644,3057
2025-01-27,000009.SZ,low_volatility_20,-0.012543681665059002,-0.012543681665059002,1.1776536264717476,0.9571194762684124,3056
2025-01-27,000009.SZ,momentum_20,-0.11783439490445846,-0.11783439490445846,-0.8075431844231317,0.1590834697217676,3056
2025-01-27,000009.SZ,momentum_60_skip_5,-0.14760508308895404,-0.14760508308895404,-0.9921760127440339,0.09063843863711545,3024
2025-01-27,000009.SZ,overnight_reversal_5,-0.019591614353409555,-0.019591614353409555,-0.43931489851558847,0.2333984375,3073
2025-01-27,000009.SZ,reversal_5,0.047018348623853234,0.047018348623853234,0.7030890126580346,0.8268229166666666,3073
2025-01-27,000010.SZ,amihud_illiquidity_20,-15.416406217290767,-15.416406217290767,0.25678095365563774,0.5548281505728314,3056
2025-01-27,000010.SZ,amount_change_5_20,-0.2586941708002348,-0.2586941708002348,-0.48948732120736266,0.28043193717277487,3057
2025-01-27,000010.SZ,low_volatility_20,-0.03285223402049999,-0.03285223402049999,-0.46385582575747203,0.2661211129296236,3056
2025-01-27,000010.SZ,momentum_20,-0.010714285714285676,-0.010714285714285676,0.48905264787000247,0.7564648117839607,3056
2025-01-27,000010.SZ,momentum_60_skip_5,0.028368794326241176,0.028368794326241176,0.04882018835176166,0.6205755871650678,3024
2025-01-27,000010.SZ,overnight_reversal_5,0.006274943159110271,0.006274943159110271,0.49469519270346635,0.8401692708333334,3073
2025-01-27,000010.SZ,reversal_5,0.04482758620689653,0.04482758620689653,0.6568815906217815,0.8138020833333334,3073
2025-01-27,000011.SZ,amihud_illiquidity_20,-14.781652142493773,-14.781652142493773,0.8752316741903637,0.8003273322422259,3056
2025-01-27,000011.SZ,amount_change_5_20,0.2232071084742762,0.2232071084742762,1.1127381066536572,0.8792539267015707,3057
2025-01-27,000011.SZ,low_volatility_20,-0.0175374965193706,-0.0175374965193706,0.7740111539525797,0.7656301145662848,3056
2025-01-27,000011.SZ,momentum_20,-0.10299003322259137,-0.10299003322259137,-0.6278650863025361,0.22062193126022914,3056
2025-01-27,000011.SZ,momentum_60_skip_5,-0.11111111111111116,-0.11111111111111116,-0.7762912078522458,0.15812107178299703,3024
2025-01-27,000011.SZ,overnight_reversal_5,0.03532124869192719,0.03532124869192719,1.5435221371916046,0.9541015625,3073
2025-01-27,000011.SZ,reversal_5,0.053738317757009435,0.053738317757009435,0.844826175667107,0.8636067708333334,3073
2025-01-27,000012.SZ,amihud_illiquidity_20,-15.800533463378088,-15.800533463378088,-0.11748016817441993,0.40916530278232405,3056
2025-01-27,000012.SZ,amount_change_5_20,-0.07158971464841847,-0.07158971464841847,0.1325975957778405,0.5903141361256544,3057
2025-01-27,000012.SZ,low_volatility_20,-0.012420214805297322,-0.012420214805297322,1.18763326528542,0.9594108019639934,3056
2025-01-27,000012.SZ,momentum_20,-0.07262569832402233,-0.07262569832402233,-0.26033119955170536,0.39181669394435353,3056
2025-01-27,000012.SZ,momentum_60_skip_5,-0.09208103130755052,-0.09208103130755052,-0.6637163127994086,0.20046311610982467,3024
2025-01-27,000012.SZ,overnight_reversal_5,-0.008105455785174305,-0.008105455785174305,-0.024563611767001257,0.5478515625,3073
2025-01-27,000012.SZ,reversal_5,-0.010141987829614507,-0.010141987829614507,-0.5025331806917434,0.23893229166666666,3073
2025-02-05,000001.SZ,amihud_illiquidity_20,-18.5941181259954,-18.51586228800224,-2.8049369089277896,0.0,3057
2025-02-05,000001.SZ,amount_change_5_20,0.1013339269948037,0.1013339269948037,0.6740680340098716,0.7972531066056245,3059
2025-02-05,000001.SZ,low_volatility_20,-0.01221001485318446,-0.01221001485318446,1.2191142463674973,0.9666230366492147,3057
2025-02-05,000001.SZ,momentum_20,-0.0485355648535567,-0.0485355648535567,-0.12761609274284924,0.4767670157068063,3057
2025-02-05,000001.SZ,momentum_60_skip_5,-0.011343804537521929,-0.011343804537521929,-0.0658042713864007,0.5603305785123966,3026
2025-02-05,000001.SZ,overnight_reversal_5,-0.012438044080459587,-0.012438044080459587,-0.09509720939635213,0.4712007809957696,3074
2025-02-05,000001.SZ,reversal_5,-0.003530450132391838,-0.003530450132391838,-0.19106706271129945,0.38594207614708753,3074
2025-02-05,000002.SZ,amihud_illiquidity_20,-17.920984896965305,-17.920984896965305,-2.2187313001791513,0.029450261780104712,3057
2025-02-05,000002.SZ,amount_change_5_20,0.4602349358855045,0.4602349358855045,1.8795253705409567,0.9571615434924787,3059
2025-02-05,000002.SZ,low_volatility_20,-0.030357435312867262,-0.030357435312867262,-0.24031934300234536,0.3216623036649215,3057
2025-02-05,000002.SZ,momentum_20,-0.052989130434782705,-0.052989130434782705,-0.18252009113062992,0.4479712041884817,3057
2025-02-05,000002.SZ,momentum_60_skip_5,-0.1885336273428886,-0.1885336273428886,-1.1521204707650061,0.05818181818181818,3026
2025-02-05,000002.SZ,overnight_reversal_5,0.03012169043836527,0.03012169043836527,1.2790379112696593,0.9437032216075496,3074
2025-02-05,000002.SZ,reversal_5,0.052989130434782705,0.052989130434782705,0.9950921165882574,0.8893589326391149,3074
2025-02-05,000004.SZ,amihud_illiquidity_20,-14.875980233623165,-14.875980233623165,0.7818850271710566,0.7643979057591623,3057
2025-02-05,000004.SZ,amount_change_5_20,-0.09698717154476752,-0.09698717154476752,0.007957832864586506,0.5104643557880968,3059
2025-02-05,000004.SZ,low_volatility_20,-0.04881920888810369,-0.04881920888810369,-1.7250335223481168,0.06773560209424084,3057
2025-02-05,000004.SZ,momentum_20,-0.16727272727272735,-0.16727272727272735,-1.5914196126715194,0.04384816753926701,3057
2025-02-05,000004.SZ,momentum_60_skip_5,-0.3857296137339057,-0.32824440202405847,-2.008659945555273,0.0,3026
2025-02-05,000004.SZ,overnight_reversal_5,0.011120635896965585,0.011120635896965585,0.6655468575724414,0.8952164009111617,3074
2025-02-05,000004.SZ,reversal_5,-0.0,0.0,-0.11697458379385973,0.4233647901073869,3074
2025-02-05,000006.SZ,amihud_illiquidity_20,-15.964383168954196,-15.964383168954196,-0.2906517928237004,0.35143979057591623,3057
2025-02-05,000006.SZ,amount_change_5_20,0.17877190229120113,0.17877190229120113,0.9341625256238065,0.8564421190320471,3059
2025-02-05,000006.SZ,low_volatility_20,-0.03603563242008806,-0.03603563242008806,-0.6969655977001634,0.20582460732984292,3057
2025-02-05,000006.SZ,momentum_20,-0.0975935828877007,-0.0975935828877007,-0.7324082068207743,0.17866492146596857,3057
2025-02-05,000006.SZ,momentum_60_skip_5,-0.11860465116279073,-0.11860465116279073,-0.7233995745663326,0.1775206611570248,3026
2025-02-05,000006.SZ,overnight_reversal_5,0.06458332848243661,0.06458332848243661,2.3917080838500953,0.972990562967784,3074
2025-02-05,000006.SZ,reversal_5,0.10949868073878621,0.10949868073878621,2.1810407938173504,0.972990562967784,3074
2025-02-05,000007.SZ,amihud_illiquidity_20,-14.456998894484206,-14.456998894484206,1.1947586960394432,0.8969240837696335,3057
2025-02-05,000007.SZ,amount_change_5_20,-0.11738869500583553,-0.11738869500583553,-0.06056570293869416,0.473839110529758,3059
2025-02-05,000007.SZ,low_volatility_20,-0.02450417629523588,-0.02450417629523588,0.2304055645177882,0.49149214659685864,3057
2025-02-05,000007.SZ,momentum_20,-0.02506963788300831,-0.02506963788300831,0.16167418334287914,0.631544502617801,3057
2025-02-05,000007.SZ,momentum_60_skip_5,0.001404494382022392,0.001404494382022392,0.012353059613550644,0.6033057851239669,3026
2025-02-05,000007.SZ,overnight_reversal_5,-0.007422435548639128,-0.007422435548639128,0.06684280063914483,0.6208916368369671,3074
2025-02-05,000007.SZ,reversal_5,0.018232819074333828,0.018232819074333828,0.26567202278923413,0.6654734786853238,3074
2025-02-05,000008.SZ,amihud_illiquidity_20,-16.05403465743976,-16.05403465743976,-0.378996393198064,0.32035340314136124,3057
2025-02-05,000008.SZ,amount_change_5_20,-0.4895234240511782,-0.4895234240511782,-1.3104717444185876,0.08371484630477437,3059
2025-02-05,000008.SZ,low_volatility_20,-0.027366938532272515,-0.027366938532272515,0.00017938022934398383,0.4005235602094241,3057
2025-02-05,000008.SZ,momentum_20,-0.14851485148514854,-0.14851485148514854,-1.3601706587230507,0.06348167539267016,3057
2025-02-05,000008.SZ,momentum_60_skip_5,0.03984063745019917,0.03984063745019917,0.2479975463878187,0.72,3026
2025-02-05,000008.SZ,overnight_reversal_5,-0.03126721530903301,-0.03126721530903301,-0.7030386303366617,0.12951513179303611,3074
2025-02-05,000008.SZ,reversal_5,0.011494252873563093,0.011494252873563093,0.12425179153217261,0.5932313699967459,3074
2025-02-05,000009.SZ,amihud_illiquidity_20,-16.3299870735519,-16.3299870735519,-0.6509261328553427,0.243782722513089,3057
2025-02-05,000009.SZ,amount_change_5_20,-0.061189973072964546,-0.061189973072964546,0.12819153089310248,0.5748855461085677,3059
2025-02-05,000009.SZ,low_volatility_20,-0.012885296001763632,-0.012885296001763632,1.164807465263583,0.9492801047120419,3057
2025-02-05,000009.SZ,momentum_20,-0.10862619808306728,-0.10862619808306728,-0.86841938165401,0.13645287958115182,3057
2025-02-05,000009.SZ,momentum_60_skip_5,-0.14792899408284,-0.14792899408284,-0.9031813941191089,0.10876033057851239,3026
2025-02-05,000009.SZ,overnight_reversal_5,-0.016457949019390523,-0.016457949019390523,-0.22488872761835726,0.3651155222909209,3074
2025-02-05,000009.SZ,reversal_5,0.03125000000000033,0.03125000000000033,0.5388596241238048,0.7878294825903026,3074
2025-02-05,000010.SZ,amihud_illiquidity_20,-15.323417878510861,-15.323417878510861,0.34096987229981734,0.5860602094240838,3057
2025-02-05,000010.SZ,amount_change_5_20,-0.3037596099657123,-0.3037596099657123,-0.6865382725026117,0.20765206017004578,3059
2025-02-05,000010.SZ,low_volatility_20,-0.034881668862502636,-0.034881668862502636,-0.6041627015204865,0.2287303664921466,3057
2025-02-05,000010.SZ,momentum_20,0.05415162454873634,0.05415162454873634,1.1383217672846173,0.8975785340314136,3057
2025-02-05,000010.SZ,momentum_60_skip_5,-0.04516129032258065,-0.04516129032258065,-0.27313267235736405,0.44264462809917354,3026
2025-02-05,000010.SZ,overnight_reversal_5,-0.01860868316487638,-0.01860868316487638,-0.2943299343820061,0.3130491376505044,3074
2025-02-05,000010.SZ,reversal_5,0.013513513513513487,0.013513513513513487,0.16662939800836998,0.6169866579889359,3074
2025-02-05,000011.SZ,amihud_illiquidity_20,-14.789690639189493,-14.789690639189493,0.8669167412617399,0.8033376963350786,3057
2025-02-05,000011.SZ,amount_change_5_20,0.0586424455197746,0.0586424455197746,0.5306781903576706,0.7557226945716154,3059
2025-02-05,000011.SZ,low_volatility_20,-0.017541733409452972,-0.017541733409452972,0.7903321410885656,0.7702879581151832,3057
2025-02-05,000011.SZ,momentum_20,-0.08323959505061873,-0.08323959505061873,-0.5554508204992235,0.24607329842931938,3057
2025-02-05,000011.SZ,momentum_60_skip_5,-0.11642411642411632,-0.11642411642411632,-0.7100311419304935,0.18644628099173555,3026
2025-02-05,000011.SZ,overnight_reversal_5,0.025601959041132126,0.025601959041132126,1.1331083908172273,0.9375203384315002,3074
2025-02-05,000011.SZ,reversal_5,0.04117647058823526,0.04117647058823526,0.7471834313447001,0.8415229417507322,3074
2025-02-05,000012.SZ,amihud_illiquidity_20,-15.75677878137949,-15.75677878137949,-0.08607374324446705,0.41950261780104714,3057
2025-02-05,000012.SZ,amount_change_5_20,-0.09707093250137395,-0.09707093250137395,0.007676501084639244,0.5098103335513408,3059
2025-02-05,000012.SZ,low_volatility_20,-0.01250118970657091,-0.01250118970657091,1.1956976752710091,0.9607329842931938,3057
2025-02-05,000012.SZ,momentum_20,-0.0785046728971962,-0.0785046728971962,-0.4970782303719636,0.27356020942408377,3057
2025-02-05,000012.SZ,momentum_60_skip_5,-0.1007326007326006,-0.1007326007326006,-0.6138295236963518,0.2333884297520661,3026
2025-02-05,000012.SZ,overnight_reversal_5,-0.01011147451204007,-0.01011147451204007,-0.019978767263590963,0.5385616661243084,3074
2025-02-05,000012.SZ,reversal_5,-0.004073319755600657,-0.004073319755600657,-0.20246010173017026,0.37975919297103805,3074
2025-02-06,000001.SZ,amihud_illiquidity_20,-18.662807863294073,-18.591789900637444,-2.856521482501116,0.0,3057
2025-02-06,000001.SZ,amount_change_5_20,0.06359236538973528,0.06359236538973528,0.36458409148449483,0.6840039254170756,3058
2025-02-06,000001.SZ,low_volatility_20,-0.011407223566060401,-0.011407223566060401,1.271218202996173,0.9764397905759162,3057
2025-02-06,000001.SZ,momentum_20,-0.02905982905982918,-0.02905982905982918,-0.3228422386268227,0.387434554973822,3057
2025-02-06,000001.SZ,momentum_60_skip_5,-0.04806866952789712,-0.04806866952789712,-0.08924683051530885,0.5378512396694215,3026
2025-02-06,000001.SZ,overnight_reversal_5,-0.011560482510304632,-0.011560482510304632,0.007638685688518862,0.5608723958333334,3073
2025-02-06,000001.SZ,reversal_5,-0.024346257889990897,-0.024346257889990897,-0.036236753644458906,0.4501953125,3073
2025-02-06,000002.SZ,amihud_illiquidity_20,-17.96098962659129,-17.96098962659129,-2.2356498479455196,0.028795811518324606,3057
2025-02-06,000002.SZ,amount_change_5_20,0.331419082990822,0.331419082990822,1.2701122974798216,0.9103696434412824,3058
2025-02-06,000002.SZ,low_volatility_20,-0.030305572987535764,-0.030305572987535764,-0.26203670555621655,0.3219895287958115,3057
2025-02-06,000002.SZ,momentum_20,-0.03305785123966942,-0.03305785123966942,-0.3662105247002124,0.36092931937172773,3057
2025-02-06,000002.SZ,momentum_60_skip_5,-0.24839400428265523,-0.24839400428265523,-1.3368520367744243,0.04495867768595041,3026
2025-02-06,000002.SZ,overnight_reversal_5,0.01781804924300843,0.01781804924300843,0.9623597925438501,0.9332682291666666,3073
2025-02-06,000002.SZ,reversal_5,-0.0,0.0,0.44117988128645963,0.732421875,3073
2025-02-06,000004.SZ,amihud_illiquidity_20,-14.860600191601527,-14.860600191601527,0.8159402281237061,0.7787958115183246,3057
2025-02-06,000004.SZ,amount_change_5_20,0.03301159086027353,0.03301159086027353,0.26118979928823816,0.6346090938828918,3058
2025-02-06,000004.SZ,low_volatility_20,-0.049787175165717186,-0.049787175165717186,-1.8426118923086723,0.061845549738219895,3057
2025-02-06,000004.SZ,momentum_20,-0.14161849710982655,-0.14161849710982655,-1.5438150838117521,0.03926701570680628,3057
2025-02-06,000004.SZ,momentum_60_skip_5,-0.44501541623843777,-0.36601889371088797,-2.069407530147089,0.0,3026
2025-02-06,000004.SZ,overnight_reversal_5,-0.035563314164523886,-0.035563314164523886,-0.7723870214162658,0.11295572916666667,3073
2025-02-06,000004.SZ,reversal_5,-0.10000000000000009,-0.10000000000000009,-1.5197647414483217,0.06705729166666667,3073
2025-02-06,000006.SZ,amihud_illiquidity_20,-15.976491237242735,-15.976491237242735,-0.28238696988020073,0.3556937172774869,3057
2025-02-06,000006.SZ,amount_change_5_20,0.020389015069286375,0.020389015069286375,0.218512584283583,0.6126921818776578,3058
2025-02-06,000006.SZ,low_volatility_20,-0.03598282495064986,-0.03598282495064986,-0.7226417163642884,0.19928010471204188,3057
2025-02-06,000006.SZ,momentum_20,-0.06693989071038242,-0.06693989071038242,-0.733743748483998,0.17637434554973822,3057
2025-02-06,000006.SZ,momentum_60_skip_5,-0.19102416570770997,-0.19102416570770997,-0.979558690049358,0.09388429752066116,3026
2025-02-06,000006.SZ,overnight_reversal_5,-0.0023154722950080196,-0.0023154722950080196,0.3080759730162445,0.7932942708333334,3073
2025-02-06,000006.SZ,reversal_5,0.028449502133712556,0.028449502133712556,0.9990588635723124,0.8997395833333334,3073
2025-02-06,000007.SZ,amihud_illiquidity_20,-14.50710500597646,-14.50710500597646,1.1638714874092895,0.8910340314136126,3057
2025-02-06,000007.SZ,amount_change_5_20,-0.02728794285525919,-0.02728794285525919,0.05731570832055086,0.5214262348707883,3058
2025-02-06,000007.SZ,low_volatility_20,-0.024051816559133403,-0.024051816559133403,0.2453410832067988,0.5035994764397905,3057
2025-02-06,000007.SZ,momentum_20,-0.004267425320056972,-0.004267425320056972,-0.0539082484015904,0.5379581151832461,3057
2025-02-06,000007.SZ,momentum_60_skip_5,-0.10983397190293731,-0.10983397190293731,-0.47391466548288946,0.30446280991735536,3026
2025-02-06,000007.SZ,overnight_reversal_5,-0.024400033134676584,-0.024400033134676584,-0.40961123294443236,0.2294921875,3073
2025-02-06,000007.SZ,reversal_5,-0.004304160688665792,-0.004304160688665792,0.3567776737082035,0.6988932291666666,3073
2025-02-06,000008.SZ,amihud_illiquidity_20,-16.051917773123268,-16.051917773123268,-0.356626310837726,0.3308246073298429,3057
2025-02-06,000008.SZ,amount_change_5_20,-0.23718617871572847,-0.23718617871572847,-0.6523549872050978,0.2145894667975139,3058
2025-02-06,000008.SZ,low_volatility_20,-0.027619159996784857,-0.027619159996784857,-0.044083496384038315,0.39267015706806285,3057
2025-02-06,000008.SZ,momentum_20,-0.07931034482758603,-0.07931034482758603,-0.867931446520747,0.13743455497382198,3057
2025-02-06,000008.SZ,momentum_60_skip_5,-0.0724637681159419,-0.0724637681159419,-0.24117694980305993,0.4479338842975207,3026
2025-02-06,000008.SZ,overnight_reversal_5,-0.03126721530903301,-0.03126721530903301,-0.6327756790621119,0.14485677083333334,3073
2025-02-06,000008.SZ,reversal_5,-0.04296875,-0.04296875,-0.40141351129489106,0.24641927083333334,3073
2025-02-06,000009.SZ,amihud_illiquidity_20,-16.37126635946353,-16.37126635946353,-0.6709484298220775,0.23756544502617802,3057
2025-02-06,000009.SZ,amount_change_5_20,0.06128977017896978,0.06128977017896978,0.3567989648585414,0.6784429178933595,3058
2025-02-06,000009.SZ,low_volatility_20,-0.012820097288391846,-0.012820097288391846,1.156589378985348,0.9388089005235603,3057
2025-02-06,000009.SZ,momentum_20,-0.07103825136612008,-0.07103825136612008,-0.7782004496614432,0.1619764397905759,3057
2025-02-06,000009.SZ,momentum_60_skip_5,-0.17134559535333949,-0.17134559535333949,-0.8570026146737457,0.1305785123966942,3026
2025-02-06,000009.SZ,overnight_reversal_5,-0.012867280888662038,-0.012867280888662038,-0.034828650824356315,0.5234375,3073
2025-02-06,000009.SZ,reversal_5,0.007009345794392607,0.007009345794392607,0.5786292707304879,0.7972005208333334,3073
2025-02-06,000010.SZ,amihud_illiquidity_20,-15.330292525129623,-15.330292525129623,0.35364073515537586,0.5870418848167539,3057
2025-02-06,000010.SZ,amount_change_5_20,-0.33395219947749394,-0.33395219947749394,-0.979523097864691,0.13542688910696762,3058
2025-02-06,000010.SZ,low_volatility_20,-0.03484568671752721,-0.03484568671752721,-0.6303837768610311,0.22643979057591623,3057
2025-02-06,000010.SZ,momentum_20,0.03202846975088969,0.03202846975088969,0.3398091173158377,0.7205497382198953,3057
2025-02-06,000010.SZ,momentum_60_skip_5,-0.12852664576802508,-0.12852664576802508,-0.5903306807689106,0.24694214876033058,3026
2025-02-06,000010.SZ,overnight_reversal_5,-0.03563314196944066,-0.03563314196944066,-0.7746562321365021,0.1123046875,3073
2025-02-06,000010.SZ,reversal_5,-0.043165467625899234,-0.043165467625899234,-0.40527103500193357,0.24283854166666666,3073
2025-02-06,000011.SZ,amihud_illiquidity_20,-14.849049947360962,-14.849049947360962,0.8273086743914251,0.7840314136125655,3057
2025-02-06,000011.SZ,amount_change_5_20,0.0874185537247749,0.0874185537247749,0.44514097457660823,0.7203140333660452,3058
2025-02-06,000011.SZ,low_volatility_20,-0.017360659471153148,-0.017360659471153148,0.7882059239522354,0.7657068062827225,3057
2025-02-06,000011.SZ,momentum_20,-0.06407322654462244,-0.06407322654462244,-0.7026477950288369,0.18913612565445026,3057
2025-02-06,000011.SZ,momentum_60_skip_5,-0.15086646279306837,-0.15086646279306837,-0.7294607217167545,0.17917355371900826,3026
2025-02-06,000011.SZ,overnight_reversal_5,0.031755824615510464,0.031755824615510464,1.415298981012161,0.9547526041666666,3073
2025-02-06,000011.SZ,reversal_5,0.01800720288115254,0.01800720288115254,0.7942911578893628,0.8626302083333334,3073
2025-02-06,000012.SZ,amihud_illiquidity_20,-15.762829721138987,-15.762829721138987,-0.07208843292164718,0.42637434554973824,3057
2025-02-06,000012.SZ,amount_change_5_20,-0.05643256353496517,-0.05643256353496517,-0.041222915140521524,0.46974157670919203,3058
2025-02-06,000012.SZ,low_volatility_20,-0.012503291689210393,-0.012503291689210393,1.1822923506665606,0.9486256544502618,3057
2025-02-06,000012.SZ,momentum_20,-0.06060606060606066,-0.06060606060606066,-0.6650379375734018,0.20026178010471204,3057
2025-02-06,000012.SZ,momentum_60_skip_5,-0.11552346570397098,-0.11552346570397098,-0.5093482370570409,0.28826446280991735,3026
2025-02-06,000012.SZ,overnight_reversal_5,-0.010119753651506325,-0.010119753651506325,0.05445839275557546,0.6025390625,3073
2025-02-06,000012.SZ,reversal_5,-0.012244897959183376,-0.012244897959183376,0.20106421319649243,0.6158854166666666,3073
2025-02-07,000001.SZ,amihud_illiquidity_20,-18.727771422760643,-18.62308727491918,-2.8324777406871586,0.0,3058
2025-02-07,000001.SZ,amount_change_5_20,0.06690870109516676,0.06690870109516676,0.14887846725097137,0.5686723348593852,3059
2025-02-07,000001.SZ,low_volatility_20,-0.01021402162864597,-0.01021402162864597,1.306639550051642,0.9741576709192018,3058
2025-02-07,000001.SZ,momentum_20,-0.004374453193350836,-0.004374453193350836,-0.3666721517495584,0.33104350670592086,3058
2025-02-07,000001.SZ,momentum_60_skip_5,-0.019913419913419883,-0.019913419913419883,0.13763508441161054,0.6537826230591345,3028
2025-02-07,000001.SZ,overnight_reversal_5,-0.004372670791471018,-0.004372670791471018,-0.03024239338738566,0.5084580351333767,3075
2025-02-07,000001.SZ,reversal_5,-0.005300353356890497,-0.005300353356890497,0.5871348018338927,0.7940793754066363,3075
2025-02-07,000002.SZ,amihud_illiquidity_20,-17.96291369643552,-17.96291369643552,-2.188769585717544,0.02976774615636245,3058
2025-02-07,000002.SZ,amount_change_5_20,0.19138292592327405,0.19138292592327405,0.5742929826593804,0.7773054283845651,3059
2025-02-07,000002.SZ,low_volatility_20,-0.03257570588099469,-0.03257570588099469,-0.4856730805653045,0.267909715407262,3058
2025-02-07,000002.SZ,momentum_20,0.043600562587904124,0.043600562587904124,0.13559158336490815,0.6336277396140007,3058
2025-02-07,000002.SZ,momentum_60_skip_5,-0.22526315789473683,-0.22526315789473683,-1.1710082274422429,0.06904525933267261,3028
2025-02-07,000002.SZ,overnight_reversal_5,0.031902789124747526,0.031902789124747526,1.221000756438801,0.9453480806766428,3075
2025-02-07,000002.SZ,reversal_5,-0.008152173913043459,-0.008152173913043459,0.5356666619246739,0.7703318152244633,3075
2025-02-07,000004.SZ,amihud_illiquidity_20,-14.846179469046158,-14.846179469046158,0.8502300114060142,0.7899901864573111,3058
2025-02-07,000004.SZ,amount_change_5_20,0.18558830781591462,0.18558830781591462,0.5544887648984479,0.7694571615434925,3059
2025-02-07,000004.SZ,low_volatility_20,-0.0521782909075319,-0.0521782909075319,-2.0568409916816166,0.04874059535492313,3058
2025-02-07,000004.SZ,momentum_20,-0.10437235543018342,-0.10437235543018342,-1.4135779018193082,0.05430160287863919,3058
2025-02-07,000004.SZ,momentum_60_skip_5,-0.45641025641025645,-0.3610083713850837,-2.036079045143885,0.0,3028
2025-02-07,000004.SZ,overnight_reversal_5,-0.032789387281798664,-0.032789387281798664,-1.0104152686919474,0.07221860767729343,3075
2025-02-07,000004.SZ,reversal_5,-0.19811320754716988,-0.19811320754716988,-2.892648992539187,0.020169160702667534,3075
2025-02-07,000006.SZ,amihud_illiquidity_20,-15.9567234595076,-15.9567234595076,-0.23261584370150634,0.3732417402682368,3058
2025-02-07,000006.SZ,amount_change_5_20,-0.05792155710588613,-0.05792155710588613,-0.27775286043347347,0.3404185742315239,3059
2025-02-07,000006.SZ,low_volatility_20,-0.036314030025101286,-0.036314030025101286,-0.7853037123733173,0.18940137389597644,3058
2025-02-07,000006.SZ,momentum_20,-0.0386206896551724,-0.0386206896551724,-0.7252054916311985,0.18089630356558717,3058
2025-02-07,000006.SZ,momentum_60_skip_5,-0.19437939110070246,-0.19437939110070246,-0.9741935869310174,0.10868847043277172,3028
2025-02-07,000006.SZ,overnight_reversal_5,0.020409864255610477,0.020409864255610477,0.8245772914520665,0.9167208848405985,3075
2025-02-07,000006.SZ,reversal_5,-0.013081395348837122,-0.013081395348837122,0.44670669634984794,0.72121014964216,3075
2025-02-07,000007.SZ,amihud_illiquidity_20,-14.497844834873622,-14.497844834873622,1.1898768133732174,0.8972849198560681,3058
2025-02-07,000007.SZ,amount_change_5_20,0.13732239854302927,0.13732239854302927,0.38953077112563406,0.7034009156311315,3059
2025-02-07,000007.SZ,low_volatility_20,-0.02410438807865081,-0.02410438807865081,0.19331199604029078,0.4864245992803402,3058
2025-02-07,000007.SZ,momentum_20,-0.009971509971509862,-0.009971509971509862,-0.42526929022396204,0.30323846908734053,3058
2025-02-07,000007.SZ,momentum_60_skip_5,-0.14074074074074072,-0.14074074074074072,-0.6323676769470585,0.22695738354806738,3028
2025-02-07,000007.SZ,overnight_reversal_5,-0.020105108851795592,-0.020105108851795592,-0.5728986518748159,0.16395575797007156,3075
2025-02-07,000007.SZ,reversal_5,0.001436781609195359,0.001436781609195359,0.7087230287907638,0.8379960962914769,3075
2025-02-07,000008.SZ,amihud_illiquidity_20,-16.05853354801978,-16.05853354801978,-0.33188668150752365,0.338567222767419,3058
2025-02-07,000008.SZ,amount_change_5_20,-0.07093222162747598,-0.07093222162747598,-0.3222192995716724,0.3237410071942446,3059
2025-02-07,000008.SZ,low_volatility_20,-0.0276200679276424,-0.0276200679276424,-0.08847346016438973,0.38240104677788683,3058
2025-02-07,000008.SZ,momentum_20,-0.04577464788732388,-0.04577464788732388,-0.8001022628780614,0.15374550212626759,3058
2025-02-07,000008.SZ,momentum_60_skip_5,-0.07913669064748197,-0.07913669064748197,-0.2397802359784825,0.4426825239511067,3028
2025-02-07,000008.SZ,overnight_reversal_5,-0.01586424847050738,-0.01586424847050738,-0.4266193899795392,0.21828236824983735,3075
2025-02-07,000008.SZ,reversal_5,-0.05859375,-0.05859375,-0.3746760627196519,0.24333116460637605,3075
2025-02-07,000009.SZ,amihud_illiquidity_20,-16.414588725913507,-16.414588725913507,-0.6790614687139186,0.23585214262348708,3058
2025-02-07,000009.SZ,amount_change_5_20,0.22330126325954525,0.22330126325954525,0.6833800167767103,0.8057553956834532,3059
2025-02-07,000009.SZ,low_volatility_20,-0.012113405018456256,-0.012113405018456256,1.154401963583465,0.9332679097154073,3058
2025-02-07,000009.SZ,momentum_20,-0.03146067415730358,-0.03146067415730358,-0.6502453051909433,0.20804710500490678,3058
2025-02-07,000009.SZ,momentum_60_skip_5,-0.1945231350330502,-0.1945231350330502,-0.9751096316142766,0.10835811034027089,3028
2025-02-07,000009.SZ,overnight_reversal_5,-0.007102994402732412,-0.007102994402732412,-0.12441897235536477,0.42452830188679247,3075
2025-02-07,000009.SZ,reversal_5,-0.010550996483001285,-0.010550996483001285,0.4923739886245944,0.7439817826935589,3075
2025-02-07,000010.SZ,amihud_illiquidity_20,-15.405403251343724,-15.405403251343724,0.3049538585119206,0.5688583578671901,3058
2025-02-07,000010.SZ,amount_change_5_20,-0.35416210370457085,-0.35416210370457085,-1.2902116947795879,0.09189012426422498,3059
2025-02-07,000010.SZ,low_volatility_20,-0.03369530985964011,-0.03369530985964011,-0.5754105229497887,0.24304874059535492,3058
2025-02-07,000010.SZ,momentum_20,0.07380073800738018,0.07380073800738018,0.4517655889443881,0.7670919201831862,3058
2025-02-07,000010.SZ,momentum_60_skip_5,-0.10967741935483877,-0.10967741935483877,-0.43440877923799087,0.3277172117608193,3028
2025-02-07,000010.SZ,overnight_reversal_5,-0.025122030994138327,-0.025122030994138327,-0.7459464775485872,0.11906310995445674,3075
2025-02-07,000010.SZ,reversal_5,-0.05434782608695676,-0.05434782608695676,-0.29804788724454473,0.27293428757319455,3075
2025-02-07,000011.SZ,amihud_illiquidity_20,-14.869522264331119,-14.869522264331119,0.8274694099908098,0.7827935884854432,3058
2025-02-07,000011.SZ,amount_change_5_20,-0.0013385400075887823,-0.0013385400075887823,-0.08436955692257334,0.43884892086330934,3059
2025-02-07,000011.SZ,low_volatility_20,-0.01744883478162693,-0.01744883478162693,0.7267616281603416,0.7324174026823683,3058
2025-02-07,000011.SZ,momentum_20,-0.040603248259860725,-0.040603248259860725,-0.7459614470729715,0.17271835132482827,3058
2025-02-07,000011.SZ,momentum_60_skip_5,-0.17951318458417842,-0.17951318458417842,-0.879454913671754,0.1288404360753221,3028
2025-02-07,000011.SZ,overnight_reversal_5,0.011127515358362705,0.011127515358362705,0.5044028402169171,0.8708523096942095,3075
2025-02-07,000011.SZ,reversal_5,-0.02224969097651419,-0.02224969097651419,0.28124217542258784,0.6040988939492518,3075
2025-02-07,000012.SZ,amihud_illiquidity_20,-15.800433903846773,-15.800433903846773,-0.0802243139669638,0.4210009813542689,3058
2025-02-07,000012.SZ,amount_change_5_20,-0.008693565099038746,-0.008693565099038746,-0.10950676456067496,0.4260954872465664,3059
2025-02-07,000012.SZ,low_volatility_20,-0.012245691236399993,-0.012245691236399993,1.143799083379922,0.9283611383709519,3058
2025-02-07,000012.SZ,momentum_20,-0.015564202334630628,-0.015564202334630628,-0.48382073642785756,0.2777232580961727,3058
2025-02-07,000012.SZ,momentum_60_skip_5,-0.11469534050179209,-0.11469534050179209,-0.46638675502176286,0.313181367690783,3028
2025-02-07,000012.SZ,overnight_reversal_5,-0.001997806557251535,-0.001997806557251535,0.05167338691415604,0.5917371502927782,3075
2025-02-07,000012.SZ,reversal_5,-0.024291497975708287,-0.024291497975708287,0.24439272917134644,0.5790500975927131,3075
2025-02-10,000001.SZ,amihud_illiquidity_20,-18.72485509571299,-18.642466758921728,-2.8174694512073377,0.0,3058
2025-02-10,000001.SZ,amount_change_5_20,0.0905008567290012,0.0905008567290012,0.018955161024365334,0.49820085050703306,3058
2025-02-10,000001.SZ,low_volatility_20,-0.010212217409857921,-0.010212217409857921,1.202510697317169,0.9663068367680733,3058
2025-02-10,000001.SZ,momentum_20,0.004393673110720586,0.004393673110720586,-0.7346549193571591,0.19659797186784428,3058
2025-02-10,000001.SZ,momentum_60_skip_5,-0.04785894206549135,-0.04785894206549135,0.05731874725365992,0.6194251734390486,3028
2025-02-10,000001.SZ,overnight_reversal_5,-0.004372670791471018,-0.004372670791471018,0.16600573822651588,0.6020175724048161,3074
2025-02-10,000001.SZ,reversal_5,-0.007936507936507908,-0.007936507936507908,0.6290289725462462,0.780995769606248,3074
2025-02-10,000002.SZ,amihud_illiquidity_20,-18.02644054798046,-18.02644054798046,-2.213454954902789,0.028786391887471376,3058
2025-02-10,000002.SZ,amount_change_5_20,0.11445625454531282,0.11445625454531282,0.1020268015692953,0.5528295714753025,3058
2025-02-10,000002.SZ,low_volatility_20,-0.03230571634030182,-0.03230571634030182,-0.6056002569804867,0.2289826627412496,3058
2025-02-10,000002.SZ,momentum_20,0.06000000000000005,0.06000000000000005,-0.2137950733460255,0.46712463199214915,3058
2025-02-10,000002.SZ,momentum_60_skip_5,-0.2527805864509606,-0.2527805864509606,-1.228722046762041,0.053187974892632967,3028
2025-02-10,000002.SZ,overnight_reversal_5,0.031869694501701254,0.031869694501701254,1.4639660124722762,0.960624796615685,3074
2025-02-10,000002.SZ,reversal_5,-0.00405953991880903,-0.00405953991880903,0.6941267258579676,0.8096322811584771,3074
2025-02-10,000004.SZ,amihud_illiquidity_20,-14.875314079581218,-14.875314079581218,0.8762286215377043,0.8030749100425254,3058
2025-02-10,000004.SZ,amount_change_5_20,0.3403874046043256,0.3403874046043256,0.8855024687037056,0.8560680405626431,3058
2025-02-10,000004.SZ,low_volatility_20,-0.05229763142501979,-0.05229763142501979,-2.241719586737588,0.04121687929342493,3058
2025-02-10,000004.SZ,momentum_20,0.09140624999999991,0.09140624999999991,0.08038466219663726,0.6041871115472686,3058
2025-02-10,000004.SZ,momentum_60_skip_5,-0.4504175365344468,-0.39057957204440186,-2.0935165753175298,0.0,3028
2025-02-10,000004.SZ,overnight_reversal_5,-0.061761925917343564,-0.061761925917343564,-1.8892953636574297,0.03644646924829157,3074
2025-02-10,000004.SZ,reversal_5,-0.3266856600189936,-0.29397119804412075,-4.173748767743659,0.0,3074
2025-02-10,000006.SZ,amihud_illiquidity_20,-15.963910784344083,-15.963910784344083,-0.1911418549578543,0.38272816486751715,3058
2025-02-10,000006.SZ,amount_change_5_20,-0.05175538548627672,-0.05175538548627672,-0.47435576243411975,0.2620215897939156,3058
2025-02-10,000006.SZ,low_volatility_20,-0.03602869666298506,-0.03602869666298506,-0.9102854281826989,0.16355904481517827,3058
2025-02-10,000006.SZ,momentum_20,0.05354558610709126,0.05354558610709126,-0.2742530322586243,0.43768400392541706,3058
2025-02-10,000006.SZ,momentum_60_skip_5,-0.24920127795527158,-0.24920127795527158,-1.2062591353715573,0.05649157581764123,3028
2025-02-10,000006.SZ,overnight_reversal_5,0.030507884328779204,0.030507884328779204,1.4151950370897846,0.9563944028636512,3074
2025-02-10,000006.SZ,reversal_5,-0.03262411347517724,-0.03262411347517724,0.21450204122343916,0.5314025382362512,3074
2025-02-10,000007.SZ,amihud_illiquidity_20,-14.60111945656407,-14.60111945656407,1.1450768039195214,0.8904154399738305,3058
2025-02-10,000007.SZ,amount_change_5_20,0.21711526934335523,0.21711526934335523,0.4580239276196395,0.7386326463853451,3058
2025-02-10,000007.SZ,low_volatility_20,-0.019696048580217795,-0.019696048580217795,0.426362967986335,0.5708210664049722,3058
2025-02-10,000007.SZ,momentum_20,0.046969696969697106,0.046969696969697106,-0.3358488396981145,0.40039254170755645,3058
2025-02-10,000007.SZ,momentum_60_skip_5,-0.10621761658031081,-0.10621761658031081,-0.30892678203540774,0.39577139081598944,3028
2025-02-10,000007.SZ,overnight_reversal_5,-0.025837847904303896,-0.025837847904303896,-0.6027340210781873,0.15359583468922877,3074
2025-02-10,000007.SZ,reversal_5,-0.0014492753623187582,-0.0014492753623187582,0.7379553974902883,0.826879271070615,3074
2025-02-10,000008.SZ,amihud_illiquidity_20,-16.114183496471284,-16.114183496471284,-0.3384844434901523,0.33725875040889763,3058
2025-02-10,000008.SZ,amount_change_5_20,0.09502184447700875,0.09502184447700875,0.03463287474844245,0.5070330389270526,3058
2025-02-10,000008.SZ,low_volatility_20,-0.023644710484847002,-0.023644710484847002,0.10320823061063462,0.43245011449133136,3058
2025-02-10,000008.SZ,momentum_20,0.049056603773584895,0.049056603773584895,-0.316300956978277,0.4118416748446189,3058
2025-02-10,000008.SZ,momentum_60_skip_5,-0.10763888888888873,-0.10763888888888873,-0.31784635797243194,0.38949454905847375,3028
2025-02-10,000008.SZ,overnight_reversal_5,-0.01931858236010879,-0.01931858236010879,-0.3692573253610198,0.21998047510575985,3074
2025-02-10,000008.SZ,reversal_5,-0.08171206225680927,-0.08171206225680927,-0.6097284310882076,0.18385942076147088,3074
2025-02-10,000009.SZ,amihud_illiquidity_20,-16.498673178597443,-16.498673178597443,-0.7154770739317643,0.22178606476938176,3058
2025-02-10,000009.SZ,amount_change_5_20,0.33942281592755896,0.33942281592755896,0.8821575038467453,0.8550866862937521,3058
2025-02-10,000009.SZ,low_volatility_20,-0.0114535304146862,-0.0114535304146862,1.100922820774472,0.9322865554465162,3058
2025-02-10,000009.SZ,momentum_20,-0.020642201834862428,-0.020642201834862428,-0.9691638808081703,0.12266928361138371,3058
2025-02-10,000009.SZ,momentum_60_skip_5,-0.1928166351606807,-0.1928166351606807,-0.8524021721049228,0.1400726792203502,3028
2025-02-10,000009.SZ,overnight_reversal_5,-0.00824884624620458,-0.00824884624620458,0.027186935547583762,0.4705499511877644,3074
2025-02-10,000009.SZ,reversal_5,-0.0,0.0,0.7622900243394876,0.8333875691506671,3074
2025-02-10,000010.SZ,amihud_illiquidity_20,-15.414553426030464,-15.414553426030464,0.3475037451473569,0.586195616617599,3058
2025-02-10,000010.SZ,amount_change_5_20,-0.2634301327559722,-0.2634301327559722,-1.2083936044462316,0.09911678115799803,3058
2025-02-10,000010.SZ,low_volatility_20,-0.03320629570165779,-0.03320629570165779,-0.6793028159825072,0.21491658488714427,3058
2025-02-10,000010.SZ,momentum_20,0.1287878787878789,0.1287878787878789,0.4305352746057048,0.7415767091920183,3058
2025-02-10,000010.SZ,momentum_60_skip_5,-0.18768328445747806,-0.18768328445747806,-0.820186451632323,0.15229600264288073,3028
2025-02-10,000010.SZ,overnight_reversal_5,-0.018225451935077998,-0.018225451935077998,-0.3301086700571495,0.23885453953791083,3074
2025-02-10,000010.SZ,reversal_5,-0.07581227436823124,-0.07581227436823124,-0.5106657267252014,0.2079401236576635,3074
2025-02-10,000011.SZ,amihud_illiquidity_20,-14.93541592406796,-14.93541592406796,0.817298685311183,0.7782139352306182,3058
2025-02-10,000011.SZ,amount_change_5_20,0.06853417839353952,0.06853417839353952,-0.05722007182470185,0.4527314360484135,3058
2025-02-10,000011.SZ,low_volatility_20,-0.015922822100080728,-0.015922822100080728,0.7351602369594638,0.7386326463853451,3058
2025-02-10,000011.SZ,momentum_20,0.025392986698911768,0.025392986698911768,-0.5379560929149205,0.2930978083087995,3058
2025-02-10,000011.SZ,momentum_60_skip_5,-0.22636103151862474,-0.22636103151862474,-1.0629190370086612,0.08589362405021474,3028
2025-02-10,000011.SZ,overnight_reversal_5,-0.0035456348965188897,-0.0035456348965188897,0.19562465874507767,0.628376179629027,3074
2025-02-10,000011.SZ,reversal_5,-0.04691358024691361,-0.04691358024691361,-0.02543085959389815,0.3931012040351448,3074
2025-02-10,000012.SZ,amihud_illiquidity_20,-15.822130395326528,-15.822130395326528,-0.05212600021451423,0.43179587831207067,3058
2025-02-10,000012.SZ,amount_change_5_20,0.02141784470463457,0.02141784470463457,-0.22060834723603984,0.3725875040889761,3058
2025-02-10,000012.SZ,low_volatility_20,-0.012040733908790019,-0.012040733908790019,1.0528666449087307,0.9097154072620216,3058
2025-02-10,000012.SZ,momentum_20,-0.009842519685039242,-0.009842519685039242,-0.8680041549962757,0.1498200850507033,3058
2025-02-10,000012.SZ,momentum_60_skip_5,-0.1361256544502618,-0.1361256544502618,-0.4966227030059248,0.2950115626032375,3028
2025-02-10,000012.SZ,overnight_reversal_5,2.4438823516114566e-05,2.4438823516114566e-05,0.32348093488076307,0.7461763748779694,3074
2025-02-10,000012.SZ,reversal_5,-0.016161616161616266,-0.016161616161616266,0.49092206432415697,0.705499511877644,3074
2025-02-11,000001.SZ,amihud_illiquidity_20,-18.74791770915395,-18.631030094780776,-2.802959092542237,0.0,3057
2025-02-11,000001.SZ,amount_change_5_20,0.04218574912623347,0.04218574912623347,-0.2648713542569526,0.3642903858731197,3059
2025-02-11,000001.SZ,low_volatility_20,-0.010145987211119686,-0.010145987211119686,1.2091091906230318,0.9669502617801047,3057
2025-02-11,000001.SZ,momentum_20,-0.0017482517482516613,-0.0017482517482516613,-0.7631497421255361,0.1875,3057
2025-02-11,000001.SZ,momentum_60_skip_5,-0.021331058020477967,-0.021331058020477967,0.25978355149429866,0.6907829534192269,3028
2025-02-11,000001.SZ,overnight_reversal_5,0.0017765820133774112,0.0017765820133774112,0.3966143048388322,0.7591929710380736,3074
2025-02-11,000001.SZ,reversal_5,0.0043591979075850995,0.0043591979075850995,0.834607086417945,0.8467295802147738,3074
2025-02-11,000002.SZ,amihud_illiquidity_20,-17.97940381011148,-17.97940381011148,-2.1616874057594067,0.03174083769633508,3057
2025-02-11,000002.SZ,amount_change_5_20,0.05581901190505901,0.05581901190505901,-0.217510177424169,0.3907782864617397,3059
2025-02-11,000002.SZ,low_volatility_20,-0.03287360692478821,-0.03287360692478821,-0.6951993980319023,0.2094240837696335,3057
2025-02-11,000002.SZ,momentum_20,0.0372492836676217,0.0372492836676217,-0.41851240731858885,0.37532722513089006,3057
2025-02-11,000002.SZ,momentum_60_skip_5,-0.2355415352260778,-0.2355415352260778,-1.1420803275364726,0.08259002312520647,3028
2025-02-11,000002.SZ,overnight_reversal_5,0.025139241117591388,0.025139241117591388,1.3784267565324855,0.9583468922876668,3074
2025-02-11,000002.SZ,reversal_5,0.004126547455295726,0.004126547455295726,0.8309811135006805,0.8431500162707452,3074
2025-02-11,000004.SZ,amihud_illiquidity_20,-14.897958161597353,-14.897958161597353,0.8707928597583141,0.8007198952879581,3057
2025-02-11,000004.SZ,amount_change_5_20,0.5189541651600175,0.5189541651600175,1.3913949135019807,0.9159581425768476,3059
2025-02-11,000004.SZ,low_volatility_20,-0.05223005499253155,-0.05223005499253155,-2.317043249946084,0.03893979057591623,3057
2025-02-11,000004.SZ,momentum_20,0.09424920127795522,0.09424920127795522,0.08521941778144046,0.618782722513089,3057
2025-02-11,000004.SZ,momentum_60_skip_5,-0.46118012422360244,-0.4139416537182068,-2.3095894306924567,0.0,3028
2025-02-11,000004.SZ,overnight_reversal_5,-0.07686955907886339,-0.07686955907886339,-2.908478675270197,0.01854864952814839,3074
2025-02-11,000004.SZ,reversal_5,-0.31604226705091243,-0.31604226705091243,-4.159008972176109,0.010087862024080702,3074
2025-02-11,000006.SZ,amihud_illiquidity_20,-15.958681710209186,-15.958681710209186,-0.17307537458369474,0.39299738219895286,3057
2025-02-11,000006.SZ,amount_change_5_20,-0.04616741322524537,-0.04616741322524537,-0.5718051978826458,0.22988881621975146,3059
2025-02-11,000006.SZ,low_volatility_20,-0.03615956024870212,-0.03615956024870212,-0.9705238365557135,0.15543193717277487,3057
2025-02-11,000006.SZ,momentum_20,0.050746268656716165,0.050746268656716165,-0.29923397382359573,0.4381544502617801,3057
2025-02-11,000006.SZ,momentum_60_skip_5,-0.2452619843924193,-0.2452619843924193,-1.2056941467670321,0.06970597951767427,3028
2025-02-11,000006.SZ,overnight_reversal_5,0.021960823750320574,0.021960823750320574,1.244854215241457,0.9524894240156199,3074
2025-02-11,000006.SZ,reversal_5,-0.03988183161004444,-0.03988183161004444,0.1450886552940888,0.47250244061178004,3074
2025-02-11,000007.SZ,amihud_illiquidity_20,-14.558286897833769,-14.558286897833769,1.2050666135800705,0.9028141361256544,3057
2025-02-11,000007.SZ,amount_change_5_20,0.24655051092563093,0.24655051092563093,0.4450801649790584,0.7387181164159582,3059
2025-02-11,000007.SZ,low_volatility_20,-0.0206903813389327,-0.0206903813389327,0.3256123461346988,0.5304319371727748,3057
2025-02-11,000007.SZ,momentum_20,0.015082956259427016,0.015082956259427016,-0.6144054020668909,0.26799738219895286,3057
2025-02-11,000007.SZ,momentum_60_skip_5,-0.06836461126005355,-0.06836461126005355,-0.04801950393584013,0.5361744301288405,3028
2025-02-11,000007.SZ,overnight_reversal_5,-0.017169373754452034,-0.017169373754452034,-0.399586812470497,0.21217051740969736,3074
2025-02-11,000007.SZ,reversal_5,0.031654676258992764,0.031654676258992764,1.2600206813284782,0.9554181581516433,3074
2025-02-11,000008.SZ,amihud_illiquidity_20,-16.138096576197555,-16.138096576197555,-0.34963926780458776,0.33278795811518325,3057
2025-02-11,000008.SZ,amount_change_5_20,0.1570384409232928,0.1570384409232928,0.13412034231403633,0.5863309352517986,3059
2025-02-11,000008.SZ,low_volatility_20,-0.02287922775876953,-0.02287922775876953,0.1422126285639637,0.4476439790575916,3057
2025-02-11,000008.SZ,momentum_20,0.06589147286821695,0.06589147286821695,-0.16538954599254818,0.5045811518324608,3057
2025-02-11,000008.SZ,momentum_60_skip_5,-0.09999999999999998,-0.09999999999999998,-0.25505190194063915,0.4066732738685167,3028
2025-02-11,000008.SZ,overnight_reversal_5,-0.022603571812323676,-0.022603571812323676,-0.6279582189267722,0.1474129515131793,3074
2025-02-11,000008.SZ,reversal_5,-0.09126984126984117,-0.09126984126984117,-0.6558190131199335,0.1845102505694761,3074
2025-02-11,000009.SZ,amihud_illiquidity_20,-16.463749385571493,-16.463749385571493,-0.6701173259890836,0.23756544502617802,3057
2025-02-11,000009.SZ,amount_change_5_20,0.33086355629338754,0.33086355629338754,0.7379788727759032,0.8227599738391105,3059
2025-02-11,000009.SZ,low_volatility_20,-0.011785989344865903,-0.011785989344865903,1.0716962020192535,0.9175392670157068,3057
2025-02-11,000009.SZ,momentum_20,-0.03661327231121281,-0.03661327231121281,-1.0712663355633227,0.08147905759162304,3057
2025-02-11,000009.SZ,momentum_60_skip_5,-0.20706106870229013,-0.20706106870229013,-0.9556947790867477,0.12025107367030063,3028
2025-02-11,000009.SZ,overnight_reversal_5,-0.011759674896267789,-0.011759674896267789,-0.17224498142352435,0.3273673934266189,3074
2025-02-11,000009.SZ,reversal_5,-0.013237063778580138,-0.013237063778580138,0.5603606033731814,0.7139602993817117,3074
2025-02-11,000010.SZ,amihud_illiquidity_20,-15.333558015614262,-15.333558015614262,0.4421148587020125,0.6223821989528796,3057
2025-02-11,000010.SZ,amount_change_5_20,-0.30174496020914776,-0.30174496020914776,-1.4596670100963474,0.0670372792674951,3059
2025-02-11,000010.SZ,low_volatility_20,-0.033591258718018165,-0.033591258718018165,-0.7553302208249957,0.19339005235602094,3057
2025-02-11,000010.SZ,momentum_20,0.10984848484848486,0.10984848484848486,0.2230767325402823,0.6770287958115183,3057
2025-02-11,000010.SZ,momentum_60_skip_5,-0.13975155279503115,-0.13975155279503115,-0.515199149291443,0.2844400396432111,3028
2025-02-11,000010.SZ,overnight_reversal_5,-0.017720164451847258,-0.017720164451847258,-0.4227337137957028,0.2059876342336479,3074
2025-02-11,000010.SZ,reversal_5,-0.057761732851985714,-0.057761732851985714,-0.13357849118540405,0.3397331597787179,3074
2025-02-11,000011.SZ,amihud_illiquidity_20,-14.873318283918314,-14.873318283918314,0.8950412000924969,0.8098821989528796,3057
2025-02-11,000011.SZ,amount_change_5_20,0.049304182646026214,0.049304182646026214,-0.24014232246370187,0.3790058862001308,3059
2025-02-11,000011.SZ,low_volatility_20,-0.01634049408969528,-0.01634049408969528,0.6900819981599674,0.7192408376963351,3057
2025-02-11,000011.SZ,momentum_20,0.0060240963855420215,0.0060240963855420215,-0.694462290022291,0.22218586387434555,3057
2025-02-11,000011.SZ,momentum_60_skip_5,-0.19000000000000006,-0.19000000000000006,-0.8440415291458171,0.15163528245787908,3028
2025-02-11,000011.SZ,overnight_reversal_5,-0.009486856541924125,-0.009486856541924125,-0.07673011084400248,0.3856166612430849,3074
2025-02-11,000011.SZ,reversal_5,-0.030864197530864113,-0.030864197530864113,0.2856329638357268,0.5558086560364465,3074
2025-02-11,000012.SZ,amihud_illiquidity_20,-15.839757232350529,-15.839757232350529,-0.056040653439975684,0.4280104712041885,3057
2025-02-11,000012.SZ,amount_change_5_20,0.010629877956836016,0.010629877956836016,-0.37449464978145336,0.3129496402877698,3059
2025-02-11,000012.SZ,low_volatility_20,-0.011901605820926291,-0.011901605820926291,1.062008894191791,0.9096858638743456,3057
2025-02-11,000012.SZ,momentum_20,-0.02148437500000011,-0.02148437500000011,-0.9375660185483644,0.1174738219895288,3057
2025-02-11,000012.SZ,momentum_60_skip_5,-0.11858407079646016,-0.11858407079646016,-0.37667217894465815,0.3458870168483647,3028
2025-02-11,000012.SZ,overnight_reversal_5,-0.0019256561958671385,-0.0019256561958671385,0.2410282665904431,0.6420436055971364,3074
2025-02-11,000012.SZ,reversal_5,-0.0060240963855420215,-0.0060240963855420215,0.6727782847612988,0.7764399609502115,3074
2025-02-12,000001.SZ,amihud_illiquidity_20,-18.798624931807925,-18.68491592028159,-2.8430386518995285,0.0,3059
2025-02-12,000001.SZ,amount_change_5_20,0.058197440194820683,0.058197440194820683,-0.28889637000031226,0.37757437070938216,3060
2025-02-12,000001.SZ,low_volatility_20,-0.010042265109039992,-0.010042265109039992,1.207415325142363,0.9666448659254414,3059
2025-02-12,000001.SZ,momentum_20,-0.007819287576021017,-0.007819287576021017,-0.7616160129627989,0.16252452583387836,3059
2025-02-12,000001.SZ,momentum_60_skip_5,-0.01982758620689673,-0.01982758620689673,0.34708015800000386,0.7219286657859973,3029
2025-02-12,000001.SZ,overnight_reversal_5,0.0052647265951823044,0.0052647265951823044,0.23414736826082083,0.6463890696161353,3075
2025-02-12,000001.SZ,reversal_5,-0.004397537379067895,-0.004397537379067895,0.8599181137296606,0.8747560182173064,3075
2025-02-12,000002.SZ,amihud_illiquidity_20,-17.93277422235173,-17.93277422235173,-2.0944868606816436,0.03564421190320471,3059
2025-02-12,000002.SZ,amount_change_5_20,0.08975969437139224,0.08975969437139224,-0.17895364130064734,0.42955214122262175,3060
2025-02-12,000002.SZ,low_volatility_20,-0.03940626080269757,-0.03940626080269757,-1.2873080577354858,0.11805101373446697,3059
2025-02-12,000002.SZ,momentum_20,0.12907801418439724,0.12907801418439724,0.5007882970014164,0.789404839764552,3059
2025-02-12,000002.SZ,momentum_60_skip_5,-0.2505376344086022,-0.2505376344086022,-1.2544012972199057,0.06505944517833553,3029
2025-02-12,000002.SZ,overnight_reversal_5,-0.0069696960726179265,-0.0069696960726179265,-0.33725638265897334,0.23812621990891347,3075
2025-02-12,000002.SZ,reversal_5,-0.14203730272596848,-0.14203730272596848,-1.58621192753401,0.07254391672088484,3075
2025-02-12,000004.SZ,amihud_illiquidity_20,-14.94931236920399,-14.94931236920399,0.8747351892999888,0.8008502289077829,3059
2025-02-12,000004.SZ,amount_change_5_20,0.5787599406833819,0.5787599406833819,1.5244107988176876,0.9238313174239948,3060
2025-02-12,000004.SZ,low_volatility_20,-0.05147876060712849,-0.05147876060712849,-2.3129705004801995,0.038260300850228905,3059
2025-02-12,000004.SZ,momentum_20,0.06788710907704054,0.06788710907704054,-0.06348624562856389,0.5748855461085677,3059
2025-02-12,000004.SZ,momentum_60_skip_5,-0.4387254901960784,-0.3852172243846369,-2.1892841400975156,0.0,3029
2025-02-12,000004.SZ,overnight_reversal_5,-0.05188436745208578,-0.05188436745208578,-2.434977901231648,0.025699414443721535,3075
2025-02-12,000004.SZ,reversal_5,-0.2227074235807862,-0.2227074235807862,-3.01987904806419,0.02147039687703318,3075
2025-02-12,000006.SZ,amihud_illiquidity_20,-15.978594876702427,-15.978594876702427,-0.14963464257846976,0.40091563113145845,3059
2025-02-12,000006.SZ,amount_change_5_20,-0.06370211767961644,-0.06370211767961644,-0.7135165490604799,0.19156587119973847,3060
2025-02-12,000006.SZ,low_volatility_20,-0.036169165947942866,-0.036169165947942866,-1.0122890749308258,0.15500327011118378,3059
2025-02-12,000006.SZ,momentum_20,0.051094890510949176,0.051094890510949176,-0.21833640570545224,0.48495748855461085,3059
2025-02-12,000006.SZ,momentum_60_skip_5,-0.2879746835443038,-0.2879746835443038,-1.5142718160651243,0.03632760898282695,3029
2025-02-12,000006.SZ,overnight_reversal_5,0.008730381887857954,0.008730381887857954,0.39600939374419925,0.7514638906961614,3075
2025-02-12,000006.SZ,reversal_5,-0.06666666666666687,-0.06666666666666687,-0.24672710184326235,0.2800910865322056,3075
2025-02-12,000007.SZ,amihud_illiquidity_20,-14.802605635811288,-14.802605635811288,1.0207417042520068,0.8521909744931327,3059
2025-02-12,000007.SZ,amount_change_5_20,0.27514456254410385,0.27514456254410385,0.46680879862244234,0.7414187643020596,3060
2025-02-12,000007.SZ,low_volatility_20,-0.01787136815101687,-0.01787136815101687,0.5422658465242851,0.6406147809025506,3059
2025-02-12,000007.SZ,momentum_20,-0.030303030303030276,-0.030303030303030276,-0.9689508059624206,0.09548724656638326,3059
2025-02-12,000007.SZ,momentum_60_skip_5,-0.0813648293963255,-0.0813648293963255,-0.08008265758341956,0.5138705416116248,3029
2025-02-12,000007.SZ,overnight_reversal_5,-0.010000884275839537,-0.010000884275839537,-0.47882679886040097,0.17761873780091086,3075
2025-02-12,000007.SZ,reversal_5,0.040000000000000036,0.03904703739786439,1.6320138756189628,0.9902407286922577,3075
2025-02-12,000008.SZ,amihud_illiquidity_20,-16.203153761307814,-16.203153761307814,-0.37312172721677855,0.3221059516023545,3059
2025-02-12,000008.SZ,amount_change_5_20,0.1822335347069207,0.1822335347069207,0.14316613769067385,0.5992154298790454,3060
2025-02-12,000008.SZ,low_volatility_20,-0.021971702110897162,-0.021971702110897162,0.19390729498250972,0.4676258992805755,3059
2025-02-12,000008.SZ,momentum_20,0.041353383458646586,0.041353383458646586,-0.30816812868488414,0.4238064094179202,3059
2025-02-12,000008.SZ,momentum_60_skip_5,-0.09790209790209803,-0.09790209790209803,-0.19487665567071738,0.4441875825627477,3029
2025-02-12,000008.SZ,overnight_reversal_5,-0.010769114165320878,-0.010769114165320878,-0.5147066644116918,0.16948601171112557,3075
2025-02-12,000008.SZ,reversal_5,-0.07364341085271309,-0.07364341085271309,-0.3707176034304085,0.2358490566037736,3075
2025-02-12,000009.SZ,amihud_illiquidity_20,-16.41478786891794,-16.41478786891794,-0.5837457236929481,0.25997383911052974,3059
2025-02-12,000009.SZ,amount_change_5_20,0.5215374599483558,0.5215374599483558,1.325084234885423,0.9022556390977443,3060
2025-02-12,000009.SZ,low_volatility_20,-0.014772672484322558,-0.014772672484322558,0.8055266308117001,0.7815565729234794,3059
2025-02-12,000009.SZ,momentum_20,0.001145475372279492,0.001145475372279492,-0.6789470688842075,0.20372792674950949,3059
2025-02-12,000009.SZ,momentum_60_skip_5,-0.22714681440443218,-0.22714681440443218,-1.092033143985788,0.09841479524438573,3029
2025-02-12,000009.SZ,overnight_reversal_5,-0.0009989429067706439,-0.0009989429067706439,-0.05839477656450249,0.4040338321405335,3075
2025-02-12,000009.SZ,reversal_5,-0.044205495818399276,-0.044205495818399276,0.15245219518203876,0.4505530253741054,3075
2025-02-12,000010.SZ,amihud_illiquidity_20,-15.506954266215146,-15.506954266215146,0.3197548684179984,0.5771746239372139,3059
2025-02-12,000010.SZ,amount_change_5_20,-0.40804567582969503,-0.40804567582969503,-1.9129895075310177,0.035632559660019616,3060
2025-02-12,000010.SZ,low_volatility_20,-0.025533878446374465,-0.025533878446374465,-0.10873014887084195,0.36102027468933945,3059
2025-02-12,000010.SZ,momentum_20,0.010344827586207028,0.010344827586207028,-0.5941148498820739,0.24950948332243297,3059
2025-02-12,000010.SZ,momentum_60_skip_5,-0.07006369426751602,-0.07006369426751602,-0.0016354530823853648,0.559445178335535,3029
2025-02-12,000010.SZ,overnight_reversal_5,0.003709227004051953,0.003709227004051953,0.16149839044960224,0.5907612231620039,3075
2025-02-12,000010.SZ,reversal_5,-0.0034246575342467,-0.0034246575342467,0.877208106988216,0.8793103448275862,3075
2025-02-12,000011.SZ,amihud_illiquidity_20,-14.94023624652551,-14.94023624652551,0.8837679924366709,0.803466317854807,3059
2025-02-12,000011.SZ,amount_change_5_20,0.12748127305439236,0.12748127305439236,-0.04755576115979882,0.4955867930696306,3060
2025-02-12,000011.SZ,low_volatility_20,-0.015476181812773748,-0.015476181812773748,0.7457574771151221,0.749509483322433,3059
2025-02-12,000011.SZ,momentum_20,-0.0058616647127782695,-0.0058616647127782695,-0.7435637101923094,0.17135382603008503,3059
2025-02-12,000011.SZ,momentum_60_skip_5,-0.18254764292878634,-0.18254764292878634,-0.782446515257878,0.178335535006605,3029
2025-02-12,000011.SZ,overnight_reversal_5,-0.00807691623080542,-0.00807691623080542,-0.3889686512850577,0.21665582303188027,3075
2025-02-12,000011.SZ,reversal_5,-0.04049079754601226,-0.04049079754601226,0.2184697084741795,0.49381912817176316,3075
2025-02-12,000012.SZ,amihud_illiquidity_20,-15.865029292634851,-15.865029292634851,-0.03661109713688117,0.43721386527141926,3059
2025-02-12,000012.SZ,amount_change_5_20,0.020347922418393356,0.020347922418393356,-0.42073990820347973,0.31186662307943774,3060
2025-02-12,000012.SZ,low_volatility_20,-0.011862972428955048,-0.011862972428955048,1.052730616298395,0.9100719424460432,3059
2025-02-12,000012.SZ,momentum_20,-0.013752455795677854,-0.013752455795677854,-0.8163289768848032,0.1432308698495749,3059
2025-02-12,000012.SZ,momentum_60_skip_5,-0.12277580071174377,-0.12277580071174377,-0.3675382891053921,0.3527080581241744,3029
2025-02-12,000012.SZ,overnight_reversal_5,8.03625309986275e-05,8.03625309986275e-05,-0.007986253639049298,0.4534808067664281,3075
2025-02-12,000012.SZ,reversal_5,-0.018255578093306246,-0.018255578093306246,0.6136334036481143,0.743331164606376,3075
2025-02-13,000001.SZ,amihud_illiquidity_20,-18.771428924130284,-18.678121069263494,-2.815549695472753,0.0,3060
2025-02-13,000001.SZ,amount_change_5_20,0.12024744621279518,0.12024744621279518,-0.13360250766641682,0.46060804184373977,3060
2025-02-13,000001.SZ,low_volatility_20,-0.010174114896113607,-0.010174114896113607,1.1996792315621492,0.957502451781628,3060
2025-02-13,000001.SZ,momentum_20,0.0,0.0,-0.6563583216247347,0.19320039228506047,3060
2025-02-13,000001.SZ,momentum_60_skip_5,-0.015597920277296451,-0.015597920277296451,0.20739719607094506,0.6761307362165732,3030
2025-02-13,000001.SZ,overnight_reversal_5,0.0035041627601494012,0.0035041627601494012,0.22588135846170565,0.6080026024723487,3075
2025-02-13,000001.SZ,reversal_5,-0.012323943661971981,-0.012323943661971981,0.2907223118441712,0.5468445022771633,3075
2025-02-13,000002.SZ,amihud_illiquidity_20,-17.995802273250252,-17.995802273250252,-2.141099526570458,0.03399803857469761,3060
2025-02-13,000002.SZ,amount_change_5_20,0.28119477913224433,0.28119477913224433,0.4279933439746742,0.7182085648904871,3060
2025-02-13,000002.SZ,low_volatility_20,-0.03916365903005682,-0.03916365903005682,-1.252955384314832,0.12356979405034325,3060
2025-02-13,000002.SZ,momentum_20,0.1451149425287357,0.1451149425287357,0.7460318084215838,0.8391631252043151,3060
2025-02-13,000002.SZ,momentum_60_skip_5,-0.23612622415669204,-0.23612622415669204,-1.2680462131403827,0.05315285572796302,3030
2025-02-13,000002.SZ,overnight_reversal_5,0.014618443901016891,0.014618443901016891,0.7470279307912054,0.8763825634352636,3075
2025-02-13,000002.SZ,reversal_5,-0.1353276353276356,-0.1353276353276356,-2.010646462641861,0.04619388418998048,3075
2025-02-13,000004.SZ,amihud_illiquidity_20,-14.95065509531541,-14.95065509531541,0.8689304484071684,0.7969924812030075,3060
2025-02-13,000004.SZ,amount_change_5_20,0.5144205208743454,0.5144205208743454,1.2417912906845616,0.8934292252370055,3060
2025-02-13,000004.SZ,low_volatility_20,-0.05188310184351584,-0.05188310184351584,-2.329072538652227,0.03857469761359922,3060
2025-02-13,000004.SZ,momentum_20,0.012686567164179152,0.012686567164179152,-0.5337553955222661,0.2605426610003269,3060
2025-02-13,000004.SZ,momentum_60_skip_5,-0.39634146341463405,-0.35380563857342107,-2.0553796907332056,0.0,3030
2025-02-13,000004.SZ,overnight_reversal_5,-0.03786037676222618,-0.03786037676222618,-1.71369419436542,0.04521795705920625,3075
2025-02-13,000004.SZ,reversal_5,-0.1422558922558923,-0.1422558922558923,-2.1402724432965328,0.0413142485361093,3075
2025-02-13,000006.SZ,amihud_illiquidity_20,-15.99506802359054,-15.99506802359054,-0.16343811595703428,0.3998038574697614,3060
2025-02-13,000006.SZ,amount_change_5_20,0.04290987985816238,0.04290987985816238,-0.4034575941282499,0.3275580254985289,3060
2025-02-13,000006.SZ,low_volatility_20,-0.036120725539377715,-0.036120725539377715,-0.995510700860412,0.15527950310559005,3060
2025-02-13,000006.SZ,momentum_20,0.02586206896551735,0.02586206896551735,-0.40642740735905325,0.3425956194834913,3060
2025-02-13,000006.SZ,momentum_60_skip_5,-0.3163163163163162,-0.3163163163163162,-1.8045575855113054,0.017827665896335426,3030
2025-02-13,000006.SZ,overnight_reversal_5,0.01160062134734657,0.01160062134734657,0.6055227934089068,0.8370201691607027,3075
2025-02-13,000006.SZ,reversal_5,-0.04538799414348449,-0.04538799414348449,-0.32789792878250856,0.23227065712426806,3075
2025-02-13,000007.SZ,amihud_illiquidity_20,-14.795338390138747,-14.795338390138747,1.0224560124863313,0.8525661981039555,3060
2025-02-13,000007.SZ,amount_change_5_20,0.22305667857494096,0.22305667857494096,0.2251312306172886,0.6410591696632887,3060
2025-02-13,000007.SZ,low_volatility_20,-0.017868399901770107,-0.017868399901770107,0.5487110872510975,0.6426936907486106,3060
2025-02-13,000007.SZ,momentum_20,-0.031746031746031744,-0.031746031746031744,-0.9631518248503318,0.09872507355344884,3060
2025-02-13,000007.SZ,momentum_60_skip_5,-0.09090909090909094,-0.09090909090909094,-0.29647177854121953,0.41135688345988775,3030
2025-02-13,000007.SZ,overnight_reversal_5,-0.004167187155295268,-0.004167187155295268,-0.13382681005616798,0.32010409889394925,3075
2025-02-13,000007.SZ,reversal_5,0.04142857142857148,0.04142857142857148,1.2964186296075992,0.970722186076773,3075
2025-02-13,000008.SZ,amihud_illiquidity_20,-16.19625569750561,-16.19625569750561,-0.36230565624159916,0.33050016345210853,3060
2025-02-13,000008.SZ,amount_change_5_20,0.09788644008192324,0.09788644008192324,-0.211627089085878,0.4246485779666558,3060
2025-02-13,000008.SZ,low_volatility_20,-0.0219648118090665,-0.0219648118090665,0.2021377986783405,0.47466492317750897,3060
2025-02-13,000008.SZ,momentum_20,0.04166666666666652,0.04166666666666652,-0.2536918486411399,0.44982020268061457,3060
2025-02-13,000008.SZ,momentum_60_skip_5,-0.036101083032491044,-0.036101083032491044,0.07022089795873948,0.6209970287223506,3030
2025-02-13,000008.SZ,overnight_reversal_5,-0.007152473695132328,-0.007152473695132328,-0.27380633981062635,0.24268054651919324,3075
2025-02-13,000008.SZ,reversal_5,-0.029962546816479474,-0.029962546816479474,-0.039291608678393555,0.35068314899154196,3075
2025-02-13,000009.SZ,amihud_illiquidity_20,-16.45082339204375,-16.45082339204375,-0.6139376288349256,0.2536776724419745,3060
2025-02-13,000009.SZ,amount_change_5_20,0.6335891520161696,0.6335891520161696,1.6576081152385305,0.9326577312847336,3060
2025-02-13,000009.SZ,low_volatility_20,-0.014672916853419758,-0.014672916853419758,0.8190620904479909,0.7894736842105263,3060
2025-02-13,000009.SZ,momentum_20,0.023174971031286296,0.023174971031286296,-0.4323955093047731,0.32788492971559335,3060
2025-02-13,000009.SZ,momentum_60_skip_5,-0.19507575757575746,-0.19507575757575746,-0.9933982913252603,0.10498514361175305,3030
2025-02-13,000009.SZ,overnight_reversal_5,-0.0034447912215658204,-0.0034447912215658204,-0.0999537992913453,0.3435263500325309,3075
2025-02-13,000009.SZ,reversal_5,-0.0388235294117647,-0.0388235294117647,-0.20507841052074954,0.2784645413142485,3075
2025-02-13,000010.SZ,amihud_illiquidity_20,-15.487169011707905,-15.487169011707905,0.33860371016745555,0.5851585485452763,3060
2025-02-13,000010.SZ,amount_change_5_20,-0.34984032371041485,-0.34984032371041485,-1.7738865478388168,0.03922850604772801,3060
2025-02-13,000010.SZ,low_volatility_20,-0.025293093228079096,-0.025293093228079096,-0.07944849263875933,0.36972866949983657,3060
2025-02-13,000010.SZ,momentum_20,0.0033783783783785104,0.0033783783783785104,-0.6237096886801176,0.2118339326577313,3060
2025-02-13,000010.SZ,momentum_60_skip_5,-0.06148867313915851,-0.06148867313915851,-0.09963463459515234,0.524595576097722,3030
2025-02-13,000010.SZ,overnight_reversal_5,0.010546840501623245,0.010546840501623245,0.5561112058509977,0.8188028627195836,3075
2025-02-13,000010.SZ,reversal_5,-0.024137931034482918,-0.024137931034482918,0.06968551796346721,0.4056603773584906,3075
2025-02-13,000011.SZ,amihud_illiquidity_20,-14.9877820332647,-14.9877820332647,0.8322316652034326,0.7845701209545604,3060
2025-02-13,000011.SZ,amount_change_5_20,0.1400012393815434,0.1400012393815434,-0.06467531206450354,0.49297155933311537,3060
2025-02-13,000011.SZ,low_volatility_20,-0.015330847658624892,-0.015330847658624892,0.7633984394349856,0.7577639751552795,3060
2025-02-13,000011.SZ,momentum_20,0.00591715976331364,0.00591715976331364,-0.5991749171773598,0.22719843085975808,3060
2025-02-13,000011.SZ,momentum_60_skip_5,-0.22243346007604559,-0.22243346007604559,-1.1764348500578272,0.06965995378012545,3030
2025-02-13,000011.SZ,overnight_reversal_5,-0.008317104015136016,-0.008317104015136016,-0.32841563856852674,0.2176317501626545,3075
2025-02-13,000011.SZ,reversal_5,-0.03911980440097795,-0.03911980440097795,-0.21062164259454672,0.2771633051398829,3075
2025-02-13,000012.SZ,amihud_illiquidity_20,-15.887975591744182,-15.887975591744182,-0.057580693929440534,0.42922523700555737,3060
2025-02-13,000012.SZ,amount_change_5_20,0.09178707026231621,0.09178707026231621,-0.23290970822707563,0.41418764302059496,3060
2025-02-13,000012.SZ,low_volatility_20,-0.011809563144996057,-0.011809563144996057,1.061313586033149,0.9081399150049035,3060
2025-02-13,000012.SZ,momentum_20,-0.005928853754940455,-0.005928853754940455,-0.7136547367528329,0.17097090552468128,3060
2025-02-13,000012.SZ,momentum_60_skip_5,-0.1158645276292336,-0.1158645276292336,-0.4634359912295893,0.3119841531858699,3030
2025-02-13,000012.SZ,overnight_reversal_5,-0.0019500950193833242,-0.0019500950193833242,-0.02986777280267848,0.394925178919974,3075
2025-02-13,000012.SZ,reversal_5,-0.014112903225806495,-0.014112903225806495,0.25725131903675635,0.5217957059206246,3075
2025-02-14,000001.SZ,amihud_illiquidity_20,-18.816815697149806,-18.68538708017793,-2.7983795229040203,0.0,3059
2025-02-14,000001.SZ,amount_change_5_20,0.03069261236822044,0.03069261236822044,-0.22974155271964633,0.43394375408763897,3059
2025-02-14,000001.SZ,low_volatility_20,-0.010000632721100976,-0.010000632721100976,1.20966508817988,0.9565075212557227,3059
2025-02-14,000001.SZ,momentum_20,0.013157894736842035,0.013157894736842035,-0.5127004897899046,0.2570307390451275,3059
2025-02-14,000001.SZ,momentum_60_skip_5,-0.019810508182601216,-0.019810508182601216,0.09771201318909868,0.6496036988110965,3029
2025-02-14,000001.SZ,overnight_reversal_5,0.004374106268689509,0.004374106268689509,0.1874908348300221,0.6054001301236175,3075
2025-02-14,000001.SZ,reversal_5,-0.01493848857644986,-0.01493848857644986,-0.042519587221711036,0.3249837345478204,3075
2025-02-14,000002.SZ,amihud_illiquidity_20,-17.974100735124022,-17.974100735124022,-2.0976941510237515,0.03499018966644866,3059
2025-02-14,000002.SZ,amount_change_5_20,0.21058832996045415,0.21058832996045415,0.3687867497242169,0.710595160235448,3059
2025-02-14,000002.SZ,low_volatility_20,-0.039606996699917504,-0.039606996699917504,-1.2834371791822496,0.1209941137998692,3059
2025-02-14,000002.SZ,momentum_20,0.12374100719424441,0.12374100719424441,0.5784827835677816,0.8172007848266841,3059
2025-02-14,000002.SZ,momentum_60_skip_5,-0.18191841234840134,-0.18191841234840134,-0.9917114220350914,0.09742404227212681,3029
2025-02-14,000002.SZ,overnight_reversal_5,0.023914299842841616,0.023914299842841616,1.1170997750915546,0.9310344827586207,3075
2025-02-14,000002.SZ,reversal_5,-0.052560646900269514,-0.052560646900269514,-0.7998654103460364,0.13370201691607025,3075
2025-02-14,000004.SZ,amihud_illiquidity_20,-14.958875563538646,-14.958875563538646,0.8725922678655753,0.7969260954872466,3059
2025-02-14,000004.SZ,amount_change_5_20,0.409069010755546,0.409069010755546,1.0291488002176146,0.8561151079136691,3059
2025-02-14,000004.SZ,low_volatility_20,-0.051809729791736744,-0.051809729791736744,-2.3110088715723376,0.038260300850228905,3059
2025-02-14,000004.SZ,momentum_20,0.03016591251885381,0.03016591251885381,-0.3448731958723963,0.3721386527141923,3059
2025-02-14,000004.SZ,momentum_60_skip_5,-0.35104752171691367,-0.3255141579731743,-1.956726492010455,0.0,3029
2025-02-14,000004.SZ,overnight_reversal_5,-0.03786037676222618,-0.03786037676222618,-1.8217806119379694,0.03806115810019518,3075
2025-02-14,000004.SZ,reversal_5,-0.07559055118110236,-0.07559055118110236,-1.2634645920814185,0.08945998698763825,3075
2025-02-14,000006.SZ,amihud_illiquidity_20,-15.987307257632319,-15.987307257632319,-0.14051173594440466,0.4051667756703728,3059
2025-02-14,000006.SZ,amount_change_5_20,-0.004215635298985643,-0.004215635298985643,-0.3458842519299849,0.3737737083060824,3059
2025-02-14,000006.SZ,low_volatility_20,-0.036223112124599784,-0.036223112124599784,-0.9984859331172954,0.1553302812295618,3059
2025-02-14,000006.SZ,momentum_20,0.020289855072463725,0.020289855072463725,-0.44232558668271754,0.30706344015696535,3059
2025-02-14,000006.SZ,momentum_60_skip_5,-0.2693920335429769,-0.2693920335429769,-1.579565625589705,0.021136063408190225,3029
2025-02-14,000006.SZ,overnight_reversal_5,0.0114090924830523,0.0114090924830523,0.5221746267111402,0.8041639557579701,3075
2025-02-14,000006.SZ,reversal_5,-0.010043041606886627,-0.010043041606886627,0.05602729259347486,0.38223812621990894,3075
2025-02-14,000007.SZ,amihud_illiquidity_20,-14.860984559540825,-14.860984559540825,0.969024309640183,0.8335513407455853,3059
2025-02-14,000007.SZ,amount_change_5_20,0.10128210566873336,0.10128210566873336,0.005115675462379148,0.5565729234793984,3059
2025-02-14,000007.SZ,low_volatility_20,-0.016394399761369312,-0.016394399761369312,0.6712566866455477,0.7135382603008502,3059
2025-02-14,000007.SZ,momentum_20,-0.06451612903225801,-0.06451612903225801,-1.2791520177651035,0.05428384565075212,3059
2025-02-14,000007.SZ,momentum_60_skip_5,-0.0819022457067371,-0.0819022457067371,-0.31956680082479416,0.40224570673712023,3029
2025-02-14,000007.SZ,overnight_reversal_5,-0.002739635164109944,-0.002739635164109944,-0.15093967301238595,0.33311646063760575,3075
2025-02-14,000007.SZ,reversal_5,0.0402877697841727,0.0402877697841727,1.0692022798813128,0.9411190631099544,3075
2025-02-14,000008.SZ,amihud_illiquidity_20,-16.14404715300675,-16.14404715300675,-0.29491558840495474,0.35578809679529105,3059
2025-02-14,000008.SZ,amount_change_5_20,-0.03858122670766578,-0.03858122670766578,-0.46022148776646876,0.3142576847612819,3059
2025-02-14,000008.SZ,low_volatility_20,-0.02242936670282865,-0.02242936670282865,0.16306223980387907,0.4650098103335513,3059
2025-02-14,000008.SZ,momentum_20,0.018867924528301883,0.018867924528301883,-0.4563565430483514,0.2975801177240026,3059
2025-02-14,000008.SZ,momentum_60_skip_5,0.0,0.0,0.2308457551178868,0.7064068692206077,3029
2025-02-14,000008.SZ,overnight_reversal_5,-0.007261832035181699,-0.007261832035181699,-0.36607953971933327,0.22706571242680545,3075
2025-02-14,000008.SZ,reversal_5,0.0036900369003689537,0.0036900369003689537,0.33247846151866356,0.5998698763825634,3075
2025-02-14,000009.SZ,amihud_illiquidity_20,-16.46274098194627,-16.46274098194627,-0.6088596217738369,0.2540876389797253,3059
2025-02-14,000009.SZ,amount_change_5_20,0.6451932870069046,0.6451932870069046,1.8147542838948574,0.9401569653368215,3059
2025-02-14,000009.SZ,low_volatility_20,-0.014978566910438782,-0.014978566910438782,0.7904815969853074,0.7710922171353826,3059
2025-02-14,000009.SZ,momentum_20,0.04662004662004682,0.04662004662004682,-0.18251137126990694,0.49836494440810986,3059
2025-02-14,000009.SZ,momentum_60_skip_5,-0.17590822179732335,-0.17590822179732335,-0.951320779332003,0.10700132100396301,3029
2025-02-14,000009.SZ,overnight_reversal_5,0.005790356001424831,0.005790356001424831,0.25486777294466356,0.6554977228366948,3075
2025-02-14,000009.SZ,reversal_5,-0.04176334106728552,-0.04176334106728552,-0.5825122642765547,0.1707872478854912,3075
2025-02-14,000010.SZ,amihud_illiquidity_20,-15.366245157760535,-15.366245157760535,0.4712940880186874,0.6399607586657946,3059
2025-02-14,000010.SZ,amount_change_5_20,-0.3149861137029353,-0.3149861137029353,-1.3798439780330662,0.06245912361020275,3059
2025-02-14,000010.SZ,low_volatility_20,-0.02642170918604751,-0.02642170918604751,-0.1731262264367148,0.34695879659908435,3059
2025-02-14,000010.SZ,momentum_20,-0.030405405405405372,-0.030405405405405372,-0.9425630916929936,0.09973839110529759,3059
2025-02-14,000010.SZ,momentum_60_skip_5,-0.03322259136212613,-0.03322259136212613,0.00757798915035484,0.594782034346103,3029
2025-02-14,000010.SZ,overnight_reversal_5,0.0036263976570494487,0.0036263976570494487,0.15191920103563686,0.5774235523747561,3075
2025-02-14,000010.SZ,reversal_5,0.013745704467354014,0.013745704467354014,0.5349021971542988,0.7553675992192583,3075
2025-02-14,000011.SZ,amihud_illiquidity_20,-14.987569645141413,-14.987569645141413,0.8443258413013569,0.7844996729888816,3059
2025-02-14,000011.SZ,amount_change_5_20,0.06954629022495812,0.06954629022495812,-0.10047207280903694,0.5049051667756703,3059
2025-02-14,000011.SZ,low_volatility_20,-0.015363218738645162,-0.015363218738645162,0.7580907115076964,0.7547416612164813,3059
2025-02-14,000011.SZ,momentum_20,0.014234875444840034,0.014234875444840034,-0.5020733396927409,0.2648790058862001,3059
2025-02-14,000011.SZ,momentum_60_skip_5,-0.20404234841193458,-0.20404234841193458,-1.1403922315924309,0.07001321003963012,3029
2025-02-14,000011.SZ,overnight_reversal_5,-0.013167106466032277,-0.013167106466032277,-0.6470182051826173,0.13597918022121014,3075
2025-02-14,000011.SZ,reversal_5,-0.0338573155985491,-0.0338573155985491,-0.42336149693551267,0.19941444372153547,3075
2025-02-14,000012.SZ,amihud_illiquidity_20,-15.988850972480552,-15.988850972480552,-0.1420324433501258,0.40418574231523874,3059
2025-02-14,000012.SZ,amount_change_5_20,0.04557668155212153,0.04557668155212153,-0.18022099280120432,0.4617396991497711,3059
2025-02-14,000012.SZ,low_volatility_20,-0.011393989734473552,-0.011393989734473552,1.09233283043389,0.9162851536952257,3059
2025-02-14,000012.SZ,momentum_20,0.012024048096192175,0.012024048096192175,-0.5238887667459048,0.2514715500327011,3059
2025-02-14,000012.SZ,momentum_60_skip_5,-0.09803921568627483,-0.09803921568627483,-0.4280130444529717,0.32562747688243066,3029
2025-02-14,000012.SZ,overnight_reversal_5,-0.015826105626403915,-0.015826105626403915,-0.773517944412383,0.10865322055953155,3075
2025-02-14,000012.SZ,reversal_5,0.0019762845849802257,0.0019762845849802257,0.2979800909903689,0.571893298633702,3075
2025-02-17,000001.SZ,amihud_illiquidity_20,-18.827577775724464,-18.75145026233743,-2.8186195015457143,0.0,3058
2025-02-17,000001.SZ,amount_change_5_20,0.156715251413663,0.156715251413663,0.22784318322571692,0.651193200392285,3060
2025-02-17,000001.SZ,low_volatility_20,-0.010608985333819045,-0.010608985333819045,1.07287444879217,0.920183186130193,3058
2025-02-17,000001.SZ,momentum_20,0.04247787610619458,0.04247787610619458,-0.5571067822186131,0.26594700686947986,3058
2025-02-17,000001.SZ,momentum_60_skip_5,-0.009532062391681029,-0.009532062391681029,-0.09627720176568504,0.5563263957713909,3028
2025-02-17,000001.SZ,overnight_reversal_5,5.444512417312943e-05,5.444512417312943e-05,0.005390563751411535,0.4515289525048796,3075
2025-02-17,000001.SZ,reversal_5,-0.03062117235345596,-0.03062117235345596,-0.47443433388689843,0.18900455432661029,3075
2025-02-17,000002.SZ,amihud_illiquidity_20,-18.080488630151876,-18.080488630151876,-2.152269681128676,0.03042198233562316,3058
2025-02-17,000002.SZ,amount_change_5_20,0.2192414501823852,0.2192414501823852,0.43645601038101095,0.7299771167048055,3060
2025-02-17,000002.SZ,low_volatility_20,-0.03865392817913103,-0.03865392817913103,-1.2900662038726038,0.12037945698397122,3058
2025-02-17,000002.SZ,momentum_20,0.14798206278026904,0.14798206278026904,0.37760905043518156,0.7549885508668629,3058
2025-02-17,000002.SZ,momentum_60_skip_5,-0.17094972067039105,-0.17094972067039105,-1.1555965872135832,0.057152296002642884,3028
2025-02-17,000002.SZ,overnight_reversal_5,0.027575098110001958,0.027575098110001958,1.2355638124893564,0.9365647364996746,3075
2025-02-17,000002.SZ,reversal_5,-0.03504043126684642,-0.03504043126684642,-0.5707534095070136,0.1704619388418998,3075
2025-02-17,000004.SZ,amihud_illiquidity_20,-15.037146651623859,-15.037146651623859,0.8701540813957381,0.8030749100425254,3058
2025-02-17,000004.SZ,amount_change_5_20,0.3028673136824828,0.3028673136824828,0.7154658998608893,0.8032036613272311,3060
2025-02-17,000004.SZ,low_volatility_20,-0.049895763754479475,-0.049895763754479475,-2.2372526694711374,0.042198233562315994,3058
2025-02-17,000004.SZ,momentum_20,0.1007194244604317,0.1007194244604317,-0.04111496159871771,0.5806346090938829,3058
2025-02-17,000004.SZ,momentum_60_skip_5,-0.2565194252261841,-0.2565194252261841,-1.7171562567665177,0.013875123885034688,3028
2025-02-17,000004.SZ,overnight_reversal_5,-0.024206014732784442,-0.024206014732784442,-1.079052044986027,0.08067664281067013,3075
2025-02-17,000004.SZ,reversal_5,0.01431639226914827,0.01431639226914827,0.5049933868907738,0.7322706571242681,3075
2025-02-17,000006.SZ,amihud_illiquidity_20,-16.045316603135365,-16.045316603135365,-0.13108627858026167,0.4124959110238796,3058
2025-02-17,000006.SZ,amount_change_5_20,-0.07037313845299313,-0.07037313845299313,-0.5298160373428726,0.28277214776070614,3060
2025-02-17,000006.SZ,low_volatility_20,-0.035635985727428154,-0.035635985727428154,-1.0357879567795252,0.15014720314033367,3058
2025-02-17,000006.SZ,momentum_20,0.053571428571428825,0.053571428571428825,-0.45882329739669714,0.323846908734053,3058
2025-02-17,000006.SZ,momentum_60_skip_5,-0.15740740740740744,-0.15740740740740744,-1.0667238138363546,0.07234886025768088,3028
2025-02-17,000006.SZ,overnight_reversal_5,0.0027635054901983718,0.0027635054901983718,0.12648556804569686,0.5500975927130775,3075
2025-02-17,000006.SZ,reversal_5,0.027472527472527375,0.027472527472527375,0.791735305922294,0.8776837996096292,3075
2025-02-17,000007.SZ,amihud_illiquidity_20,-15.151761481091205,-15.151761481091205,0.7563270496116398,0.7543343146876023,3058
2025-02-17,000007.SZ,amount_change_5_20,-0.007505854016827739,-0.007505854016827739,-0.32006520968876895,0.38607388035305656,3060
2025-02-17,000007.SZ,low_volatility_20,-0.012037579458257728,-0.012037579458257728,0.9525075380299152,0.8560680405626431,3058
2025-02-17,000007.SZ,momentum_20,-0.016248153618906858,-0.016248153618906858,-1.0773908723895895,0.07916257769054628,3058
2025-02-17,000007.SZ,momentum_60_skip_5,-0.0724832214765101,-0.0724832214765101,-0.5094004242562035,0.2887347208457218,3028
2025-02-17,000007.SZ,overnight_reversal_5,0.0014348401018978532,0.0014348401018978532,0.06709422227883018,0.4970722186076773,3075
2025-02-17,000007.SZ,reversal_5,0.0361794500723589,0.0361794500723589,0.9815052996582472,0.9307091737150293,3075
2025-02-17,000008.SZ,amihud_illiquidity_20,-16.111370478478978,-16.111370478478978,-0.1966861368459183,0.3912332351979064,3058
2025-02-17,000008.SZ,amount_change_5_20,0.005233832873061497,0.005233832873061497,-0.27756043326691354,0.40764955867930697,3060
2025-02-17,000008.SZ,low_volatility_20,-0.02308583043112596,-0.02308583043112596,0.02163163970383088,0.399084069349035,3058
2025-02-17,000008.SZ,momentum_20,0.029520295202952074,0.029520295202952074,-0.6719046533265037,0.20183186130193,3058
2025-02-17,000008.SZ,momentum_60_skip_5,0.061068702290076216,0.061068702290076216,0.3670473158388113,0.7594978526593987,3028
2025-02-17,000008.SZ,overnight_reversal_5,-0.007288965027545426,-0.007288965027545426,-0.32285988611278726,0.22413793103448276,3075
2025-02-17,000008.SZ,reversal_5,-0.003597122302158251,-0.003597122302158251,0.11456295535672957,0.41509433962264153,3075
2025-02-17,000009.SZ,amihud_illiquidity_20,-16.589959721403144,-16.589959721403144,-0.6719858272876084,0.2342165521753353,3058
2025-02-17,000009.SZ,amount_change_5_20,0.6225336473905967,0.6225336473905967,1.7820027905470417,0.9385420071918927,3060
2025-02-17,000009.SZ,low_volatility_20,-0.014211053244148,-0.014211053244148,0.7693804197288044,0.7654563297350343,3058
2025-02-17,000009.SZ,momentum_20,0.059523809523809534,0.059523809523809534,-0.40608809423964265,0.35655871769708863,3058
2025-02-17,000009.SZ,momentum_60_skip_5,-0.15612648221343872,-0.15612648221343872,-1.0583176152596365,0.07499174099768748,3028
2025-02-17,000009.SZ,overnight_reversal_5,0.010337509469056736,0.010337509469056736,0.4650435624880554,0.7687052700065062,3075
2025-02-17,000009.SZ,reversal_5,-0.04215456674473095,-0.04215456674473095,-0.7258081294261951,0.1457384515289525,3075
2025-02-17,000010.SZ,amihud_illiquidity_20,-15.314883099717422,-15.314883099717422,0.5943266369745474,0.6902191691200523,3058
2025-02-17,000010.SZ,amount_change_5_20,-0.2708210775082211,-0.2708210775082211,-1.1985918799050632,0.08989865969271003,3060
2025-02-17,000010.SZ,low_volatility_20,-0.02698960822725162,-0.02698960822725162,-0.30728310632772954,0.30552829571475304,3058
2025-02-17,000010.SZ,momentum_20,-0.013422818791946511,-0.013422818791946511,-1.052359778567064,0.08505070330389271,3058
2025-02-17,000010.SZ,momentum_60_skip_5,0.01016949152542379,0.01016949152542379,0.03301619903313427,0.6266930954740667,3028
2025-02-17,000010.SZ,overnight_reversal_5,0.00022022353775772233,0.00022022353775772233,0.012800859201704587,0.4638906961613533,3075
2025-02-17,000010.SZ,reversal_5,0.013422818791946511,0.013422818791946511,0.4855176845140841,0.7176317501626546,3075
2025-02-17,000011.SZ,amihud_illiquidity_20,-15.131791394316636,-15.131791394316636,0.7761598732748958,0.7631665031076218,3058
2025-02-17,000011.SZ,amount_change_5_20,0.05533096658989375,0.05533096658989375,-0.11041602175867564,0.4955867930696306,3060
2025-02-17,000011.SZ,low_volatility_20,-0.01328445317933656,-0.01328445317933656,0.8474515705234927,0.8050376185803075,3058
2025-02-17,000011.SZ,momentum_20,0.052696078431372584,0.052696078431372584,-0.46657847433156036,0.3176316650310762,3058
2025-02-17,000011.SZ,momentum_60_skip_5,-0.12306101344364007,-0.12306101344364007,-0.8413221983375858,0.1314833168153287,3028
2025-02-17,000011.SZ,overnight_reversal_5,-0.007107066527862726,-0.007107066527862726,-0.31472902277860515,0.2283669486011711,3075
2025-02-17,000011.SZ,reversal_5,-0.01297169811320753,-0.01297169811320753,-0.08975874068940994,0.2999349381912817,3075
2025-02-17,000012.SZ,amihud_illiquidity_20,-16.101221267189505,-16.101221267189505,-0.18660668550965354,0.3941772980045797,3058
2025-02-17,000012.SZ,amount_change_5_20,0.0220330204031028,0.0220330204031028,-0.22151151179774267,0.4341288002615234,3060
2025-02-17,000012.SZ,low_volatility_20,-0.01090232999775212,-0.01090232999775212,1.048158547765985,0.906444226365718,3058
2025-02-17,000012.SZ,momentum_20,0.020366598778003953,0.020366598778003953,-0.753001956148591,0.16388616290480865,3058
2025-02-17,000012.SZ,momentum_60_skip_5,-0.08043875685557578,-0.08043875685557578,-0.5616094138954268,0.2613148331681533,3028
2025-02-17,000012.SZ,overnight_reversal_5,-0.015826105626403915,-0.015826105626403915,-0.7044700895784615,0.12134027325959662,3075
2025-02-17,000012.SZ,reversal_5,0.003976143141153243,0.003976143141153243,0.27962455080099613,0.5533506831489915,3075
2025-02-18,000001.SZ,amihud_illiquidity_20,-18.884723272621166,-18.78766395960631,-2.8573806140839437,0.0,3060
2025-02-18,000001.SZ,amount_change_5_20,0.2830653418030443,0.2830653418030443,0.6569035957462623,0.7916394513389942,3063
2025-02-18,000001.SZ,low_volatility_20,-0.010289143251501645,-0.010289143251501645,1.1615765421071673,0.946060804184374,3060
2025-02-18,000001.SZ,momentum_20,0.054464285714286076,0.054464285714286076,-0.2586516937584023,0.4691075514874142,3060
2025-02-18,000001.SZ,momentum_60_skip_5,-0.0017482517482516613,-0.0017482517482516613,-0.14404451450942474,0.5277227722772277,3031
2025-02-18,000001.SZ,overnight_reversal_5,-0.0008744415291366498,-0.0008744415291366498,-0.11470564663203955,0.35328562134027325,3075
2025-02-18,000001.SZ,reversal_5,-0.034150612959719995,-0.034150612959719995,-0.905120919683473,0.12199089134677944,3075
2025-02-18,000002.SZ,amihud_illiquidity_20,-18.093001314590527,-18.093001314590527,-2.170845399929123,0.029094475318731612,3060
2025-02-18,000002.SZ,amount_change_5_20,0.21721343473778906,0.21721343473778906,0.43454380096548406,0.7295885042455911,3063
2025-02-18,000002.SZ,low_volatility_20,-0.039162733273981766,-0.039162733273981766,-1.269755651502213,0.11932003922850605,3060
2025-02-18,000002.SZ,momentum_20,0.11242603550295849,0.11242603550295849,0.27273550709520716,0.7250735534488395,3060
2025-02-18,000002.SZ,momentum_60_skip_5,-0.16877152698048226,-0.16877152698048226,-1.1986578436375015,0.046534653465346534,3031
2025-02-18,000002.SZ,overnight_reversal_5,0.03817339912753428,0.03817339912753428,1.5741962498552087,0.9567338972023423,3075
2025-02-18,000002.SZ,reversal_5,-0.03867403314917128,-0.03867403314917128,-0.9992197593322217,0.11093038386467144,3075
2025-02-18,000004.SZ,amihud_illiquidity_20,-14.991864148619726,-14.991864148619726,0.8940090062191551,0.8061457992808108,3060
2025-02-18,000004.SZ,amount_change_5_20,0.05494771849310965,0.05494771849310965,-0.11337307755966579,0.4928151534944481,3063
2025-02-18,000004.SZ,low_volatility_20,-0.051161325399406966,-0.051161325399406966,-2.2801102104545774,0.039555410264792416,3060
2025-02-18,000004.SZ,momentum_20,0.05453087409783475,0.05453087409783475,-0.2580412184902763,0.469761359921543,3060
2025-02-18,000004.SZ,momentum_60_skip_5,-0.2337807606263982,-0.2337807606263982,-1.609137186855137,0.01617161716171617,3031
2025-02-18,000004.SZ,overnight_reversal_5,-0.004361281286995313,-0.004361281286995313,-0.26551885885478943,0.25374105400130126,3075
2025-02-18,000004.SZ,reversal_5,0.04014598540145975,0.04014598540145975,0.6404404924399966,0.8139232270657124,3075
2025-02-18,000006.SZ,amihud_illiquidity_20,-15.969718873546785,-15.969718873546785,-0.07240499028248458,0.4308597580908794,3060
2025-02-18,000006.SZ,amount_change_5_20,-0.07378538785211129,-0.07378538785211129,-0.5480615836958621,0.2691051600261267,3063
2025-02-18,000006.SZ,low_volatility_20,-0.03815308206398092,-0.03815308206398092,-1.184736868272262,0.13206930369401765,3060
2025-02-18,000006.SZ,momentum_20,0.004524886877828038,0.004524886877828038,-0.7164908283043999,0.17423994769532528,3060
2025-02-18,000006.SZ,momentum_60_skip_5,-0.19173363949483357,-0.19173363949483357,-1.3436445222240827,0.03333333333333333,3031
2025-02-18,000006.SZ,overnight_reversal_5,0.0027635054901983718,0.0027635054901983718,0.04264327502274564,0.4882888744307092,3075
2025-02-18,000006.SZ,reversal_5,0.05397727272727271,0.05397727272727271,0.9281670430802819,0.9053350683148992,3075
2025-02-18,000007.SZ,amihud_illiquidity_20,-15.1161974929294,-15.1161974929294,0.7711303401865404,0.7571101667211507,3060
2025-02-18,000007.SZ,amount_change_5_20,-0.11506744203441997,-0.11506744203441997,-0.6874572292465799,0.21293272370999347,3063
2025-02-18,000007.SZ,low_volatility_20,-0.012369306488327922,-0.012369306488327922,0.9864141240732219,0.8718535469107551,3060
2025-02-18,000007.SZ,momentum_20,-0.03958944281524934,-0.03958944281524934,-1.120926344116225,0.06145799280810722,3060
2025-02-18,000007.SZ,momentum_60_skip_5,-0.06657420249653256,-0.06657420249653256,-0.5533665783803443,0.265016501650165,3031
2025-02-18,000007.SZ,overnight_reversal_5,0.002994134989488418,0.002994134989488418,0.052618489840938656,0.5,3075
2025-02-18,000007.SZ,reversal_5,0.026745913818722267,0.026745913818722267,0.36168434458393667,0.6307742355237476,3075
2025-02-18,000008.SZ,amihud_illiquidity_20,-16.095494221381667,-16.095494221381667,-0.19670878865249167,0.38934292252370056,3060
2025-02-18,000008.SZ,amount_change_5_20,0.028609205865269497,0.028609205865269497,-0.20230939730745856,0.44284781188765515,3063
2025-02-18,000008.SZ,low_volatility_20,-0.023301835260072568,-0.023301835260072568,0.065828594542301,0.4203988231448186,3060
2025-02-18,000008.SZ,momentum_20,0.026717557251908275,0.026717557251908275,-0.513030770032418,0.2922523700555737,3060
2025-02-18,000008.SZ,momentum_60_skip_5,0.0869565217391306,0.0869565217391306,0.41605249201262134,0.7768976897689769,3031
2025-02-18,000008.SZ,overnight_reversal_5,0.003470192581795667,0.003470192581795667,0.07320899003156849,0.5204944697462589,3075
2025-02-18,000008.SZ,reversal_5,0.021818181818181848,0.021818181818181848,0.2591747735225958,0.5540013012361744,3075
2025-02-18,000009.SZ,amihud_illiquidity_20,-16.60104703421112,-16.60104703421112,-0.6963467224218471,0.2317750898986597,3060
2025-02-18,000009.SZ,amount_change_5_20,0.637136926194189,0.637136926194189,1.8524845341221554,0.9461136512083606,3063
2025-02-18,000009.SZ,low_volatility_20,-0.014507919246412976,-0.014507919246412976,0.806329900242807,0.7809741745668519,3060
2025-02-18,000009.SZ,momentum_20,0.04507710557532629,0.04507710557532629,-0.34471236991358106,0.40339980385746976,3060
2025-02-18,000009.SZ,momentum_60_skip_5,-0.14430894308943065,-0.14430894308943065,-1.0441969339197017,0.07326732673267326,3031
2025-02-18,000009.SZ,overnight_reversal_5,0.011553727077605254,0.011553727077605254,0.4228389954480279,0.7680546519193233,3075
2025-02-18,000009.SZ,reversal_5,-0.0463182897862231,-0.0463182897862231,-1.1582400690530126,0.09629147690305791,3075
2025-02-18,000010.SZ,amihud_illiquidity_20,-15.226499480122927,-15.226499480122927,0.6621188668578001,0.7119973847662635,3060
2025-02-18,000010.SZ,amount_change_5_20,-0.17729472154100898,-0.17729472154100898,-0.8975778729378823,0.14892227302416722,3063
2025-02-18,000010.SZ,low_volatility_20,-0.02740632184067428,-0.02740632184067428,-0.2797941823235126,0.3138280483818241,3060
2025-02-18,000010.SZ,momentum_20,-0.0751633986928103,-0.0751633986928103,-1.4470646147169046,0.02811376266753841,3060
2025-02-18,000010.SZ,momentum_60_skip_5,0.061594202898550776,0.061594202898550776,0.25591050300131885,0.7194719471947195,3031
2025-02-18,000010.SZ,overnight_reversal_5,0.006909211688554211,0.006909211688554211,0.22195385770629666,0.6454131424853611,3075
2025-02-18,000010.SZ,reversal_5,0.03412969283276457,0.03412969283276457,0.5152860460275618,0.7469095640858816,3075
2025-02-18,000011.SZ,amihud_illiquidity_20,-15.027356117905413,-15.027356117905413,0.8589322867364605,0.7933965348152991,3060
2025-02-18,000011.SZ,amount_change_5_20,0.08641481193407331,0.08641481193407331,-0.0071192612055450835,0.547028086218158,3063
2025-02-18,000011.SZ,low_volatility_20,-0.015379123675963056,-0.015379123675963056,0.732969179420386,0.7423994769532527,3060
2025-02-18,000011.SZ,momentum_20,0.010948905109489093,0.010948905109489093,-0.6575961075825273,0.2052958483164433,3060
2025-02-18,000011.SZ,momentum_60_skip_5,-0.106951871657754,-0.106951871657754,-0.8083180397101515,0.1419141914191419,3031
2025-02-18,000011.SZ,overnight_reversal_5,-0.002401175490450233,-0.002401175490450233,-0.18074012739540765,0.30904359141184123,3075
2025-02-18,000011.SZ,reversal_5,0.004790419161676551,0.004790419161676551,-0.09504673159603659,0.31977878985035785,3075
2025-02-18,000012.SZ,amihud_illiquidity_20,-16.110150074081808,-16.110150074081808,-0.21119317045178107,0.38411245505067015,3060
2025-02-18,000012.SZ,amount_change_5_20,0.049531132638973435,0.049531132638973435,-0.1316630705547764,0.4797517962116264,3063
2025-02-18,000012.SZ,low_volatility_20,-0.010934331347476229,-0.010934331347476229,1.1072477735870343,0.9274272638117032,3060
2025-02-18,000012.SZ,momentum_20,0.012170385395537497,0.012170385395537497,-0.6463977053177983,0.21052631578947367,3060
2025-02-18,000012.SZ,momentum_60_skip_5,-0.06877323420074355,-0.06877323420074355,-0.5672516380716454,0.25544554455445545,3031
2025-02-18,000012.SZ,overnight_reversal_5,-0.015841915465657982,-0.015841915465657982,-0.7620806279857331,0.11027976577748862,3075
2025-02-18,000012.SZ,reversal_5,0.003992015968063756,0.003992015968063756,-0.11165558307218762,0.3122966818477554,3075
2025-02-19,000001.SZ,amihud_illiquidity_20,-18.976907173545406,-18.826878680640064,-2.832239116191705,0.0,3063
2025-02-19,000001.SZ,amount_change_5_20,0.29540676368630653,0.29540676368630653,0.7076886722892965,0.8031341821743389,3064
2025-02-19,000001.SZ,low_volatility_20,-0.010072201171742694,-0.010072201171742694,1.0504945741427762,0.9137818419333769,3063
2025-02-19,000001.SZ,momentum_20,0.02899824253075578,0.02899824253075578,-0.2539963391930023,0.46701502286087526,3063
2025-02-19,000001.SZ,momentum_60_skip_5,-0.028085106382978786,-0.028085106382978786,-0.42896322884524307,0.3688551633124381,3032
2025-02-19,000001.SZ,overnight_reversal_5,-0.0009033831453646952,-0.0009033831453646952,-0.09314400235394939,0.3819128171763175,3075
2025-02-19,000001.SZ,reversal_5,-0.02539404553415081,-0.02539404553415081,-0.5613305938971137,0.1730644111906311,3075
2025-02-19,000002.SZ,amihud_illiquidity_20,-18.154018783177047,-18.154018783177047,-2.162215817029342,0.03069888961463096,3063
2025-02-19,000002.SZ,amount_change_5_20,0.07838040932441749,0.07838040932441749,-0.016525152732490795,0.5282402873000327,3064
2025-02-19,000002.SZ,low_volatility_20,-0.03907164784819659,-0.03907164784819659,-1.3644283228584513,0.10973220117570215,3063
2025-02-19,000002.SZ,momentum_20,0.1070911722141823,0.1070911722141823,0.47256555180146936,0.7932723709993469,3063
2025-02-19,000002.SZ,momentum_60_skip_5,-0.09954751131221717,-0.09954751131221717,-0.8442577573335858,0.12273177169251072,3032
2025-02-19,000002.SZ,overnight_reversal_5,0.04221677901597654,0.04221677901597654,1.9085886150794855,0.970722186076773,3075
2025-02-19,000002.SZ,reversal_5,0.03894472361809043,0.03894472361809043,0.753472086621141,0.8656473649967469,3075
2025-02-19,000004.SZ,amihud_illiquidity_20,-15.079513395021255,-15.079513395021255,0.8993282744400592,0.8109079033311561,3063
2025-02-19,000004.SZ,amount_change_5_20,-0.1296703783237765,-0.1296703783237765,-0.7107876406432826,0.20633365981064317,3064
2025-02-19,000004.SZ,low_volatility_20,-0.04953080796919183,-0.04953080796919183,-2.2354127089192315,0.0434356629653821,3063
2025-02-19,000004.SZ,momentum_20,0.002272727272727426,0.002272727272727426,-0.5026454932507437,0.2883736120182887,3063
2025-02-19,000004.SZ,momentum_60_skip_5,-0.17110716400236825,-0.17110716400236825,-1.2601174286135093,0.03398218409765754,3032
2025-02-19,000004.SZ,overnight_reversal_5,-0.012618682888307083,-0.012618682888307083,-0.6369939426837629,0.13662979830839297,3075
2025-02-19,000004.SZ,reversal_5,0.05499999999999994,0.05499999999999994,1.0815716244510576,0.939167208848406,3075
2025-02-19,000006.SZ,amihud_illiquidity_20,-16.068423429210537,-16.068423429210537,-0.08541277816322305,0.4242325277596342,3063
2025-02-19,000006.SZ,amount_change_5_20,-0.1275405645861615,-0.1275405645861615,-0.703680482814284,0.20959843290891284,3064
2025-02-19,000006.SZ,low_volatility_20,-0.03732547527223156,-0.03732547527223156,-1.2190161643831154,0.12377531025473547,3063
2025-02-19,000006.SZ,momentum_20,-0.026239067055393472,-0.026239067055393472,-0.7679138509197657,0.1394513389941215,3063
2025-02-19,000006.SZ,momentum_60_skip_5,-0.10447761194029825,-0.10447761194029825,-0.8729083998324827,0.11184427581656219,3032
2025-02-19,000006.SZ,overnight_reversal_5,0.004100011450163415,0.004100011450163415,0.1391245619961634,0.5770982433311646,3075
2025-02-19,000006.SZ,reversal_5,0.0722222222222223,0.0722222222222223,1.433518424811478,0.9765777488614183,3075
2025-02-19,000007.SZ,amihud_illiquidity_20,-15.322195385995016,-15.322195385995016,0.6576693661701285,0.7103200522534291,3063
2025-02-19,000007.SZ,amount_change_5_20,-0.21778930424735712,-0.21778930424735712,-1.0048392298503417,0.1256937642833823,3064
2025-02-19,000007.SZ,low_volatility_20,-0.009792067086551923,-0.009792067086551923,1.0738226818858447,0.9235793598954931,3063
2025-02-19,000007.SZ,momentum_20,-0.06543385490753906,-0.06543385490753906,-1.1325747657352812,0.05878510777269758,3063
2025-02-19,000007.SZ,momentum_60_skip_5,-0.04815864022662886,-0.04815864022662886,-0.5456179759244678,0.29132299571098647,3032
2025-02-19,000007.SZ,overnight_reversal_5,-5.464785987031309e-05,-5.464785987031309e-05,-0.05374384661743074,0.4066363044892648,3075
2025-02-19,000007.SZ,reversal_5,0.022321428571428492,0.022321428571428492,0.41376473482708553,0.6522446324007808,3075
2025-02-19,000008.SZ,amihud_illiquidity_20,-16.083434116639083,-16.083434116639083,-0.10036018452744673,0.41900718484650556,3063
2025-02-19,000008.SZ,amount_change_5_20,0.26714688631378986,0.26714688631378986,0.6133858676977868,0.7802807704864512,3064
2025-02-19,000008.SZ,low_volatility_20,-0.030155507790185165,-0.030155507790185165,-0.6219386119618505,0.22664924885695623,3063
2025-02-19,000008.SZ,momentum_20,0.07246376811594213,0.07246376811594213,0.15039871411415795,0.6890920966688439,3063
2025-02-19,000008.SZ,momentum_60_skip_5,0.0948616600790515,0.0948616600790515,0.28552601144234124,0.7334213130979874,3032
2025-02-19,000008.SZ,overnight_reversal_5,0.003470192581795667,0.003470192581795667,0.10988698707310286,0.5517241379310345,3075
2025-02-19,000008.SZ,reversal_5,-0.06859205776173294,-0.06859205776173294,-1.4441087853090455,0.0826284970722186,3075
2025-02-19,000009.SZ,amihud_illiquidity_20,-16.69113429620861,-16.69113429620861,-0.7054984618299885,0.2263226649248857,3063
2025-02-19,000009.SZ,amount_change_5_20,0.4970474201145878,0.4970474201145878,1.380560644456901,0.9082598759386222,3064
2025-02-19,000009.SZ,low_volatility_20,-0.014042714437478841,-0.014042714437478841,0.719850906860024,0.7269758327890268,3063
2025-02-19,000009.SZ,momentum_20,0.027972027972028135,0.027972027972028135,-0.26354404592365976,0.4595035924232528,3063
2025-02-19,000009.SZ,momentum_60_skip_5,-0.150631681243926,-0.150631681243926,-1.1411268073748533,0.0488287693830419,3032
2025-02-19,000009.SZ,overnight_reversal_5,0.012483348317149649,0.012483348317149649,0.5282974687860064,0.7999349381912817,3075
2025-02-19,000009.SZ,reversal_5,-0.009153318077803174,-0.009153318077803174,-0.22944124825786089,0.24853610930383865,3075
2025-02-19,000010.SZ,amihud_illiquidity_20,-15.262829830493635,-15.262829830493635,0.7167846522848405,0.7384062704114958,3063
2025-02-19,000010.SZ,amount_change_5_20,-0.11864337471890206,-0.11864337471890206,-0.6739906881132743,0.21906627489389488,3064
2025-02-19,000010.SZ,low_volatility_20,-0.026525307056276124,-0.026525307056276124,-0.31963440006301835,0.30176355323318094,3063
2025-02-19,000010.SZ,momentum_20,-0.0987261146496815,-0.0987261146496815,-1.4423196721152465,0.030045721750489876,3063
2025-02-19,000010.SZ,momentum_60_skip_5,0.08118081180811809,0.08118081180811809,0.20602153020323774,0.7066974595842956,3032
2025-02-19,000010.SZ,overnight_reversal_5,0.017566506162542305,0.017566506162542305,0.7642688183512801,0.8659726740403383,3075
2025-02-19,000010.SZ,reversal_5,0.03412969283276457,0.03412969283276457,0.6550739439966823,0.8230318802862719,3075
2025-02-19,000011.SZ,amihud_illiquidity_20,-15.127497104456955,-15.127497104456955,0.8515468515563706,0.787393860222077,3063
2025-02-19,000011.SZ,amount_change_5_20,0.06381351182646983,0.06381351182646983,-0.06513468030211364,0.5017956252040483,3064
2025-02-19,000011.SZ,low_volatility_20,-0.01472844164421725,-0.01472844164421725,0.662747116186878,0.7005225342913128,3063
2025-02-19,000011.SZ,momentum_20,-0.00835322195704058,-0.00835322195704058,-0.6015073210408973,0.22828216851730895,3063
2025-02-19,000011.SZ,momentum_60_skip_5,-0.09207708779443247,-0.09207708779443247,-0.8008443567420631,0.1418673705047839,3032
2025-02-19,000011.SZ,overnight_reversal_5,0.008394091327810762,0.008394091327810762,0.3384651795195718,0.7114508783344177,3075
2025-02-19,000011.SZ,reversal_5,0.02004716981132071,0.02004716981132071,0.3672888455089935,0.6119063109954457,3075
2025-02-19,000012.SZ,amihud_illiquidity_20,-16.245834781303007,-16.245834781303007,-0.26207621119890345,0.3628347485303723,3063
2025-02-19,000012.SZ,amount_change_5_20,0.0570815447308562,0.0570815447308562,-0.0875991577365247,0.4900424420502775,3064
2025-02-19,000012.SZ,low_volatility_20,-0.009911401767445809,-0.009911401767445809,1.0638851111276078,0.9190071848465056,3063
2025-02-19,000012.SZ,momentum_20,-0.007952286282306154,-0.007952286282306154,-0.5977770911316971,0.2302416721097322,3063
2025-02-19,000012.SZ,momentum_60_skip_5,-0.07720588235294124,-0.07720588235294124,-0.7144222686806169,0.18211811283404816,3032
2025-02-19,000012.SZ,overnight_reversal_5,-0.01383589673879224,-0.01383589673879224,-0.6934996825692293,0.12491867273910215,3075
2025-02-19,000012.SZ,reversal_5,0.005976095617529764,0.005976095617529764,0.07973771092029114,0.40208197787898503,3075
2025-02-20,000001.SZ,amihud_illiquidity_20,-19.00125018989096,-18.833031412735423,-2.813517101890095,0.0,3063
2025-02-20,000001.SZ,amount_change_5_20,0.23011690405614138,0.23011690405614138,0.5351364701282186,0.7542428198433421,3065
2025-02-20,000001.SZ,low_volatility_20,-0.009996404590501039,-0.009996404590501039,1.0668618346233119,0.9141084258654474,3063
2025-02-20,000001.SZ,momentum_20,0.015679442508711006,0.015679442508711006,-0.4515605153322838,0.32984977139124755,3063
2025-02-20,000001.SZ,momentum_60_skip_5,-0.015410958904109595,-0.015410958904109595,-0.20897828775620958,0.5138613861386139,3031
2025-02-20,000001.SZ,overnight_reversal_5,-0.0009033831453646952,-0.0009033831453646952,-0.09134736955189937,0.38691832085909533,3074
2025-02-20,000001.SZ,reversal_5,-0.013913043478261056,-0.013913043478261056,-0.04761869548142829,0.3537260006508298,3074
2025-02-20,000002.SZ,amihud_illiquidity_20,-18.13667240719976,-18.13667240719976,-2.123480334266312,0.03298497713912475,3063
2025-02-20,000002.SZ,amount_change_5_20,-0.3087856143327399,-0.3087856143327399,-1.246554939634243,0.08387728459530026,3065
2025-02-20,000002.SZ,low_volatility_20,-0.03930330310397601,-0.03930330310397601,-1.3881613420939223,0.10646636185499674,3063
2025-02-20,000002.SZ,momentum_20,0.09620991253644307,0.09620991253644307,0.26862656992117107,0.725342913128674,3063
2025-02-20,000002.SZ,momentum_60_skip_5,-0.08914285714285708,-0.08914285714285708,-0.6678872861343306,0.19438943894389438,3031
2025-02-20,000002.SZ,overnight_reversal_5,0.028502695473247717,0.028502695473247717,1.2377589377495632,0.9424015619915392,3074
2025-02-20,000002.SZ,reversal_5,0.0564617314930993,0.0564617314930993,1.2777790919167715,0.9648551903677188,3074
2025-02-20,000004.SZ,amihud_illiquidity_20,-15.082124593081332,-15.082124593081332,0.9033352643705171,0.8112344872632267,3063
2025-02-20,000004.SZ,amount_change_5_20,-0.25541891897906494,-0.25541891897906494,-1.0701167538129635,0.1129242819843342,3065
2025-02-20,000004.SZ,low_volatility_20,-0.04943692912320753,-0.04943692912320753,-2.2370497609745295,0.041149575440888306,3063
2025-02-20,000004.SZ,momentum_20,-0.02235469448584204,-0.02235469448584204,-0.7917012627140507,0.13618549967341606,3063
2025-02-20,000004.SZ,momentum_60_skip_5,-0.21606008087810502,-0.21606008087810502,-1.457822950515022,0.01782178217821782,3031
2025-02-20,000004.SZ,overnight_reversal_5,-0.005839432651559318,-0.005839432651559318,-0.31444867513308933,0.24894240156199154,3074
2025-02-20,000004.SZ,reversal_5,0.033161385408990496,0.033161385408990496,0.8389538571922851,0.875366091767003,3074
2025-02-20,000006.SZ,amihud_illiquidity_20,-16.07556488920734,-16.07556488920734,-0.08108559515249071,0.42684519921619857,3063
2025-02-20,000006.SZ,amount_change_5_20,-0.22141968041231014,-0.22141968041231014,-0.9577102438676178,0.1387075718015666,3065
2025-02-20,000006.SZ,low_volatility_20,-0.037387802135452154,-0.037387802135452154,-1.2277008528822038,0.12704114957544088,3063
2025-02-20,000006.SZ,momentum_20,0.0,0.0,-0.5917823716664026,0.23612018288700196,3063
2025-02-20,000006.SZ,momentum_60_skip_5,-0.11742892459826948,-0.11742892459826948,-0.8439404082442081,0.11782178217821782,3031
2025-02-20,000006.SZ,overnight_reversal_5,0.008716181221321036,0.008716181221321036,0.34344109167332304,0.7237227465017898,3074
2025-02-20,000006.SZ,reversal_5,0.05042016806722682,0.05042016806722682,1.1639957824804574,0.9505369345916043,3074
2025-02-20,000007.SZ,amihud_illiquidity_20,-15.305687931421748,-15.305687931421748,0.68180165581334,0.7188112344872633,3063
2025-02-20,000007.SZ,amount_change_5_20,-0.2216410339491065,-0.2216410339491065,-0.9584420713903573,0.13838120104438642,3065
2025-02-20,000007.SZ,low_volatility_20,-0.009840104843840297,-0.009840104843840297,1.0799549806070374,0.9183540169823645,3063
2025-02-20,000007.SZ,momentum_20,-0.06392045454545459,-0.06392045454545459,-1.1634254507557715,0.05519268451992162,3063
2025-02-20,000007.SZ,momentum_60_skip_5,-0.05225988700564976,-0.05225988700564976,-0.4383268477461993,0.3603960396039604,3031
2025-02-20,000007.SZ,overnight_reversal_5,-0.004556188838714847,-0.004556188838714847,-0.25644816892558586,0.28018223234624146,3074
2025-02-20,000007.SZ,reversal_5,0.01788375558867361,0.01788375558867361,0.5512238180017194,0.7230719166937846,3074
2025-02-20,000008.SZ,amihud_illiquidity_20,-16.128259486160857,-16.128259486160857,-0.1333017782764149,0.41018941868060094,3063
2025-02-20,000008.SZ,amount_change_5_20,0.5077119993300416,0.5077119993300416,1.4529069012635885,0.9131853785900783,3065
2025-02-20,000008.SZ,low_volatility_20,-0.030091443294412403,-0.030091443294412403,-0.6164887844280061,0.232527759634226,3063
2025-02-20,000008.SZ,momentum_20,0.07407407407407374,0.07407407407407374,0.0706649166939491,0.6521881123448726,3063
2025-02-20,000008.SZ,momentum_60_skip_5,0.07843137254901977,0.07843137254901977,0.37509850073466017,0.768976897689769,3031
2025-02-20,000008.SZ,overnight_reversal_5,-0.013569468220533655,-0.013569468220533655,-0.6638335476840845,0.13179303612105434,3074
2025-02-20,000008.SZ,reversal_5,-0.05454545454545445,-0.05454545454545445,-0.8128660123933285,0.14936544093719492,3074
2025-02-20,000009.SZ,amihud_illiquidity_20,-16.65520782989814,-16.65520782989814,-0.6554659621623921,0.24134552580013063,3063
2025-02-20,000009.SZ,amount_change_5_20,0.3288019692488056,0.3288019692488056,0.8614038875662998,0.8315926892950392,3065
2025-02-20,000009.SZ,low_volatility_20,-0.014319280620169657,-0.014319280620169657,0.7047368271602326,0.7184846505551927,3063
2025-02-20,000009.SZ,momentum_20,0.012775842044134844,0.012775842044134844,-0.4775275257645285,0.3115610711952972,3063
2025-02-20,000009.SZ,momentum_60_skip_5,-0.09342915811088282,-0.09342915811088282,-0.694565320078534,0.18085808580858087,3031
2025-02-20,000009.SZ,overnight_reversal_5,0.013608677035755638,0.013608677035755638,0.5645738421412899,0.8223234624145785,3074
2025-02-20,000009.SZ,reversal_5,0.012457531143827971,0.012457531143827971,0.44902944685024865,0.6560364464692483,3074
2025-02-20,000010.SZ,amihud_illiquidity_20,-15.32707193609252,-15.32707193609252,0.6606117963520977,0.7119529719137818,3063
2025-02-20,000010.SZ,amount_change_5_20,-0.19085657264417777,-0.19085657264417777,-0.8566640904205655,0.1671018276762402,3065
2025-02-20,000010.SZ,low_volatility_20,-0.024822044775367355,-0.024822044775367355,-0.17507409547117186,0.3465055519268452,3063
2025-02-20,000010.SZ,momentum_20,-0.06000000000000005,-0.06000000000000005,-1.1283646752382903,0.060418027433050296,3063
2025-02-20,000010.SZ,momentum_60_skip_5,0.06834532374100744,0.06834532374100744,0.3123227053646533,0.7495049504950495,3031
2025-02-20,000010.SZ,overnight_reversal_5,0.02480499388774479,0.02480499388774479,1.0706289180161648,0.9280833062154247,3074
2025-02-20,000010.SZ,reversal_5,0.05050505050505061,0.05050505050505061,1.1655944091947366,0.9508623494956069,3074
2025-02-20,000011.SZ,amihud_illiquidity_20,-15.116073351343607,-15.116073351343607,0.8696947266164009,0.7968647942521228,3063
2025-02-20,000011.SZ,amount_change_5_20,-0.06524614247812884,-0.06524614247812884,-0.44137743510395455,0.31592689295039167,3065
2025-02-20,000011.SZ,low_volatility_20,-0.014737481047527059,-0.014737481047527059,0.6697044015624365,0.7021554539516656,3063
2025-02-20,000011.SZ,momentum_20,-0.00715137067938032,-0.00715137067938032,-0.6557373542137083,0.1992161985630307,3063
2025-02-20,000011.SZ,momentum_60_skip_5,-0.08896034297963562,-0.08896034297963562,-0.666751313864058,0.1957095709570957,3031
2025-02-20,000011.SZ,overnight_reversal_5,-0.0023215164576441895,-0.0023215164576441895,-0.15544465890458395,0.34754311747478034,3074
2025-02-20,000011.SZ,reversal_5,0.020000000000000018,0.020000000000000018,0.5910799406182008,0.7536609176700293,3074
2025-02-20,000012.SZ,amihud_illiquidity_20,-16.196106291610597,-16.196106291610597,-0.20053260311528565,0.3886348791639451,3063
2025-02-20,000012.SZ,amount_change_5_20,0.025217473183799268,0.025217473183799268,-0.14229134546612285,0.4699738903394256,3065
2025-02-20,000012.SZ,low_volatility_20,-0.010019142326448434,-0.010019142326448434,1.0649571066729535,0.9134552580013063,3063
2025-02-20,000012.SZ,momentum_20,-0.023715415019762598,-0.023715415019762598,-0.8038702386908617,0.13128674069235793,3063
2025-02-20,000012.SZ,momentum_60_skip_5,-0.08043875685557578,-0.08043875685557578,-0.6137127695406448,0.23102310231023102,3031
2025-02-20,000012.SZ,overnight_reversal_5,-0.009819827083902185,-0.009819827083902185,-0.4943559458096365,0.18060527172144483,3074
2025-02-20,000012.SZ,reversal_5,0.017892644135188873,0.017892644135188873,0.5513912197431716,0.7233973315977872,3074
2025-02-21,000001.SZ,amihud_illiquidity_20,-19.058842017059835,-18.864728817031143,-2.837889811747914,0.0,3064
2025-02-21,000001.SZ,amount_change_5_20,0.2269403074965569,0.2269403074965569,0.45245251986320006,0.7278067885117493,3065
2025-02-21,000001.SZ,low_volatility_20,-0.009871082155099447,-0.009871082155099447,1.0837360125976125,0.9174012406137774,3064
2025-02-21,000001.SZ,momentum_20,0.006050129645635227,0.006050129645635227,-0.4568011378946368,0.34084231145935356,3064
2025-02-21,000001.SZ,momentum_60_skip_5,-0.0077319587628867925,-0.0077319587628867925,-0.03066101696209107,0.6126690861101947,3032
2025-02-21,000001.SZ,overnight_reversal_5,-0.004342921215535295,-0.004342921215535295,-0.13902135836257903,0.3229166666666667,3073
2025-02-21,000001.SZ,reversal_5,-0.007792207792207906,-0.007792207792207906,0.14721641320989173,0.427734375,3073
2025-02-21,000002.SZ,amihud_illiquidity_20,-18.117144413193703,-18.117144413193703,-2.097237495232948,0.03330068560235064,3064
2025-02-21,000002.SZ,amount_change_5_20,-0.4034947085797507,-0.4034947085797507,-1.666019732394545,0.044712793733681463,3065
2025-02-21,000002.SZ,low_volatility_20,-0.039338448930000644,-0.039338448930000644,-1.3845740002421778,0.10969637610186092,3064
2025-02-21,000002.SZ,momentum_20,0.10755813953488369,0.10755813953488369,0.3513098289245667,0.7636304276852759,3064
2025-02-21,000002.SZ,momentum_60_skip_5,-0.10844748858447495,-0.10844748858447495,-0.6942041795942652,0.18310788518640714,3032
2025-02-21,000002.SZ,overnight_reversal_5,0.022142334467826777,0.022142334467826777,0.9692025765038478,0.9212239583333334,3073
2025-02-21,000002.SZ,reversal_5,0.02432778489116527,0.02432778489116527,0.7186099158162661,0.8284505208333334,3073
2025-02-21,000004.SZ,amihud_illiquidity_20,-15.073397468369466,-15.073397468369466,0.9182858543681582,0.8155403199477637,3064
2025-02-21,000004.SZ,amount_change_5_20,-0.2880442575951281,-0.2880442575951281,-1.2780676506022446,0.08257180156657963,3065
2025-02-21,000004.SZ,low_volatility_20,-0.04957493316552484,-0.04957493316552484,-2.2420247771586284,0.037544890630101205,3064
2025-02-21,000004.SZ,momentum_20,-0.01471670345842524,-0.01471670345842524,-0.6221270623788765,0.2226575253019915,3064
2025-02-21,000004.SZ,momentum_60_skip_5,-0.24026696329254726,-0.24026696329254726,-1.562669165076153,0.019465522929726163,3032
2025-02-21,000004.SZ,overnight_reversal_5,-0.005839432651559318,-0.005839432651559318,-0.20163996442893445,0.2858072916666667,3073
2025-02-21,000004.SZ,reversal_5,0.019765739385065872,0.019765739385065872,0.6374541326728543,0.7747395833333334,3073
2025-02-21,000006.SZ,amihud_illiquidity_20,-16.08219919036086,-16.08219919036086,-0.08116160395480038,0.4286647078028077,3064
2025-02-21,000006.SZ,amount_change_5_20,-0.17800332118562354,-0.17800332118562354,-0.9082933448429056,0.15241514360313316,3065
2025-02-21,000006.SZ,low_volatility_20,-0.03751536798387193,-0.03751536798387193,-1.231865107455064,0.13091740124061377,3064
2025-02-21,000006.SZ,momentum_20,-0.03202328966521106,-0.03202328966521106,-0.7599057670068639,0.1465883121123082,3064
2025-02-21,000006.SZ,momentum_60_skip_5,-0.11668757841907151,-0.11668757841907151,-0.7484922847048383,0.1583635763774332,3032
2025-02-21,000006.SZ,overnight_reversal_5,-0.00868135559697614,-0.00868135559697614,-0.3205546944511751,0.21940104166666666,3073
2025-02-21,000006.SZ,reversal_5,0.05539772727272718,0.05539772727272718,1.2713237155416557,0.9684244791666666,3073
2025-02-21,000007.SZ,amihud_illiquidity_20,-15.227633226212632,-15.227633226212632,0.7654802704774296,0.7548155403199478,3064
2025-02-21,000007.SZ,amount_change_5_20,-0.23938103125709706,-0.23938103125709706,-1.1145429540457659,0.10607049608355092,3065
2025-02-21,000007.SZ,low_volatility_20,-0.009948167539490998,-0.009948167539490998,1.0772790180656366,0.9138099902056807,3064
2025-02-21,000007.SZ,momentum_20,-0.08333333333333326,-0.08333333333333326,-1.1683879059180866,0.048645119164218084,3064
2025-02-21,000007.SZ,momentum_60_skip_5,-0.049857549857549865,-0.049857549857549865,-0.308196646196412,0.4430880897393599,3032
2025-02-21,000007.SZ,overnight_reversal_5,-0.012114803812641472,-0.012114803812641472,-0.4642206472067323,0.16569010416666666,3073
2025-02-21,000007.SZ,reversal_5,0.026986506746626615,0.026986506746626615,0.7659068255143363,0.8557942708333334,3073
2025-02-21,000008.SZ,amihud_illiquidity_20,-16.14376852747268,-16.14376852747268,-0.14216003025166052,0.4100555011426706,3064
2025-02-21,000008.SZ,amount_change_5_20,0.5856824782878821,0.5856824782878821,1.657946052354649,0.9317885117493473,3065
2025-02-21,000008.SZ,low_volatility_20,-0.0300808336665336,-0.0300808336665336,-0.6091173866808598,0.24126673196212864,3064
2025-02-21,000008.SZ,momentum_20,0.06985294117647056,0.06985294117647056,0.05113662749177611,0.6490368919360104,3064
2025-02-21,000008.SZ,momentum_60_skip_5,0.034482758620689724,0.034482758620689724,0.24746180214973992,0.7278126031012867,3032
2025-02-21,000008.SZ,overnight_reversal_5,-0.006813752278136237,-0.006813752278136237,-0.2424084713782921,0.2604166666666667,3073
2025-02-21,000008.SZ,reversal_5,-0.07777777777777772,-0.07777777777777772,-1.097780756003619,0.119140625,3073
2025-02-21,000009.SZ,amihud_illiquidity_20,-16.673942848253365,-16.673942848253365,-0.6674182309676144,0.23734900424420502,3064
2025-02-21,000009.SZ,amount_change_5_20,0.21036070307299423,0.21036070307299423,0.3967395105457165,0.7033289817232375,3065
2025-02-21,000009.SZ,low_volatility_20,-0.01430446871989709,-0.01430446871989709,0.7123769925578548,0.7238001958863859,3064
2025-02-21,000009.SZ,momentum_20,0.01156069364161838,0.01156069364161838,-0.4129312284818555,0.36859288279464575,3064
2025-02-21,000009.SZ,momentum_60_skip_5,-0.07991803278688525,-0.07991803278688525,-0.5062438386057222,0.2975915539425932,3032
2025-02-21,000009.SZ,overnight_reversal_5,0.009068374116972429,0.009068374116972429,0.422148171685951,0.7669270833333334,3073
2025-02-21,000009.SZ,reversal_5,0.025612472160356448,0.025612472160356448,0.741463655720041,0.8430989583333334,3073
2025-02-21,000010.SZ,amihud_illiquidity_20,-15.346772491763177,-15.346772491763177,0.6474457414463892,0.7078028077048645,3064
2025-02-21,000010.SZ,amount_change_5_20,-0.22613650748354405,-0.22613650748354405,-1.0700369298035401,0.11618798955613577,3065
2025-02-21,000010.SZ,low_volatility_20,-0.024519601026662705,-0.024519601026662705,-0.14328525741111386,0.3584720861900098,3064
2025-02-21,000010.SZ,momentum_20,-0.03741496598639449,-0.03741496598639449,-0.8028292049645341,0.13026444662095985,3064
2025-02-21,000010.SZ,momentum_60_skip_5,0.010563380281690238,0.010563380281690238,0.08987399042526434,0.6674364896073903,3032
2025-02-21,000010.SZ,overnight_reversal_5,0.02835739549211256,0.02835739549211256,1.2292596990822704,0.9459635416666666,3073
2025-02-21,000010.SZ,reversal_5,0.013937282229965153,0.013937282229965153,0.533769720865123,0.7057291666666666,3073
2025-02-21,000011.SZ,amihud_illiquidity_20,-15.082536560760133,-15.082536560760133,0.9092315055678807,0.8126020241593209,3064
2025-02-21,000011.SZ,amount_change_5_20,-0.12676782376697288,-0.12676782376697288,-0.7361249581825792,0.2010443864229765,3065
2025-02-21,000011.SZ,low_volatility_20,-0.01484432634711312,-0.01484432634711312,0.6671562574665796,0.6976820111002285,3064
2025-02-21,000011.SZ,momentum_20,-0.01314217443249699,-0.01314217443249699,-0.6095921483872019,0.23277832190662748,3064
2025-02-21,000011.SZ,momentum_60_skip_5,-0.1103017689906346,-0.1103017689906346,-0.7064207174736729,0.17551963048498845,3032
2025-02-21,000011.SZ,overnight_reversal_5,-0.002345497560536248,-0.002345497560536248,-0.05544305619316129,0.3844401041666667,3073
2025-02-21,000011.SZ,reversal_5,0.0339181286549709,0.0339181286549709,0.8892158112913524,0.9029947916666666,3073
2025-02-21,000012.SZ,amihud_illiquidity_20,-16.19136318564896,-16.19136318564896,-0.18931335989718492,0.39275220372184133,3064
2025-02-21,000012.SZ,amount_change_5_20,-0.08602022557138451,-0.08602022557138451,-0.5991994164181712,0.2516318537859008,3065
2025-02-21,000012.SZ,low_volatility_20,-0.010021739226789533,-0.010021739226789533,1.0711163455130566,0.9121776036565459,3064
2025-02-21,000012.SZ,momentum_20,-0.023622047244094446,-0.023622047244094446,-0.6930230043281508,0.178256611165524,3064
2025-02-21,000012.SZ,momentum_60_skip_5,-0.0784671532846718,-0.0784671532846718,-0.4966850230466687,0.30649950511382384,3032
2025-02-21,000012.SZ,overnight_reversal_5,1.577398611363537e-05,1.577398611363537e-05,0.04335975228266329,0.4781901041666667,3073
2025-02-21,000012.SZ,reversal_5,0.017821782178217727,0.017821782178217727,0.6028724150402457,0.7526041666666666,3073
2025-02-24,000001.SZ,amihud_illiquidity_20,-19.150110364413706,-18.88287878105984,-2.8443894887615793,0.0,3064
2025-02-24,000001.SZ,amount_change_5_20,0.04142617127516763,0.04142617127516763,-0.15492623803454347,0.4587006203068887,3064
2025-02-24,000001.SZ,low_volatility_20,-0.009613954944403369,-0.009613954944403369,1.1118119461904956,0.931439764936337,3064
2025-02-24,000001.SZ,momentum_20,0.012227074235807933,0.012227074235807933,-0.4420147469722182,0.34084231145935356,3064
2025-02-24,000001.SZ,momentum_60_skip_5,0.016393442622950838,0.016393442622950838,0.07970461793570101,0.6762376237623763,3031
2025-02-24,000001.SZ,overnight_reversal_5,0.0008362157016998999,0.0008362157016998999,-0.02096417757158752,0.4480963228115848,3074
2025-02-24,000001.SZ,reversal_5,0.016129032258064502,0.016129032258064502,0.4973327353013144,0.7015945330296127,3074
2025-02-24,000002.SZ,amihud_illiquidity_20,-18.135042875786564,-18.135042875786564,-2.10288539765041,0.0326477309826967,3064
2025-02-24,000002.SZ,amount_change_5_20,-0.3051632960796113,-0.3051632960796113,-1.34254726736229,0.07378387202089455,3064
2025-02-24,000002.SZ,low_volatility_20,-0.03828204705931893,-0.03828204705931893,-1.2823051929029763,0.12144955925563174,3064
2025-02-24,000002.SZ,momentum_20,0.17948717948717974,0.17948717948717974,0.900348427186043,0.871041462618348,3064
2025-02-24,000002.SZ,momentum_60_skip_5,-0.11520737327188935,-0.11520737327188935,-0.7442359043322857,0.1561056105610561,3031
2025-02-24,000002.SZ,overnight_reversal_5,0.009194599927542693,0.009194599927542693,0.3420940438546372,0.7286039700618289,3074
2025-02-24,000002.SZ,reversal_5,-0.01822916666666652,-0.01822916666666652,-0.15931519395148913,0.2931988285063456,3074
2025-02-24,000004.SZ,amihud_illiquidity_20,-15.072345212585448,-15.072345212585448,0.9338808649568481,0.8204374795951681,3064
2025-02-24,000004.SZ,amount_change_5_20,-0.2498722252107939,-0.2498722252107939,-1.1530872730958113,0.10284035259549461,3064
2025-02-24,000004.SZ,low_volatility_20,-0.05042271447805952,-0.05042271447805952,-2.2961912872663284,0.034280117531831536,3064
2025-02-24,000004.SZ,momentum_20,-0.03909774436090241,-0.03909774436090241,-0.8539273563839714,0.1168788769180542,3064
2025-02-24,000004.SZ,momentum_60_skip_5,-0.2417400881057269,-0.2417400881057269,-1.5364455151563323,0.015511551155115511,3031
2025-02-24,000004.SZ,overnight_reversal_5,0.10544349976641723,0.07238648230873575,3.086922686088754,0.9902375528799219,3074
2025-02-24,000004.SZ,reversal_5,0.07189542483660127,0.07189542483660127,1.5631303427025807,0.982753010087862,3074
2025-02-24,000006.SZ,amihud_illiquidity_20,-16.07341626811579,-16.07341626811579,-0.05871427247169085,0.43682664054848186,3064
2025-02-24,000006.SZ,amount_change_5_20,-0.20256436253119406,-0.20256436253119406,-0.9909824838197694,0.1374469474371531,3064
2025-02-24,000006.SZ,low_volatility_20,-0.037694459990043554,-0.037694459990043554,-1.2332348792028898,0.1305909239307868,3064
2025-02-24,000006.SZ,momentum_20,-0.04117647058823548,-0.04117647058823548,-0.8706103874781778,0.11230819458047665,3064
2025-02-24,000006.SZ,momentum_60_skip_5,-0.12267657992565051,-0.12267657992565051,-0.7909999155535018,0.13597359735973596,3031
2025-02-24,000006.SZ,overnight_reversal_5,0.001900753733560719,0.001900753733560719,0.025275535038536256,0.47966156849983727,3074
2025-02-24,000006.SZ,reversal_5,0.07909604519774027,0.07909604519774027,1.7007473481758826,0.9882850634559063,3074
2025-02-24,000007.SZ,amihud_illiquidity_20,-15.168480074807073,-15.168480074807073,0.8385599621584,0.7845249755142018,3064
2025-02-24,000007.SZ,amount_change_5_20,-0.1030430075164327,-0.1030430075164327,-0.6499633092187809,0.23734900424420502,3064
2025-02-24,000007.SZ,low_volatility_20,-0.011089369517446641,-0.011089369517446641,0.9885977712662645,0.8726738491674828,3064
2025-02-24,000007.SZ,momentum_20,-0.06901408450704216,-0.06901408450704216,-1.0940240205431675,0.0623571661769507,3064
2025-02-24,000007.SZ,momentum_60_skip_5,-0.05531914893617018,-0.05531914893617018,-0.36928127733130295,0.3966996699669967,3031
2025-02-24,000007.SZ,overnight_reversal_5,-0.007578769248221545,-0.007578769248221545,-0.38648093137203543,0.2056622193296453,3074
2025-02-24,000007.SZ,reversal_5,0.007507507507507505,0.007507507507507505,0.3325596519724313,0.5740318906605922,3074
2025-02-24,000008.SZ,amihud_illiquidity_20,-16.18473542874587,-16.18473542874587,-0.16909091050714803,0.39928174991838067,3064
2025-02-24,000008.SZ,amount_change_5_20,0.5662175037745015,0.5662175037745015,1.6433200481030519,0.9363369245837414,3064
2025-02-24,000008.SZ,low_volatility_20,-0.029878807008679332,-0.029878807008679332,-0.5805374942187063,0.24485798237022527,3064
2025-02-24,000008.SZ,momentum_20,0.08550185873605942,0.08550185873605942,0.14605957092740793,0.6862553052562846,3064
2025-02-24,000008.SZ,momentum_60_skip_5,0.07722007722007729,0.07722007722007729,0.46053454468789046,0.7920792079207921,3031
2025-02-24,000008.SZ,overnight_reversal_5,0.0005663550194862244,0.0005663550194862244,-0.03268595736419876,0.44223885453953793,3074
2025-02-24,000008.SZ,reversal_5,-0.04659498207885293,-0.04659498207885293,-0.701437730490278,0.16758867556134072,3074
2025-02-24,000009.SZ,amihud_illiquidity_20,-16.661306235257317,-16.661306235257317,-0.6416266636591099,0.2435520731309174,3064
2025-02-24,000009.SZ,amount_change_5_20,0.16224150062183215,0.16224150062183215,0.25905871913203793,0.653281096963761,3064
2025-02-24,000009.SZ,low_volatility_20,-0.014398225014971042,-0.014398225014971042,0.7122700817342066,0.7293503101534443,3064
2025-02-24,000009.SZ,momentum_20,0.01847575057736739,0.01847575057736739,-0.3918653524376564,0.37936663401893567,3064
2025-02-24,000009.SZ,momentum_60_skip_5,-0.08247422680412353,-0.08247422680412353,-0.5392967053407168,0.2742574257425743,3031
2025-02-24,000009.SZ,overnight_reversal_5,0.0011406976750656522,0.0011406976750656522,-0.007738573110293362,0.4575333550276603,3074
2025-02-24,000009.SZ,reversal_5,0.008988764044943864,0.008988764044943864,0.3608691695967571,0.5958346892287667,3074
2025-02-24,000010.SZ,amihud_illiquidity_20,-15.305171442711767,-15.305171442711767,0.7030259395122497,0.7260855370551746,3064
2025-02-24,000010.SZ,amount_change_5_20,-0.12225784862998569,-0.12225784862998569,-0.7158047485325952,0.2148220698661443,3064
2025-02-24,000010.SZ,low_volatility_20,-0.02608789721534721,-0.02608789721534721,-0.26395269769324514,0.3232125367286974,3064
2025-02-24,000010.SZ,momentum_20,0.006849315068493178,0.006849315068493178,-0.48517450616791036,0.3108063989552726,3064
2025-02-24,000010.SZ,momentum_60_skip_5,0.050000000000000044,0.050000000000000044,0.29011216175367704,0.7504950495049505,3031
2025-02-24,000010.SZ,overnight_reversal_5,0.021339650034375518,0.021339650034375518,0.8696314448377201,0.9004230393752034,3074
2025-02-24,000010.SZ,reversal_5,-0.0,0.0,0.1890774726691903,0.4480963228115848,3074
2025-02-24,000011.SZ,amihud_illiquidity_20,-15.03562255479187,-15.03562255479187,0.9702925975286664,0.8325171400587659,3064
2025-02-24,000011.SZ,amount_change_5_20,-0.21675831954042685,-0.21675831954042685,-1.0396193970017948,0.12504080966372838,3064
2025-02-24,000011.SZ,low_volatility_20,-0.015102575637915417,-0.015102575637915417,0.6534486613354303,0.6957231472412667,3064
2025-02-24,000011.SZ,momentum_20,-0.0035756853396902155,-0.0035756853396902155,-0.5688414189532319,0.25367286973555336,3064
2025-02-24,000011.SZ,momentum_60_skip_5,-0.11260330578512401,-0.11260330578512401,-0.7279320789306177,0.16237623762376238,3031
2025-02-24,000011.SZ,overnight_reversal_5,-0.003594971219835939,-0.003594971219835939,-0.2134390386297645,0.30100878620240806,3074
2025-02-24,000011.SZ,reversal_5,0.02677532013969741,0.02677532013969741,0.7008027398559317,0.8259030263586072,3074
2025-02-24,000012.SZ,amihud_illiquidity_20,-16.183137614361158,-16.183137614361158,-0.16750662457657625,0.3999347045380346,3064
2025-02-24,000012.SZ,amount_change_5_20,-0.11789626747797143,-0.11789626747797143,-0.7008593852565976,0.22069866144302971,3064
2025-02-24,000012.SZ,low_volatility_20,-0.010066027181504074,-0.010066027181504074,1.0740586877381126,0.9170747633039503,3064
2025-02-24,000012.SZ,momentum_20,-0.0216110019646365,-0.0216110019646365,-0.7135857071098579,0.17531831537708129,3064
2025-02-24,000012.SZ,momentum_60_skip_5,-0.0840950639853747,-0.0840950639853747,-0.5494446168452976,0.26633663366336635,3031
2025-02-24,000012.SZ,overnight_reversal_5,1.577398611363537e-05,1.577398611363537e-05,-0.0566012220046095,0.4201106410673609,3074
2025-02-24,000012.SZ,reversal_5,0.0059880239520957446,0.0059880239520957446,0.3035195462212352,0.5473478685323788,3074
2025-02-25,000001.SZ,amihud_illiquidity_20,-19.079471292776486,-18.857293599052415,-2.8471202227823817,0.0,3062
2025-02-25,000001.SZ,amount_change_5_20,-0.1737612926780954,-0.1737612926780954,-0.822230319749908,0.186152841280209,3063
2025-02-25,000001.SZ,low_volatility_20,-0.009903637164081283,-0.009903637164081283,1.0833854208344331,0.9248611564848089,3062
2025-02-25,000001.SZ,momentum_20,0.004378283712784814,0.004378283712784814,-0.38190186933248094,0.3995426331264293,3062
2025-02-25,000001.SZ,momentum_60_skip_5,0.0469858156028371,0.0469858156028371,0.19919945760076005,0.7203697589963685,3030
2025-02-25,000001.SZ,overnight_reversal_5,0.0017287740561691654,0.0017287740561691654,-0.335120593305896,0.271572777596874,3072
2025-02-25,000001.SZ,reversal_5,0.0287891617273498,0.0287891617273498,0.9597617022932512,0.9065450993161837,3072
2025-02-25,000002.SZ,amihud_illiquidity_20,-18.14804475556151,-18.14804475556151,-2.135629612562821,0.031035609278013722,3062
2025-02-25,000002.SZ,amount_change_5_20,-0.3104522831550967,-0.3104522831550967,-1.2847182415464922,0.07968647942521227,3063
2025-02-25,000002.SZ,low_volatility_20,-0.038285518065324195,-0.038285518065324195,-1.2822623757425387,0.12512250898399216,3062
2025-02-25,000002.SZ,momentum_20,0.12116788321167893,0.12116788321167893,0.5576516721553877,0.8226069911793531,3062
2025-02-25,000002.SZ,momentum_60_skip_5,-0.10688836104513066,-0.10688836104513066,-0.7665149976485951,0.14724331462528886,3030
2025-02-25,000002.SZ,overnight_reversal_5,0.012964367138354943,0.012964367138354943,0.1416589520170195,0.6326929338977532,3072
2025-02-25,000002.SZ,reversal_5,-0.021276595744680993,-0.021276595744680993,0.059377470995030504,0.40345164441549985,3072
2025-02-25,000004.SZ,amihud_illiquidity_20,-15.435224921666189,-15.435224921666189,0.5857647989300245,0.6847435478601764,3062
2025-02-25,000004.SZ,amount_change_5_20,-0.17892773509441803,-0.17892773509441803,-0.8397107492051968,0.1806009144350098,3063
2025-02-25,000004.SZ,low_volatility_20,-0.04514054781603864,-0.04514054781603864,-1.8536334586413137,0.06435805292388108,3062
2025-02-25,000004.SZ,momentum_20,0.10275689223057638,0.10275689223057638,0.40953821125804213,0.7860176412936949,3062
2025-02-25,000004.SZ,momentum_60_skip_5,-0.23457508731082655,-0.23457508731082655,-1.5678769934326913,0.020468801584681413,3030
2025-02-25,000004.SZ,overnight_reversal_5,0.10387977779023447,0.08465630886643652,3.183888332380272,0.9902311950504722,3072
2025-02-25,000004.SZ,reversal_5,-0.0038022813688212143,-0.0038022813688212143,0.3736361162489552,0.5799413871703029,3072
2025-02-25,000006.SZ,amihud_illiquidity_20,-16.198270979260602,-16.198270979260602,-0.17969306557820586,0.3975824893825547,3062
2025-02-25,000006.SZ,amount_change_5_20,-0.23427052332771087,-0.23427052332771087,-1.026960625931714,0.13096015676028738,3063
2025-02-25,000006.SZ,low_volatility_20,-0.029257160125018455,-0.029257160125018455,-0.5297430081041111,0.2571055210715453,3062
2025-02-25,000006.SZ,momentum_20,-0.14304812834224612,-0.14304812834224612,-1.5679236396739893,0.011760862463247305,3062
2025-02-25,000006.SZ,momentum_60_skip_5,-0.18181818181818188,-0.18181818181818188,-1.2367746125242316,0.04456916474083856,3030
2025-02-25,000006.SZ,overnight_reversal_5,0.014246589555859985,0.014246589555859985,0.19606973538636288,0.6675350048844024,3072
2025-02-25,000006.SZ,reversal_5,0.037537537537537524,0.037537537537537524,1.117092780992385,0.9446434386193422,3072
2025-02-25,000007.SZ,amihud_illiquidity_20,-15.084664144144892,-15.084664144144892,0.9374336156037735,0.8193400849395622,3062
2025-02-25,000007.SZ,amount_change_5_20,-0.059642438811723465,-0.059642438811723465,-0.4361142240343925,0.3256041802743305,3063
2025-02-25,000007.SZ,low_volatility_20,-0.011320185925472378,-0.011320185925472378,0.9653151820159083,0.8654034629206142,3062
2025-02-25,000007.SZ,momentum_20,-0.10292072322670376,-0.10292072322670376,-1.2451051203127403,0.03462920614178373,3062
2025-02-25,000007.SZ,momentum_60_skip_5,-0.032496307237813826,-0.032496307237813826,-0.2996304086783995,0.44073951799273686,3030
2025-02-25,000007.SZ,overnight_reversal_5,-0.010586290312176875,-0.010586290312176875,-0.857707229117043,0.08270921523933572,3072
2025-02-25,000007.SZ,reversal_5,0.015267175572518998,0.015267175572518998,0.7165818579366755,0.8111364376424618,3072
2025-02-25,000008.SZ,amihud_illiquidity_20,-16.205571427327527,-16.205571427327527,-0.18701658862330073,0.3952956550147011,3062
2025-02-25,000008.SZ,amount_change_5_20,0.5655142647194679,0.5655142647194679,1.6790758379030888,0.9392553886348791,3063
2025-02-25,000008.SZ,low_volatility_20,-0.02977532306509607,-0.02977532306509607,-0.5729322182106469,0.24828487422410978,3062
2025-02-25,000008.SZ,momentum_20,0.09022556390977421,0.09022556390977421,0.30872569067509076,0.7523685070238484,3062
2025-02-25,000008.SZ,momentum_60_skip_5,0.08032128514056214,0.08032128514056214,0.4084128909811736,0.7821063057114559,3030
2025-02-25,000008.SZ,overnight_reversal_5,0.0073028010446071455,0.0073028010446071455,-0.09858817052006537,0.4412243568870075,3072
2025-02-25,000008.SZ,reversal_5,-0.07806691449814118,-0.07806691449814118,-0.9619414918625805,0.12797134483881473,3072
2025-02-25,000009.SZ,amihud_illiquidity_20,-16.656315937123303,-16.656315937123303,-0.639185794496424,0.24567134923227704,3062
2025-02-25,000009.SZ,amount_change_5_20,0.015210059197211707,0.015210059197211707,-0.182854107002319,0.4395819725669497,3063
2025-02-25,000009.SZ,low_volatility_20,-0.014740858771551799,-0.014740858771551799,0.6801999280517466,0.7063051290427965,3062
2025-02-25,000009.SZ,momentum_20,-0.0034403669724769603,-0.0034403669724769603,-0.44480165640696107,0.3466187520418164,3062
2025-02-25,000009.SZ,momentum_60_skip_5,-0.05775401069518704,-0.05775401069518704,-0.45814777570217347,0.3205678441729944,3030
2025-02-25,000009.SZ,overnight_reversal_5,0.010231832068866666,0.010231832068866666,0.02570451877262048,0.5424943015304461,3072
2025-02-25,000009.SZ,reversal_5,0.01362088535754824,0.01362088535754824,0.6869749204898924,0.7932269619016606,3072
2025-02-25,000010.SZ,amihud_illiquidity_20,-15.31768481434957,-15.31768481434957,0.703676422540653,0.7304802352172493,3062
2025-02-25,000010.SZ,amount_change_5_20,-0.034203459925438134,-0.034203459925438134,-0.3500425638855488,0.3634879163945134,3063
2025-02-25,000010.SZ,low_volatility_20,-0.026046978566443484,-0.026046978566443484,-0.2621723366225624,0.32375040836327995,3062
2025-02-25,000010.SZ,momentum_20,0.010344827586207028,0.010344827586207028,-0.3339019836340145,0.43319176739627574,3062
2025-02-25,000010.SZ,momentum_60_skip_5,0.04814814814814805,0.04814814814814805,0.20649425758127637,0.7240013205678442,3030
2025-02-25,000010.SZ,overnight_reversal_5,0.028165615104775388,0.028165615104775388,0.7867200574483023,0.8710517746662325,3072
2025-02-25,000010.SZ,reversal_5,-0.035335689045936425,-0.035335689045936425,-0.19346172597252856,0.29762292412894825,3072
2025-02-25,000011.SZ,amihud_illiquidity_20,-15.069988371568678,-15.069988371568678,0.9521557748029338,0.8248938255472068,3062
2025-02-25,000011.SZ,amount_change_5_20,-0.2517253188026639,-0.2517253188026639,-1.0860181545693,0.11430437622468975,3063
2025-02-25,000011.SZ,low_volatility_20,-0.014415284991410253,-0.014415284991410253,0.707336709376953,0.7229663508657301,3062
2025-02-25,000011.SZ,momentum_20,-0.031542056074766456,-0.031542056074766456,-0.6708752248679708,0.1904606337798105,3062
2025-02-25,000011.SZ,momentum_60_skip_5,-0.10162162162162158,-0.10162162162162158,-0.7334609368301221,0.16077913502806207,3030
2025-02-25,000011.SZ,overnight_reversal_5,0.0036079410742219462,0.0036079410742219462,-0.2553786170791523,0.3282318463041355,3072
2025-02-25,000011.SZ,reversal_5,0.002406738868832914,0.002406738868832914,0.4852993406976902,0.6619993487463367,3072
2025-02-25,000012.SZ,amihud_illiquidity_20,-16.24549166653718,-16.24549166653718,-0.22706300620445447,0.3776543613198301,3062
2025-02-25,000012.SZ,amount_change_5_20,-0.11185747879754519,-0.11185747879754519,-0.6127815028747734,0.2534291312867407,3063
2025-02-25,000012.SZ,low_volatility_20,-0.007337818923747178,-0.007337818923747178,1.2972480005480125,0.982358706305129,3062
2025-02-25,000012.SZ,momentum_20,0.0020283975659229903,0.0020283975659229903,-0.40080632538721905,0.38745508003920287,3062
2025-02-25,000012.SZ,momentum_60_skip_5,-0.06378986866791747,-0.06378986866791747,-0.4960288251483921,0.2931660614064048,3030
2025-02-25,000012.SZ,overnight_reversal_5,0.008023993300713751,0.008023993300713751,-0.06798455988360556,0.4666232497557799,3072
2025-02-25,000012.SZ,reversal_5,0.01002004008016033,0.01002004008016033,0.6222172004271137,0.7538261152718984,3072
2025-02-26,000001.SZ,amihud_illiquidity_20,-19.110864183542514,-18.907913647384213,-2.8891818890256453,0.0,3063
2025-02-26,000001.SZ,amount_change_5_20,-0.24824770172386487,-0.24824770172386487,-1.1555761012489671,0.10284035259549461,3064
2025-02-26,000001.SZ,low_volatility_20,-0.009750776099865407,-0.009750776099865407,1.1196564741293127,0.9369693011103853,3063
2025-02-26,000001.SZ,momentum_20,0.016769638128861564,0.016769638128861564,-0.4285329763299373,0.36087524493794904,3063
2025-02-26,000001.SZ,momentum_60_skip_5,0.047406082289803475,0.047406082289803475,0.16617941334027023,0.7184818481848185,3031
2025-02-26,000001.SZ,overnight_reversal_5,0.0008816753185172787,0.0008816753185172787,-0.2745138878978281,0.2937154021491371,3072
2025-02-26,000001.SZ,reversal_5,0.016225448334756698,0.016225448334756698,0.7440255346682445,0.841419732985998,3072
2025-02-26,000002.SZ,amihud_illiquidity_20,-18.161692488747825,-18.161692488747825,-2.1400276631030604,0.03200522534291313,3063
2025-02-26,000002.SZ,amount_change_5_20,-0.22508281688972076,-0.22508281688972076,-1.0753460894036453,0.1198171727064969,3064
2025-02-26,000002.SZ,low_volatility_20,-0.035007185871632214,-0.035007185871632214,-1.0131692702651542,0.16329196603527107,3063
2025-02-26,000002.SZ,momentum_20,0.06521739130434767,0.06521739130434767,-0.0393608801463146,0.5920966688438929,3063
2025-02-26,000002.SZ,momentum_60_skip_5,-0.08711217183770892,-0.08711217183770892,-0.6323392065781751,0.19933993399339933,3031
2025-02-26,000002.SZ,overnight_reversal_5,0.0064026093032138465,0.0064026093032138465,-0.030488679314662755,0.48583523282318464,3072
2025-02-26,000002.SZ,reversal_5,-0.024836601307189454,-0.024836601307189454,-0.040597684206472195,0.3500488440247476,3072
2025-02-26,000004.SZ,amihud_illiquidity_20,-15.435564945499346,-15.435564945499346,0.5968150889311291,0.6884389288047028,3063
2025-02-26,000004.SZ,amount_change_5_20,-0.08760059617793109,-0.08760059617793109,-0.599185716701513,0.25497877897486126,3064
2025-02-26,000004.SZ,low_volatility_20,-0.044411456618673524,-0.044411456618673524,-1.8073308687583498,0.06858262573481384,3063
2025-02-26,000004.SZ,momentum_20,0.11965065502183414,0.11965065502183414,0.39789174674679195,0.778902677988243,3063
2025-02-26,000004.SZ,momentum_60_skip_5,-0.25632377740303536,-0.25632377740303536,-1.6368022709153565,0.015841584158415842,3031
2025-02-26,000004.SZ,overnight_reversal_5,0.09789665877715062,0.0793114532124497,3.1920812503068654,0.9902311950504722,3072
2025-02-26,000004.SZ,reversal_5,0.030990173847316727,0.030990173847316727,1.0261533524095277,0.918593292087268,3072
2025-02-26,000006.SZ,amihud_illiquidity_20,-16.1560881623961,-16.1560881623961,-0.12654018794136537,0.4147615937295885,3063
2025-02-26,000006.SZ,amount_change_5_20,-0.040325930192140653,-0.040325930192140653,-0.43545310852410946,0.3238654913483513,3064
2025-02-26,000006.SZ,low_volatility_20,-0.030176672612604975,-0.030176672612604975,-0.6052473553693541,0.23905943827563683,3063
2025-02-26,000006.SZ,momentum_20,-0.12796833773087046,-0.12796833773087046,-1.591187129943147,0.015022860875244938,3063
2025-02-26,000006.SZ,momentum_60_skip_5,-0.15012722646310417,-0.15012722646310417,-1.0064051263295424,0.06930693069306931,3031
2025-02-26,000006.SZ,overnight_reversal_5,0.017308245498046944,0.017308245498046944,0.45154029523076056,0.7769456203191143,3072
2025-02-26,000006.SZ,reversal_5,0.010479041916167553,0.010479041916167553,0.6342218609492905,0.7925757082383589,3072
2025-02-26,000007.SZ,amihud_illiquidity_20,-15.0604799272976,-15.0604799272976,0.9733744014271306,0.8314826910516002,3063
2025-02-26,000007.SZ,amount_change_5_20,-0.039726424328621154,-0.039726424328621154,-0.43337676051392576,0.32615083251714005,3064
2025-02-26,000007.SZ,low_volatility_20,-0.011854583063078069,-0.011854583063078069,0.9419964783926179,0.8507511430437622,3063
2025-02-26,000007.SZ,momentum_20,-0.08555399719495094,-0.08555399719495094,-1.2504803534117257,0.03821032005225343,3063
2025-02-26,000007.SZ,momentum_60_skip_5,-0.06940509915014159,-0.06940509915014159,-0.5272276190320803,0.26831683168316833,3031
2025-02-26,000007.SZ,overnight_reversal_5,-0.007537507462818142,-0.007537507462818142,-0.6466416546869261,0.12829697167046564,3072
2025-02-26,000007.SZ,reversal_5,0.007610350076103556,0.007610350076103556,0.579406228384974,0.7661999348746337,3072
2025-02-26,000008.SZ,amihud_illiquidity_20,-16.24489445234523,-16.24489445234523,-0.21569553637113933,0.38112344872632264,3063
2025-02-26,000008.SZ,amount_change_5_20,0.457684638397094,0.457684638397094,1.2893728123937915,0.8978126020241594,3064
2025-02-26,000008.SZ,low_volatility_20,-0.029536184572664007,-0.029536184572664007,-0.5511601199741673,0.251796211626388,3063
2025-02-26,000008.SZ,momentum_20,0.13793103448275867,0.13793103448275867,0.5447347503443197,0.8154800783801437,3063
2025-02-26,000008.SZ,momentum_60_skip_5,0.20816326530612228,0.20816326530612228,1.1204558775775013,0.8877887788778878,3031
2025-02-26,000008.SZ,overnight_reversal_5,0.0073028010446071455,0.0073028010446071455,0.009299783664109072,0.5141647671768154,3072
2025-02-26,000008.SZ,reversal_5,-0.0033783783783782884,-0.0033783783783782884,0.36943104286749107,0.6193422338000651,3072
2025-02-26,000009.SZ,amihud_illiquidity_20,-16.71329297912531,-16.71329297912531,-0.6859351318208792,0.23154800783801438,3063
2025-02-26,000009.SZ,amount_change_5_20,-0.016465678053070556,-0.016465678053070556,-0.3528147390499671,0.36108390466862555,3064
2025-02-26,000009.SZ,low_volatility_20,-0.014888845633131854,-0.014888845633131854,0.685762382448485,0.7103200522534291,3063
2025-02-26,000009.SZ,momentum_20,0.01967592592592582,0.01967592592592582,-0.40518728865687775,0.37883736120182887,3063
2025-02-26,000009.SZ,momentum_60_skip_5,-0.05970149253731338,-0.05970149253731338,-0.4696256927287391,0.3141914191419142,3031
2025-02-26,000009.SZ,overnight_reversal_5,0.00454029706907857,0.00454029706907857,-0.11280285525690929,0.4203842396613481,3072
2025-02-26,000009.SZ,reversal_5,0.0011337868480726376,0.0011337868480726376,0.45565054810270744,0.6854444806252035,3072
2025-02-26,000010.SZ,amihud_illiquidity_20,-15.317816311711546,-15.317816311711546,0.7150265408282257,0.7348138471587198,3063
2025-02-26,000010.SZ,amount_change_5_20,0.1735652360502045,0.1735652360502045,0.30534447903562517,0.6585047339209925,3064
2025-02-26,000010.SZ,low_volatility_20,-0.026184852103052436,-0.026184852103052436,-0.2681504509909331,0.3278902677988243,3063
2025-02-26,000010.SZ,momentum_20,0.013513513513513598,0.013513513513513598,-0.4546888403057149,0.34193337687785763,3063
2025-02-26,000010.SZ,momentum_60_skip_5,0.03284671532846706,0.03284671532846706,0.07975303434614403,0.6851485148514852,3031
2025-02-26,000010.SZ,overnight_reversal_5,0.010705573308034674,0.010705573308034674,0.15970227238170404,0.6320416802344513,3072
2025-02-26,000010.SZ,reversal_5,-0.060070671378091856,-0.060070671378091856,-0.7138585105449622,0.15988277434060566,3072
2025-02-26,000011.SZ,amihud_illiquidity_20,-15.037242624411592,-15.037242624411592,0.996703039934121,0.8406270411495754,3063
2025-02-26,000011.SZ,amount_change_5_20,-0.01484254598470373,-0.01484254598470373,-0.34719313091317,0.36402220045706823,3064
2025-02-26,000011.SZ,low_volatility_20,-0.015244588973621543,-0.015244588973621543,0.6557209568519831,0.693990855649902,3063
2025-02-26,000011.SZ,momentum_20,-0.003529411764705781,-0.003529411764705781,-0.5915915967988995,0.24918354016982364,3063
2025-02-26,000011.SZ,momentum_60_skip_5,-0.1064516129032258,-0.1064516129032258,-0.7471407544409064,0.14521452145214522,3031
2025-02-26,000011.SZ,overnight_reversal_5,-0.002422704412883986,-0.002422704412883986,-0.4205674280104789,0.21556496255291435,3072
2025-02-26,000011.SZ,reversal_5,-0.01925391095066198,-0.01925391095066198,0.0660776648254185,0.4044285249104526,3072
2025-02-26,000012.SZ,amihud_illiquidity_20,-16.17202523913883,-16.17202523913883,-0.14253990632577368,0.4085564990202482,3063
2025-02-26,000012.SZ,amount_change_5_20,-0.029530142550787477,-0.029530142550787477,-0.3980626282110505,0.33986287952987265,3064
2025-02-26,000012.SZ,low_volatility_20,-0.008088932300281688,-0.008088932300281688,1.2599940466878896,0.977139124755062,3063
2025-02-26,000012.SZ,momentum_20,0.02240325865580428,0.02240325865580428,-0.3832791148839388,0.3925538863487916,3063
2025-02-26,000012.SZ,momentum_60_skip_5,-0.06902985074626877,-0.06902985074626877,-0.5250000935595664,0.27095709570957094,3031
2025-02-26,000012.SZ,overnight_reversal_5,0.001977565036843102,0.001977565036843102,-0.22607557694539182,0.32497557798762616,3072
2025-02-26,000012.SZ,reversal_5,-0.006012024048096087,-0.006012024048096087,0.3191067273311685,0.5818951481602084,3072
2025-02-27,000001.SZ,amihud_illiquidity_20,-19.17677291334669,-18.953144576203318,-2.9249247123795854,0.0,3064
2025-02-27,000001.SZ,amount_change_5_20,-0.1937040835217941,-0.1937040835217941,-1.0365215928164495,0.12561174551386622,3066
2025-02-27,000001.SZ,low_volatility_20,-0.008385926041658318,-0.008385926041658318,1.214707779597066,0.9712699967352268,3064
2025-02-27,000001.SZ,momentum_20,0.04779080252479728,0.04779080252479728,-0.27182950247390514,0.4573947110675808,3064
2025-02-27,000001.SZ,momentum_60_skip_5,0.03460514640638901,0.03460514640638901,0.01506067593419757,0.6608380072583305,3032
2025-02-27,000001.SZ,overnight_reversal_5,1.3996305294776824e-05,1.3996305294776824e-05,-0.29736495348611025,0.2901335070009769,3072
2025-02-27,000001.SZ,reversal_5,0.0034305317324185847,0.0034305317324185847,0.37555300916684775,0.6460436339954412,3072
2025-02-27,000002.SZ,amihud_illiquidity_20,-18.225185739907772,-18.225185739907772,-2.186793750463983,0.030035912504080966,3064
2025-02-27,000002.SZ,amount_change_5_20,-0.15813929448043132,-0.15813929448043132,-0.90829828705993,0.15823817292006526,3066
2025-02-27,000002.SZ,low_volatility_20,-0.03305436668953526,-0.03305436668953526,-0.8452384309968951,0.18935683969964087,3064
2025-02-27,000002.SZ,momentum_20,0.1125356125356125,0.1125356125356125,0.2563314069916106,0.732288605941887,3064
2025-02-27,000002.SZ,momentum_60_skip_5,-0.1004784688995215,-0.1004784688995215,-0.7610215592676025,0.1346090399208182,3032
2025-02-27,000002.SZ,overnight_reversal_5,0.006211049044324022,0.006211049044324022,-0.022142432181198872,0.49788342559426896,3072
2025-02-27,000002.SZ,reversal_5,-0.03856382978723394,-0.03856382978723394,-0.4384180093662143,0.20123738196027352,3072
2025-02-27,000004.SZ,amihud_illiquidity_20,-15.488214084703126,-15.488214084703126,0.5884229511734428,0.6869082598759386,3064
2025-02-27,000004.SZ,amount_change_5_20,-0.03892940259559035,-0.03892940259559035,-0.47850559523279235,0.31941272430668843,3066
2025-02-27,000004.SZ,low_volatility_20,-0.04237498222110943,-0.04237498222110943,-1.6235594817164856,0.08782239634345412,3064
2025-02-27,000004.SZ,momentum_20,0.16296296296296298,0.16296296296296298,0.6676965072860849,0.8348024812275547,3064
2025-02-27,000004.SZ,momentum_60_skip_5,-0.25327262379055215,-0.25327262379055215,-1.6388543666370443,0.014846585285384361,3032
2025-02-27,000004.SZ,overnight_reversal_5,0.09183143927405982,0.08035448000196818,3.270703839376592,0.9902311950504722,3072
2025-02-27,000004.SZ,reversal_5,0.04268292682926822,0.04268292682926822,1.1363768641001526,0.9384565288179746,3072
2025-02-27,000006.SZ,amihud_illiquidity_20,-16.224214617063435,-16.224214617063435,-0.15786207736757904,0.4005876591576885,3064
2025-02-27,000006.SZ,amount_change_5_20,0.04998612896484158,0.04998612896484158,-0.15793449957643937,0.465905383360522,3066
2025-02-27,000006.SZ,low_volatility_20,-0.026271270914687977,-0.026271270914687977,-0.27881379812513246,0.32060071825008163,3064
2025-02-27,000006.SZ,momentum_20,-0.042674253200568835,-0.042674253200568835,-1.0098053510210945,0.07900750897812601,3064
2025-02-27,000006.SZ,momentum_60_skip_5,-0.16192830655129786,-0.16192830655129786,-1.1140630976479546,0.04981854173540086,3032
2025-02-27,000006.SZ,overnight_reversal_5,0.017372042804910854,0.017372042804910854,0.4735378488193267,0.787365678931944,3072
2025-02-27,000006.SZ,reversal_5,0.007374631268436405,0.007374631268436405,0.45200095599480006,0.6955389124063823,3072
2025-02-27,000007.SZ,amihud_illiquidity_20,-15.189928870732093,-15.189928870732093,0.8908762506402974,0.8054195233431276,3064
2025-02-27,000007.SZ,amount_change_5_20,-0.0421369775280375,-0.0421369775280375,-0.4900700068991116,0.31223491027732464,3066
2025-02-27,000007.SZ,low_volatility_20,-0.011070527037915095,-0.011070527037915095,0.9905292947007431,0.8821416911524649,3064
2025-02-27,000007.SZ,momentum_20,-0.06886657101865135,-0.06886657101865135,-1.2234712556317875,0.03656545870062031,3064
2025-02-27,000007.SZ,momentum_60_skip_5,-0.0910344827586207,-0.0910344827586207,-0.7067639806793544,0.1606730451996041,3032
2025-02-27,000007.SZ,overnight_reversal_5,-0.004481674904027696,-0.004481674904027696,-0.4970259887061289,0.18267665255617063,3072
2025-02-27,000007.SZ,reversal_5,0.015174506828528056,0.015174506828528056,0.6031848869877214,0.7844350374470856,3072
2025-02-27,000008.SZ,amihud_illiquidity_20,-16.31803039063425,-16.31803039063425,-0.25298878472520064,0.3682664054848188,3064
2025-02-27,000008.SZ,amount_change_5_20,0.172839546901279,0.172839546901279,0.2849943577542346,0.6525285481239804,3066
2025-02-27,000008.SZ,low_volatility_20,-0.0294328227688742,-0.0294328227688742,-0.5428202205249093,0.25301991511589944,3064
2025-02-27,000008.SZ,momentum_20,0.140625,0.140625,0.485472807314539,0.7982370225269344,3064
2025-02-27,000008.SZ,momentum_60_skip_5,0.18367346938775486,0.18367346938775486,0.87148783799358,0.86077202243484,3032
2025-02-27,000008.SZ,overnight_reversal_5,0.01736447367404299,0.01736447367404299,0.4732016897822379,0.7867144252686421,3072
2025-02-27,000008.SZ,reversal_5,-0.006896551724138167,-0.006896551724138167,0.17538454998749772,0.49918593292087265,3072
2025-02-27,000009.SZ,amihud_illiquidity_20,-16.801678259305163,-16.801678259305163,-0.7433949021193925,0.21351616062683643,3064
2025-02-27,000009.SZ,amount_change_5_20,0.027430723112370048,0.027430723112370048,-0.23925450115778504,0.4234910277324633,3066
2025-02-27,000009.SZ,low_volatility_20,-0.01473160990078899,-0.01473160990078899,0.6848093719176777,0.7084557623245185,3064
2025-02-27,000009.SZ,momentum_20,0.025700934579439227,0.025700934579439227,-0.4520293477131537,0.33627162912177605,3064
2025-02-27,000009.SZ,momentum_60_skip_5,-0.05217391304347818,-0.05217391304347818,-0.4835022791218037,0.31045859452325963,3032
2025-02-27,000009.SZ,overnight_reversal_5,2.5738667587121844e-06,2.5738667587121844e-06,-0.2978722450109261,0.28752849234776945,3072
2025-02-27,000009.SZ,reversal_5,-0.006880733944954143,-0.006880733944954143,0.17569114385789925,0.49983718658417453,3072
2025-02-27,000010.SZ,amihud_illiquidity_20,-15.454436774334226,-15.454436774334226,0.6226722484556798,0.7009467841984982,3064
2025-02-27,000010.SZ,amount_change_5_20,0.3132075641549931,0.3132075641549931,0.7910693740808243,0.8065252854812398,3066
2025-02-27,000010.SZ,low_volatility_20,-0.02180920351235633,-0.02180920351235633,0.09379260079773513,0.4195233431276526,3064
2025-02-27,000010.SZ,momentum_20,0.08992805755395694,0.08992805755395694,0.07190848880082004,0.6549134835128958,3064
2025-02-27,000010.SZ,momentum_60_skip_5,0.04444444444444429,0.04444444444444429,0.07158939999075983,0.6839326954800395,3032
2025-02-27,000010.SZ,overnight_reversal_5,-0.003279511258627943,-0.003279511258627943,-0.44363568795489594,0.20612178443503745,3072
2025-02-27,000010.SZ,reversal_5,-0.07446808510638303,-0.07446808510638303,-1.1343453247064457,0.09215239335721263,3072
2025-02-27,000011.SZ,amihud_illiquidity_20,-15.134363719048169,-15.134363719048169,0.947217841423309,0.8253346392425727,3064
2025-02-27,000011.SZ,amount_change_5_20,0.05443791282858791,0.05443791282858791,-0.14188428646089962,0.47145187601957583,3066
2025-02-27,000011.SZ,low_volatility_20,-0.01450783190515029,-0.01450783190515029,0.7034960266888589,0.7192295135488084,3064
2025-02-27,000011.SZ,momentum_20,0.019207683073229287,0.019207683073229287,-0.5049985605401787,0.3046033300685602,3064
2025-02-27,000011.SZ,momentum_60_skip_5,-0.10140237324703338,-0.10140237324703338,-0.7663295734890601,0.13196964698119432,3032
2025-02-27,000011.SZ,overnight_reversal_5,-0.005851273553991997,-0.005851273553991997,-0.5578523862684684,0.15988277434060566,3072
2025-02-27,000011.SZ,reversal_5,-0.019207683073229287,-0.019207683073229287,-0.06324044062759773,0.3493975903614458,3072
2025-02-27,000012.SZ,amihud_illiquidity_20,-16.15260451739118,-16.15260451739118,-0.0852513346737509,0.42801175318315376,3064
2025-02-27,000012.SZ,amount_change_5_20,-0.006955447188469495,-0.006955447188469495,-0.3632284806787205,0.36247960848287114,3066
2025-02-27,000012.SZ,low_volatility_20,-0.008217287108976633,-0.008217287108976633,1.2287900288683082,0.9748612471433236,3064
2025-02-27,000012.SZ,momentum_20,0.018367346938775286,0.018367346938775286,-0.5118536690339069,0.2993796931113288,3064
2025-02-27,000012.SZ,momentum_60_skip_5,-0.09023941068139951,-0.09023941068139951,-0.7021961334727261,0.162982514021775,3032
2025-02-27,000012.SZ,overnight_reversal_5,-0.002038504618046952,-0.002038504618046952,-0.38852029827526224,0.23282318463041354,3072
2025-02-27,000012.SZ,reversal_5,-0.010121457489878471,-0.010121457489878471,0.11287663854837889,0.45913383262780855,3072
2025-02-28,000001.SZ,amihud_illiquidity_20,-19.232084697179673,-18.90866973862725,-2.917580304622838,0.0,3066
2025-02-28,000001.SZ,amount_change_5_20,-0.1756442319549795,-0.1756442319549795,-0.9062914864055344,0.1595432300163132,3066
2025-02-28,000001.SZ,low_volatility_20,-0.007470903411427246,-0.007470903411427246,1.3183196574273837,0.9840130505709624,3066
2025-02-28,000001.SZ,momentum_20,0.01855123674911674,0.01855123674911674,-0.3340037444481093,0.4238172920065253,3066
2025-02-28,000001.SZ,momentum_60_skip_5,0.02194907813871838,0.02194907813871838,-0.010302125340350384,0.6572088419663478,3032
2025-02-28,000001.SZ,overnight_reversal_5,0.006031870145841314,0.006031870145841314,-0.20523913776107228,0.38293715402149137,3072
2025-02-28,000001.SZ,reversal_5,0.00945017182130603,0.00945017182130603,-0.05062215832377809,0.45848257896450667,3072
2025-02-28,000002.SZ,amihud_illiquidity_20,-18.27281688322199,-18.27281688322199,-2.27325922155393,0.02773246329526917,3066
2025-02-28,000002.SZ,amount_change_5_20,-0.05181709911103836,-0.05181709911103836,-0.467724472296422,0.31060358890701467,3066
2025-02-28,000002.SZ,low_volatility_20,-0.031599095915471755,-0.031599095915471755,-0.6040344104254609,0.23784665579119085,3066
2025-02-28,000002.SZ,momentum_20,0.05298913043478248,0.05298913043478248,-0.025110008490305452,0.6241435562805873,3066
2025-02-28,000002.SZ,momentum_60_skip_5,-0.09822485207100595,-0.09822485207100595,-0.6730430357395869,0.1745298581326295,3032
2025-02-28,000002.SZ,overnight_reversal_5,0.012674752366416284,0.012674752366416284,0.06911203351665807,0.6004558775643113,3072
2025-02-28,000002.SZ,reversal_5,-0.01706036745406836,-0.01706036745406836,-0.5257362406932514,0.20840117225659394,3072
2025-02-28,000004.SZ,amihud_illiquidity_20,-15.42199737398425,-15.42199737398425,0.6155272299204769,0.697226753670473,3066
2025-02-28,000004.SZ,amount_change_5_20,-0.08096210506234895,-0.08096210506234895,-0.570949330554004,0.2688417618270799,3066
2025-02-28,000004.SZ,low_volatility_20,-0.043253458438727,-0.043253458438727,-1.5325669227989431,0.09102773246329526,3066
2025-02-28,000004.SZ,momentum_20,0.13962264150943393,0.13962264150943393,0.7519569381484645,0.8535073409461664,3066
2025-02-28,000004.SZ,momentum_60_skip_5,-0.24943946188340804,-0.24943946188340804,-1.5069685634962493,0.014516661167931376,3032
2025-02-28,000004.SZ,overnight_reversal_5,0.09582027583529269,0.09582027583529269,3.5030238496156443,0.9899055682188213,3072
2025-02-28,000004.SZ,reversal_5,0.09783420463032122,0.09783420463032122,1.5333704646846666,0.9443178117876913,3072
2025-02-28,000006.SZ,amihud_illiquidity_20,-16.155516206373957,-16.155516206373957,-0.12776053629636377,0.4130505709624796,3066
2025-02-28,000006.SZ,amount_change_5_20,0.07568734726046497,0.07568734726046497,-0.016133265696649943,0.5243066884176183,3066
2025-02-28,000006.SZ,low_volatility_20,-0.028286493230230598,-0.028286493230230598,-0.3401109836670681,0.3021207177814029,3066
2025-02-28,000006.SZ,momentum_20,-0.07267441860465118,-0.07267441860465118,-1.152260335708611,0.04730831973898858,3066
2025-02-28,000006.SZ,momentum_60_skip_5,-0.17288557213930333,-0.17288557213930333,-1.0847855284979875,0.052128010557571755,3032
2025-02-28,000006.SZ,overnight_reversal_5,0.03353523975991087,0.03353523975991087,0.9306505885889487,0.8925431455551938,3072
2025-02-28,000006.SZ,reversal_5,0.04060150375939853,0.04060150375939853,0.5076628442790091,0.7453598176489743,3072
2025-02-28,000007.SZ,amihud_illiquidity_20,-15.011927825622449,-15.011927825622449,1.031058045403968,0.8528548123980424,3066
2025-02-28,000007.SZ,amount_change_5_20,0.0028338004885254137,0.0028338004885254137,-0.2741636483858463,0.39445350734094614,3066
2025-02-28,000007.SZ,low_volatility_20,-0.013537074105965897,-0.013537074105965897,0.8350125092031082,0.7941272430668842,3066
2025-02-28,000007.SZ,momentum_20,-0.10344827586206895,-0.10344827586206895,-1.428289172571901,0.01892332789559543,3066
2025-02-28,000007.SZ,momentum_60_skip_5,-0.078125,-0.078125,-0.5621954148189677,0.24678323985483339,3032
2025-02-28,000007.SZ,overnight_reversal_5,0.004618960421714153,0.004618960421714153,-0.26359233820219496,0.3318137414522957,3072
2025-02-28,000007.SZ,reversal_5,0.03852080123266566,0.03852080123266566,0.47037310598270765,0.7307066102246825,3072
2025-02-28,000008.SZ,amihud_illiquidity_20,-16.205868309932182,-16.205868309932182,-0.1787832243658481,0.3931484502446982,3066
2025-02-28,000008.SZ,amount_change_5_20,0.059361447348979246,0.059361447348979246,-0.07395582051464962,0.49494290375203914,3066
2025-02-28,000008.SZ,low_volatility_20,-0.031883344209686096,-0.031883344209686096,-0.6266811903105094,0.23262642740619902,3066
2025-02-28,000008.SZ,momentum_20,0.0859375,0.0859375,0.2704233090120565,0.7373572593800979,3066
2025-02-28,000008.SZ,momentum_60_skip_5,0.17813765182186225,0.17813765182186225,0.8510540551230634,0.86077202243484,3032
2025-02-28,000008.SZ,overnight_reversal_5,0.013838645740906767,0.013838645740906767,0.11718085363585866,0.6346466948876588,3072
2025-02-28,000008.SZ,reversal_5,0.04467353951890041,0.04467353951890041,0.5806406706881664,0.7697818300227939,3072
2025-02-28,000009.SZ,amihud_illiquidity_20,-16.73977896734995,-16.73977896734995,-0.7198044529804365,0.22251223491027733,3066
2025-02-28,000009.SZ,amount_change_5_20,-0.0036632790754529384,-0.0036632790754529384,-0.29717479884504666,0.38205546492659054,3066
2025-02-28,000009.SZ,low_volatility_20,-0.015950345910311064,-0.015950345910311064,0.6427410463017798,0.6874388254486133,3066
2025-02-28,000009.SZ,momentum_20,0.0023446658851116187,0.0023446658851116187,-0.4793700164663992,0.32463295269168024,3066
2025-02-28,000009.SZ,momentum_60_skip_5,-0.07991587802313349,-0.07991587802313349,-0.5720718341837513,0.2395249092708677,3032
2025-02-28,000009.SZ,overnight_reversal_5,0.005713611662273217,0.005713611662273217,-0.21838321962745594,0.371214588082058,3072
2025-02-28,000009.SZ,reversal_5,0.022857142857142687,0.022857142857142687,0.18965363067017038,0.6059915337023771,3072
2025-02-28,000010.SZ,amihud_illiquidity_20,-15.32233987397715,-15.32233987397715,0.7165119590046767,0.733442088091354,3066
2025-02-28,000010.SZ,amount_change_5_20,0.37656943663251524,0.37656943663251524,1.0495213812628013,0.8619902120717782,3066
2025-02-28,000010.SZ,low_volatility_20,-0.024847719214276608,-0.024847719214276608,-0.06613516816046858,0.38107667210440455,3066
2025-02-28,000010.SZ,momentum_20,0.04347826086956519,0.04347826086956519,-0.11041859498583143,0.5699836867862969,3066
2025-02-28,000010.SZ,momentum_60_skip_5,0.05597014925373123,0.05597014925373123,0.1773188969909663,0.7311118442758165,3032
2025-02-28,000010.SZ,overnight_reversal_5,-0.006831912862995715,-0.006831912862995715,-0.7365136385502099,0.10420058612829697,3072
2025-02-28,000010.SZ,reversal_5,-0.0176678445229681,-0.0176678445229681,-0.5366232659307538,0.20351676978183003,3072
2025-02-28,000011.SZ,amihud_illiquidity_20,-15.139969518296427,-15.139969518296427,0.9013111056829965,0.8052202283849919,3066
2025-02-28,000011.SZ,amount_change_5_20,0.15134694621025166,0.15134694621025166,0.2518355036515007,0.6473083197389886,3066
2025-02-28,000011.SZ,low_volatility_20,-0.01376408403461155,-0.01376408403461155,0.8169260545421632,0.7836867862969005,3066
2025-02-28,000011.SZ,momentum_20,0.027194066749073098,0.027194066749073098,-0.2564811156746215,0.47536704730831975,3066
2025-02-28,000011.SZ,momentum_60_skip_5,-0.11846318036286019,-0.11846318036286019,-0.7846543319141773,0.12438139227977565,3032
2025-02-28,000011.SZ,overnight_reversal_5,-0.003472962842643649,-0.003472962842643649,-0.5977889341601954,0.14132204493650277,3072
2025-02-28,000011.SZ,reversal_5,-0.006053268765133346,-0.006053268765133346,-0.3284702575753076,0.2950179094757408,3072
2025-02-28,000012.SZ,amihud_illiquidity_20,-16.16151659732842,-16.16151659732842,-0.13384083988507955,0.41076672104404566,3066
2025-02-28,000012.SZ,amount_change_5_20,0.041605268855399315,0.041605268855399315,-0.13684409067860517,0.4629690048939641,3066
2025-02-28,000012.SZ,low_volatility_20,-0.008172895495542924,-0.008172895495542924,1.2623901741776928,0.9745513866231648,3066
2025-02-28,000012.SZ,momentum_20,0.004048582995951344,0.004048582995951344,-0.464086581104939,0.33474714518760196,3066
2025-02-28,000012.SZ,momentum_60_skip_5,-0.08823529411764708,-0.08823529411764708,-0.6179521460521057,0.20620257340811612,3032
2025-02-28,000012.SZ,overnight_reversal_5,0.003999810417610751,0.003999810417610751,-0.2891632460072828,0.3099967437316835,3072
2025-02-28,000012.SZ,reversal_5,-0.0,0.0,-0.21998535635137692,0.34907196352979486,3072
2025-03-03,000001.SZ,amihud_illiquidity_20,-19.230235153450636,-18.923281168518784,-2.9153029639389905,0.0,3065
2025-03-03,000001.SZ,amount_change_5_20,-0.1992005995105669,-0.1992005995105669,-0.8219636118068583,0.17520391517128875,3066
2025-03-03,000001.SZ,low_volatility_20,-0.007491650820651554,-0.007491650820651554,1.3211271329612968,0.9836814621409922,3065
2025-03-03,000001.SZ,momentum_20,0.014991181657848518,0.014991181657848518,-0.33968880189454015,0.4112271540469974,3065
2025-03-03,000001.SZ,momentum_60_skip_5,0.022045855379188906,0.022045855379188906,-0.017517376492705485,0.6514851485148515,3031
2025-03-03,000001.SZ,overnight_reversal_5,0.006040073386345079,0.006040073386345079,-0.14839332924999876,0.452442996742671,3071
2025-03-03,000001.SZ,reversal_5,0.00690250215703192,0.00690250215703192,-0.1323407525872024,0.39283387622149835,3071
2025-03-03,000002.SZ,amihud_illiquidity_20,-18.267145407372567,-18.267145407372567,-2.2508126267182025,0.02741514360313316,3065
2025-03-03,000002.SZ,amount_change_5_20,-0.16233575672976075,-0.16233575672976075,-0.6971546065776488,0.21566068515497552,3066
2025-03-03,000002.SZ,low_volatility_20,-0.03160189329558134,-0.03160189329558134,-0.5906419736196954,0.24281984334203655,3065
2025-03-03,000002.SZ,momentum_20,0.054127198917455877,0.054127198917455877,0.037689709973040046,0.6354438642297651,3065
2025-03-03,000002.SZ,momentum_60_skip_5,-0.0778301886792453,-0.0778301886792453,-0.5609486627456504,0.2452145214521452,3031
2025-03-03,000002.SZ,overnight_reversal_5,0.017910366420361448,0.017910366420361448,0.37005598144450935,0.7628664495114007,3071
2025-03-03,000002.SZ,reversal_5,0.0038363171355499937,0.0038363171355499937,-0.19084936194065702,0.354071661237785,3071
2025-03-03,000004.SZ,amihud_illiquidity_20,-15.41617035787216,-15.41617035787216,0.6364638856016446,0.7016971279373369,3065
2025-03-03,000004.SZ,amount_change_5_20,-0.22098235039141945,-0.22098235039141945,-0.8957075492421506,0.1595432300163132,3066
2025-03-03,000004.SZ,low_volatility_20,-0.04312736002259081,-0.04312736002259081,-1.5045287273732162,0.0926892950391645,3065
2025-03-03,000004.SZ,momentum_20,0.15669515669515666,0.15669515669515666,1.0267260499430582,0.8841383812010444,3065
2025-03-03,000004.SZ,momentum_60_skip_5,-0.2856344326439352,-0.2831175989274765,-1.6779292405653166,0.0,3031
2025-03-03,000004.SZ,overnight_reversal_5,-0.027671293802827526,-0.027671293802827526,-1.6207777962307905,0.03517915309446254,3071
2025-03-03,000004.SZ,reversal_5,0.04694835680751175,0.04694835680751175,0.6318098937549853,0.7944625407166124,3071
2025-03-03,000006.SZ,amihud_illiquidity_20,-16.17940638071648,-16.17940638071648,-0.1364904208560636,0.41155352480417756,3065
2025-03-03,000006.SZ,amount_change_5_20,0.09541005572661747,0.09541005572661747,0.1754653757168063,0.6104404567699837,3066
2025-03-03,000006.SZ,low_volatility_20,-0.027687227584670918,-0.027687227584670918,-0.2802370916906818,0.3224543080939948,3065
2025-03-03,000006.SZ,momentum_20,-0.08652482269503547,-0.08652482269503547,-1.3185814265401812,0.03720626631853786,3065
2025-03-03,000006.SZ,momentum_60_skip_5,-0.2624434389140272,-0.2624434389140272,-1.5654399497226121,0.012541254125412541,3031
2025-03-03,000006.SZ,overnight_reversal_5,0.019823237420446223,0.019823237420446223,0.4536029207323182,0.7947882736156352,3071
2025-03-03,000006.SZ,reversal_5,0.012269938650306678,0.012269938650306678,-0.029919912744109992,0.4693811074918567,3071
2025-03-03,000007.SZ,amihud_illiquidity_20,-14.990589577873536,-14.990589577873536,1.0674635853009147,0.8609660574412533,3065
2025-03-03,000007.SZ,amount_change_5_20,-0.07909062849643941,-0.07909062849643941,-0.41532126995513985,0.3252854812398042,3066
2025-03-03,000007.SZ,low_volatility_20,-0.014208680402274918,-0.014208680402274918,0.7885149182359207,0.768603133159269,3065
2025-03-03,000007.SZ,momentum_20,-0.08260869565217399,-0.08260869565217399,-1.2808192243744343,0.04308093994778068,3065
2025-03-03,000007.SZ,momentum_60_skip_5,-0.06638418079096042,-0.06638418079096042,-0.4986702770944044,0.2947194719471947,3031
2025-03-03,000007.SZ,overnight_reversal_5,-0.0033128580288720607,-0.0033128580288720607,-0.5568938465747718,0.16970684039087947,3071
2025-03-03,000007.SZ,reversal_5,0.042360060514372244,0.042360060514372244,0.5442565225355749,0.7674267100977199,3071
2025-03-03,000008.SZ,amihud_illiquidity_20,-16.20298079121551,-16.20298079121551,-0.16036500430342285,0.4024151436031332,3065
2025-03-03,000008.SZ,amount_change_5_20,-0.06286202084720065,-0.06286202084720065,-0.3603779628861293,0.35138662316476343,3066
2025-03-03,000008.SZ,low_volatility_20,-0.031992507329989525,-0.031992507329989525,-0.6216148617752179,0.23596605744125326,3065
2025-03-03,000008.SZ,momentum_20,0.07392996108949412,0.07392996108949412,0.22864263371534677,0.712467362924282,3065
2025-03-03,000008.SZ,momentum_60_skip_5,0.16799999999999993,0.16799999999999993,0.7766274987171141,0.8531353135313532,3031
2025-03-03,000008.SZ,overnight_reversal_5,0.021058893714393786,0.021058893714393786,0.5075716940403252,0.8104234527687296,3071
2025-03-03,000008.SZ,reversal_5,0.0547945205479452,0.0547945205479452,0.7815295375455573,0.8364820846905537,3071
2025-03-03,000009.SZ,amihud_illiquidity_20,-16.682326461727694,-16.682326461727694,-0.6458141828202837,0.24216710182767623,3065
2025-03-03,000009.SZ,amount_change_5_20,0.032143305284662055,0.032143305284662055,-0.03872949373361555,0.5092985318107667,3066
2025-03-03,000009.SZ,low_volatility_20,-0.017221037936516588,-0.017221037936516588,0.54965659576455,0.6377284595300261,3065
2025-03-03,000009.SZ,momentum_20,0.030444964871194413,0.030444964871194413,-0.19067195960599564,0.5097911227154047,3065
2025-03-03,000009.SZ,momentum_60_skip_5,-0.10456852791878157,-0.10456852791878157,-0.7064335006984582,0.1537953795379538,3031
2025-03-03,000009.SZ,overnight_reversal_5,0.00209841063024333,0.00209841063024333,-0.3205501861224463,0.31563517915309447,3071
2025-03-03,000009.SZ,reversal_5,0.0022675736961452753,0.0022675736961452753,-0.22078395376367904,0.33583061889250815,3071
2025-03-03,000010.SZ,amihud_illiquidity_20,-15.297073189359523,-15.297073189359523,0.7570775182571085,0.7513054830287206,3065
2025-03-03,000010.SZ,amount_change_5_20,0.23891394909641525,0.23891394909641525,0.661309796225992,0.7738988580750408,3066
2025-03-03,000010.SZ,low_volatility_20,-0.024979482949253336,-0.024979482949253336,-0.06553238484733767,0.38283289817232374,3065
2025-03-03,000010.SZ,momentum_20,0.05415162454873634,0.05415162454873634,0.03792524003024805,0.6357702349869452,3065
2025-03-03,000010.SZ,momentum_60_skip_5,-0.003389830508474634,-0.003389830508474634,-0.1559144028163728,0.570957095709571,3031
2025-03-03,000010.SZ,overnight_reversal_5,0.00017369203129742302,0.00017369203129742302,-0.40461458352568136,0.2671009771986971,3071
2025-03-03,000010.SZ,reversal_5,0.006802721088435382,0.006802721088435382,-0.13424476409416733,0.39153094462540716,3071
2025-03-03,000011.SZ,amihud_illiquidity_20,-15.13226805271895,-15.13226805271895,0.9239811185588265,0.8142950391644909,3065
2025-03-03,000011.SZ,amount_change_5_20,0.18751157895364887,0.18751157895364887,0.48728277752722954,0.7275693311582382,3066
2025-03-03,000011.SZ,low_volatility_20,-0.013810309736038065,-0.013810309736038065,0.820102851599578,0.7859007832898173,3065
2025-03-03,000011.SZ,momentum_20,0.022222222222222143,0.022222222222222143,-0.2699617443522315,0.45822454308093996,3065
2025-03-03,000011.SZ,momentum_60_skip_5,-0.16148445336008033,-0.16148445336008033,-1.0161163166572644,0.06468646864686468,3031
2025-03-03,000011.SZ,overnight_reversal_5,0.00014951208644256738,0.00014951208644256738,-0.40567067166998466,0.26612377850162866,3071
2025-03-03,000011.SZ,reversal_5,0.009569377990430672,0.009569377990430672,-0.08145171776467804,0.42899022801302933,3071
2025-03-03,000012.SZ,amihud_illiquidity_20,-16.177947713879764,-16.177947713879764,-0.13501318081578842,0.41220626631853785,3065
2025-03-03,000012.SZ,amount_change_5_20,0.06777557185655778,0.06777557185655778,0.08190652176068587,0.564763458401305,3066
2025-03-03,000012.SZ,low_volatility_20,-0.00816207983583276,-0.00816207983583276,1.2679669260197166,0.9738903394255874,3065
2025-03-03,000012.SZ,momentum_20,0.002020202020202033,0.002020202020202033,-0.4647646102132333,0.3266971279373368,3065
2025-03-03,000012.SZ,momentum_60_skip_5,-0.0961887477313974,-0.0961887477313974,-0.6608386358970166,0.1801980198019802,3031
2025-03-03,000012.SZ,overnight_reversal_5,-2.4339882114796964e-05,-2.4339882114796964e-05,-0.41326386528392123,0.2495114006514658,3071
2025-03-03,000012.SZ,reversal_5,0.004016064257028273,0.004016064257028273,-0.18741944690314316,0.35765472312703583,3071
2025-03-04,000001.SZ,amihud_illiquidity_20,-19.33254947669357,-18.95190040768704,-2.8875978038808667,0.0,3066
2025-03-04,000001.SZ,amount_change_5_20,-0.23103543722125683,-0.23103543722125683,-0.7576721080144107,0.20417482061317677,3067
2025-03-04,000001.SZ,low_volatility_20,-0.0070563684507464535,-0.0070563684507464535,1.3591487232112933,0.9846655791190865,3066
2025-03-04,000001.SZ,momentum_20,0.0034873583260681684,0.0034873583260681684,-0.5585325561093385,0.29135399673735723,3066
2025-03-04,000001.SZ,momentum_60_skip_5,0.00790861159929701,0.00790861159929701,0.013606388116299476,0.6574348829541707,3034
2025-03-04,000001.SZ,overnight_reversal_5,0.006929570871428125,0.006929570871428125,0.07628951397665515,0.596742671009772,3071
2025-03-04,000001.SZ,reversal_5,-0.0034873583260681684,-0.0034873583260681684,-0.043151649428961596,0.4631921824104234,3071
2025-03-04,000002.SZ,amihud_illiquidity_20,-18.237273972647927,-18.237273972647927,-2.1725632818310054,0.03295269168026101,3066
2025-03-04,000002.SZ,amount_change_5_20,-0.18317015369877923,-0.18317015369877923,-0.6047682937634814,0.25407697325505546,3067
2025-03-04,000002.SZ,low_volatility_20,-0.03170609184274071,-0.03170609184274071,-0.6302610306832087,0.23588907014681892,3066
2025-03-04,000002.SZ,momentum_20,0.05089408528198058,0.05089408528198058,-0.1404308958925471,0.5442088091353997,3066
2025-03-04,000002.SZ,momentum_60_skip_5,-0.10697674418604641,-0.10697674418604641,-0.6353881939385092,0.19914276294098252,3034
2025-03-04,000002.SZ,overnight_reversal_5,0.01794515107436934,0.01794515107436934,0.6318379029542155,0.8368078175895766,3071
2025-03-04,000002.SZ,reversal_5,0.005208333333333481,0.005208333333333481,0.13837376440622526,0.5925081433224756,3071
2025-03-04,000004.SZ,amihud_illiquidity_20,-15.427493461520426,-15.427493461520426,0.6388217528257382,0.7014681892332789,3066
2025-03-04,000004.SZ,amount_change_5_20,-0.4773508689648128,-0.4773508689648128,-1.5445173171265172,0.05870841487279843,3067
2025-03-04,000004.SZ,low_volatility_20,-0.042881513314535824,-0.042881513314535824,-1.5321978243062937,0.08874388254486133,3066
2025-03-04,000004.SZ,momentum_20,0.1796349663784822,0.1796349663784822,0.994993960041464,0.8753670473083197,3066
2025-03-04,000004.SZ,momentum_60_skip_5,-0.2727272727272727,-0.2727272727272727,-1.5717233278694802,0.013847675568743818,3034
2025-03-04,000004.SZ,overnight_reversal_5,-0.021169290186062204,-0.021169290186062204,-1.340819408567891,0.0501628664495114,3071
2025-03-04,000004.SZ,reversal_5,0.0696969696969697,0.0696969696969697,1.4845951878532309,0.9390879478827362,3071
2025-03-04,000006.SZ,amihud_illiquidity_20,-16.251520704103395,-16.251520704103395,-0.18567605003559684,0.39282218597063623,3066
2025-03-04,000006.SZ,amount_change_5_20,0.15263295092713153,0.15263295092713153,0.4679418576449752,0.7181996086105675,3067
2025-03-04,000006.SZ,low_volatility_20,-0.026689587409886088,-0.026689587409886088,-0.225393085900621,0.33800978792822184,3066
2025-03-04,000006.SZ,momentum_20,-0.033973412112259904,-0.033973412112259904,-0.8889162657425913,0.12202283849918434,3066
2025-03-04,000006.SZ,momentum_60_skip_5,-0.2789651293588302,-0.2789651293588302,-1.606961371307145,0.013517969007583251,3034
2025-03-04,000006.SZ,overnight_reversal_5,0.013707951348783044,0.013707951348783044,0.4181433505150161,0.7706840390879479,3071
2025-03-04,000006.SZ,reversal_5,-0.020280811232449292,-0.020280811232449292,-0.39372048373860835,0.2537459283387622,3071
2025-03-04,000007.SZ,amihud_illiquidity_20,-14.902099603762805,-14.902099603762805,1.1645156364407356,0.8887438825448614,3066
2025-03-04,000007.SZ,amount_change_5_20,-0.11955928801230933,-0.11955928801230933,-0.4015658205827406,0.33529028049575993,3067
2025-03-04,000007.SZ,low_volatility_20,-0.01505786661063549,-0.01505786661063549,0.7133703413645381,0.7285481239804241,3066
2025-03-04,000007.SZ,momentum_20,-0.07050359712230214,-0.07050359712230214,-1.2110927158259135,0.043393148450244695,3066
2025-03-04,000007.SZ,momentum_60_skip_5,-0.11157024793388426,-0.11157024793388426,-0.661337184779129,0.184305967688757,3034
2025-03-04,000007.SZ,overnight_reversal_5,-0.0064674347773874055,-0.0064674347773874055,-0.5993612250861414,0.1700325732899023,3071
2025-03-04,000007.SZ,reversal_5,-0.0015503875968991832,-0.0015503875968991832,-0.0027167505191216896,0.49348534201954397,3071
2025-03-04,000008.SZ,amihud_illiquidity_20,-16.251115168457748,-16.251115168457748,-0.1852702828090543,0.3931484502446982,3066
2025-03-04,000008.SZ,amount_change_5_20,-0.12100547352574063,-0.12100547352574063,-0.4061856047946997,0.3339856490541422,3067
2025-03-04,000008.SZ,low_volatility_20,-0.03153541179721772,-0.03153541179721772,-0.6164859248956578,0.23849918433931486,3066
2025-03-04,000008.SZ,momentum_20,0.1071428571428572,0.1071428571428572,0.3556528122710472,0.7373572593800979,3066
2025-03-04,000008.SZ,momentum_60_skip_5,0.14624505928853737,0.14624505928853737,0.7950776595181429,0.8585558852621167,3034
2025-03-04,000008.SZ,overnight_reversal_5,0.014361547609122881,0.014361547609122881,0.4511061489136518,0.7830618892508143,3071
2025-03-04,000008.SZ,reversal_5,0.037931034482758474,0.037931034482758474,0.8214708773923184,0.8452768729641694,3071
2025-03-04,000009.SZ,amihud_illiquidity_20,-16.795270151561642,-16.795270151561642,-0.7297360053000596,0.21892332789559543,3066
2025-03-04,000009.SZ,amount_change_5_20,0.033833897324547516,0.033833897324547516,0.08844283270541797,0.5593607305936074,3067
2025-03-04,000009.SZ,low_volatility_20,-0.016046585221801635,-0.016046585221801635,0.6335736467878442,0.6841761827079935,3066
2025-03-04,000009.SZ,momentum_20,0.05054151624548742,0.05054151624548742,-0.14354036387239555,0.5419249592169657,3066
2025-03-04,000009.SZ,momentum_60_skip_5,-0.11866125760649082,-0.11866125760649082,-0.7013947432674233,0.1661721068249258,3034
2025-03-04,000009.SZ,overnight_reversal_5,-0.0035944451817983107,-0.0035944451817983107,-0.4544678366332434,0.23745928338762215,3071
2025-03-04,000009.SZ,reversal_5,-0.004602991944764101,-0.004602991944764101,-0.06644086692361242,0.4449511400651466,3071
2025-03-04,000010.SZ,amihud_illiquidity_20,-15.24355301284436,-15.24355301284436,0.8228672405882055,0.7738988580750408,3066
2025-03-04,000010.SZ,amount_change_5_20,0.1306010391141905,0.1306010391141905,0.3975617595127492,0.6911285061969994,3067
2025-03-04,000010.SZ,low_volatility_20,-0.025148131876625988,-0.025148131876625988,-0.10098655101600397,0.3768352365415987,3066
2025-03-04,000010.SZ,momentum_20,0.04332129963898912,0.04332129963898912,-0.20721876447383786,0.5125611745513866,3066
2025-03-04,000010.SZ,momentum_60_skip_5,-0.03300330033003285,-0.03300330033003285,-0.2175075689423243,0.5242334322453017,3034
2025-03-04,000010.SZ,overnight_reversal_5,0.00022060624865961713,0.00022060624865961713,-0.26206347508254313,0.3700325732899023,3071
2025-03-04,000010.SZ,reversal_5,0.013651877133105783,0.013651877133105783,0.31463550901765497,0.6863192182410424,3071
2025-03-04,000011.SZ,amihud_illiquidity_20,-15.112091773210423,-15.112091773210423,0.9544035510866965,0.8215334420880913,3066
2025-03-04,000011.SZ,amount_change_5_20,0.20155116815063098,0.20155116815063098,0.6242092282605918,0.761252446183953,3067
2025-03-04,000011.SZ,low_volatility_20,-0.013817632873345163,-0.013817632873345163,0.8134661134280798,0.7817292006525286,3066
2025-03-04,000011.SZ,momentum_20,0.02592592592592613,0.02592592592592613,-0.36063654073767876,0.41827079934747147,3066
2025-03-04,000011.SZ,momentum_60_skip_5,-0.1418219461697724,-0.1418219461697724,-0.8322309259251448,0.10484668644906034,3034
2025-03-04,000011.SZ,overnight_reversal_5,-0.0058449408460469355,-0.0058449408460469355,-0.5679670094085897,0.18501628664495115,3071
2025-03-04,000011.SZ,reversal_5,-0.0024125452352232735,-0.0024125452352232735,-0.020714573834158236,0.48078175895765474,3071
2025-03-04,000012.SZ,amihud_illiquidity_20,-16.232759476557366,-16.232759476557366,-0.1669041089014717,0.39934747145187605,3066
2025-03-04,000012.SZ,amount_change_5_20,0.08332580881711213,0.08332580881711213,0.24654284768242785,0.6245923026744945,3067
2025-03-04,000012.SZ,low_volatility_20,-0.008042024061080937,-0.008042024061080937,1.2795992348053864,0.9699836867862969,3066
2025-03-04,000012.SZ,momentum_20,-0.004016064257028273,-0.004016064257028273,-0.6247086800636105,0.25154975530179446,3066
2025-03-04,000012.SZ,momentum_60_skip_5,-0.10181818181818181,-0.10181818181818181,-0.6062471515049438,0.21793603692713484,3034
2025-03-04,000012.SZ,overnight_reversal_5,-0.002030326025603275,-0.002030326025603275,-0.3755846673961768,0.27947882736156354,3071
2025-03-04,000012.SZ,reversal_5,-0.004048582995951344,-0.004048582995951344,-0.05486739838205519,0.452442996742671,3071
2025-03-05,000001.SZ,amihud_illiquidity_20,-19.316320784402315,-18.972850000945638,-2.8511939469272294,0.0,3067
2025-03-05,000001.SZ,amount_change_5_20,-0.18683543883175427,-0.18683543883175427,-0.4565128476920328,0.3039791258969341,3067
2025-03-05,000001.SZ,low_volatility_20,-0.007282383676186315,-0.007282383676186315,1.321668636949159,0.9761904761904762,3067
2025-03-05,000001.SZ,momentum_20,0.025505716798593037,0.025505716798593037,-0.3460115865174904,0.4429223744292237,3067
2025-03-05,000001.SZ,momentum_60_skip_5,0.011413520632133523,0.011413520632133523,0.07339094509712914,0.6834817012858556,3034
2025-03-05,000001.SZ,overnight_reversal_5,0.006061138337474375,0.006061138337474375,-0.07814170175261802,0.511400651465798,3071
2025-03-05,000001.SZ,reversal_5,-0.012152777777777901,-0.012152777777777901,-0.5162143857174329,0.21368078175895766,3071
2025-03-05,000002.SZ,amihud_illiquidity_20,-18.268348759559174,-18.268348759559174,-2.151809242107202,0.03294194390084801,3067
2025-03-05,000002.SZ,amount_change_5_20,-0.22399297489626194,-0.22399297489626194,-0.5710345711124946,0.2674494455316373,3067
2025-03-05,000002.SZ,low_volatility_20,-0.03027092145786737,-0.03027092145786737,-0.5380083800856084,0.2557077625570776,3067
2025-03-05,000002.SZ,momentum_20,0.08034433285509324,0.08034433285509324,0.1667391246048102,0.6891715590345727,3067
2025-03-05,000002.SZ,momentum_60_skip_5,-0.09677419354838712,-0.09677419354838712,-0.5432255053490691,0.26706231454005935,3034
2025-03-05,000002.SZ,overnight_reversal_5,0.027093147376170343,0.027093147376170343,0.9917810127237123,0.895114006514658,3071
2025-03-05,000002.SZ,reversal_5,0.039540816326530615,0.039540816326530615,0.6274406826578487,0.7905537459283387,3071
2025-03-05,000004.SZ,amihud_illiquidity_20,-15.649377539255823,-15.649377539255823,0.4481413417118837,0.6360078277886497,3067
2025-03-05,000004.SZ,amount_change_5_20,-0.6190358096074676,-0.6190358096074676,-1.78857994811195,0.03913894324853229,3067
2025-03-05,000004.SZ,low_volatility_20,-0.037286364359524135,-0.037286364359524135,-1.1055285091356235,0.14481409001956946,3067
2025-03-05,000004.SZ,momentum_20,0.06375545851528397,0.06375545851528397,0.01163023006793852,0.6265492498369211,3067
2025-03-05,000004.SZ,momentum_60_skip_5,-0.3017429193899782,-0.3017429193899782,-1.7114458447679604,0.01022090339597758,3034
2025-03-05,000004.SZ,overnight_reversal_5,-0.006674965941627216,-0.006674965941627216,-0.7260421109374395,0.13778501628664494,3071
2025-03-05,000004.SZ,reversal_5,0.0499219968798752,0.0499219968798752,0.8571111081963568,0.8596091205211727,3071
2025-03-05,000006.SZ,amihud_illiquidity_20,-16.25023599081359,-16.25023599081359,-0.14835329320789153,0.40769732550554466,3067
2025-03-05,000006.SZ,amount_change_5_20,0.08077781009677518,0.08077781009677518,0.36828701051811047,0.6771037181996086,3067
2025-03-05,000006.SZ,low_volatility_20,-0.02668991915690869,-0.02668991915690869,-0.24832019981568879,0.33463796477495106,3067
2025-03-05,000006.SZ,momentum_20,-0.034074074074074145,-0.034074074074074145,-0.9030931165656382,0.10208741030658838,3067
2025-03-05,000006.SZ,momentum_60_skip_5,-0.28694714131607324,-0.28694714131607324,-1.6271172292072515,0.01252884932410155,3034
2025-03-05,000006.SZ,overnight_reversal_5,0.022907727738128728,0.022907727738128728,0.7788638571577848,0.8602605863192182,3071
2025-03-05,000006.SZ,reversal_5,0.013615733736762725,0.013615733736762725,0.05388118044934143,0.4938110749185668,3071
2025-03-05,000007.SZ,amihud_illiquidity_20,-14.899456051247462,-14.899456051247462,1.192616422404057,0.8949771689497716,3067
2025-03-05,000007.SZ,amount_change_5_20,-0.10752718746908614,-0.10752718746908614,-0.21208012718688019,0.4080234833659491,3067
2025-03-05,000007.SZ,low_volatility_20,-0.014866604366818014,-0.014866604366818014,0.7081367523015597,0.7266797129810828,3067
2025-03-05,000007.SZ,momentum_20,-0.0842857142857143,-0.0842857142857143,-1.372580789241576,0.02054794520547945,3067
2025-03-05,000007.SZ,momentum_60_skip_5,-0.10684931506849316,-0.10684931506849316,-0.6006487138584551,0.22453016815034618,3034
2025-03-05,000007.SZ,overnight_reversal_5,-0.0064674347773874055,-0.0064674347773874055,-0.7154847597032629,0.14136807817589578,3071
2025-03-05,000007.SZ,reversal_5,0.016871165644171682,0.016871165644171682,0.12590347383343706,0.5390879478827362,3071
2025-03-05,000008.SZ,amihud_illiquidity_20,-16.322105051891356,-16.322105051891356,-0.21970039540553424,0.38486627527723416,3067
2025-03-05,000008.SZ,amount_change_5_20,-0.2971227287825407,-0.2971227287825407,-0.7964247970368251,0.1908023483365949,3067
2025-03-05,000008.SZ,low_volatility_20,-0.031246837699141078,-0.031246837699141078,-0.6169559417654079,0.23776908023483365,3067
2025-03-05,000008.SZ,momentum_20,0.08914728682170536,0.08914728682170536,0.24904829341583123,0.7162426614481409,3067
2025-03-05,000008.SZ,momentum_60_skip_5,0.06834532374100721,0.06834532374100721,0.39787405869651277,0.7866798549291131,3034
2025-03-05,000008.SZ,overnight_reversal_5,0.014361547609122881,0.014361547609122881,0.3441097532960767,0.7416938110749186,3071
2025-03-05,000008.SZ,reversal_5,0.05387205387205374,0.05387205387205374,0.9445010987309806,0.8798045602605863,3071
2025-03-05,000009.SZ,amihud_illiquidity_20,-16.810714157836784,-16.810714157836784,-0.7047609109292579,0.22667971298108283,3067
2025-03-05,000009.SZ,amount_change_5_20,-0.012838399792134733,-0.012838399792134733,0.07975631574983554,0.5430528375733855,3067
2025-03-05,000009.SZ,low_volatility_20,-0.016257708814840652,-0.016257708814840652,0.5956021929115296,0.6666666666666666,3067
2025-03-05,000009.SZ,momentum_20,0.03225806451612945,0.03225806451612945,-0.28287594701950125,0.4843444227005871,3067
2025-03-05,000009.SZ,momentum_60_skip_5,-0.12512413108242304,-0.12512413108242304,-0.7048061245997914,0.1635344543356413,3034
2025-03-05,000009.SZ,overnight_reversal_5,-0.004739264997731562,-0.004739264997731562,-0.6275707568933827,0.17133550488599347,3071
2025-03-05,000009.SZ,reversal_5,0.01929625425652648,0.01929625425652648,0.17955547715869208,0.5680781758957655,3071
2025-03-05,000010.SZ,amihud_illiquidity_20,-15.36769770775385,-15.36769770775385,0.7277754349337215,0.7354859752120027,3067
2025-03-05,000010.SZ,amount_change_5_20,-0.060414443892971466,-0.060414443892971466,-0.06687586552550014,0.4755381604696673,3067
2025-03-05,000010.SZ,low_volatility_20,-0.02200427177665274,-0.02200427177665274,0.13072916929794576,0.44585779517286367,3067
2025-03-05,000010.SZ,momentum_20,-0.010273972602739656,-0.010273972602739656,-0.6805579792522458,0.2172211350293542,3067
2025-03-05,000010.SZ,momentum_60_skip_5,-0.04153354632587858,-0.04153354632587858,-0.22838114368839152,0.5156610616551269,3034
2025-03-05,000010.SZ,overnight_reversal_5,0.00012677451235177783,0.00012677451235177783,-0.3800296783497876,0.31205211726384363,3071
2025-03-05,000010.SZ,reversal_5,0.036666666666666625,0.036666666666666625,0.5638537744010947,0.7693811074918567,3071
2025-03-05,000011.SZ,amihud_illiquidity_20,-15.098743544926323,-15.098743544926323,0.9947762813893791,0.8352902804957599,3067
2025-03-05,000011.SZ,amount_change_5_20,0.02261316035914593,0.02261316035914593,0.18902012052473963,0.5991519895629485,3067
2025-03-05,000011.SZ,low_volatility_20,-0.014204037839110393,-0.014204037839110393,0.7617356264681571,0.7583170254403131,3067
2025-03-05,000011.SZ,momentum_20,0.004907975460122671,0.004907975460122671,-0.5386040930083977,0.31702544031311153,3067
2025-03-05,000011.SZ,momentum_60_skip_5,-0.14616935483870963,-0.14616935483870963,-0.8247534889538849,0.11045169798878998,3034
2025-03-05,000011.SZ,overnight_reversal_5,-0.0046393951906980235,-0.0046393951906980235,-0.6224902638772872,0.1723127035830619,3071
2025-03-05,000011.SZ,reversal_5,0.03305785123966953,0.03305785123966953,0.48401331978716156,0.7361563517915309,3071
2025-03-05,000012.SZ,amihud_illiquidity_20,-16.268155081605606,-16.268155081605606,-0.16614224415360465,0.4015003261578604,3067
2025-03-05,000012.SZ,amount_change_5_20,-0.007671521549708065,-0.007671521549708065,0.09568094003060398,0.5534898891063275,3067
2025-03-05,000012.SZ,low_volatility_20,-0.007830952337154216,-0.007830952337154216,1.2772917156870993,0.9673842139595564,3067
2025-03-05,000012.SZ,momentum_20,0.0,0.0,-0.5844945273103116,0.2762557077625571,3067
2025-03-05,000012.SZ,momentum_60_skip_5,-0.10834813499111917,-0.10834813499111917,-0.6091912459523081,0.2195845697329377,3034
2025-03-05,000012.SZ,overnight_reversal_5,0.002010083511401631,0.002010083511401631,-0.2842235633584043,0.36254071661237786,3071
2025-03-05,000012.SZ,reversal_5,0.017928286852589514,0.017928286852589514,0.14929093699675564,0.5517915309446254,3071
2025-03-06,000001.SZ,amihud_illiquidity_20,-19.295631316572425,-18.99466587890097,-2.8460991422157806,0.0,3067
2025-03-06,000001.SZ,amount_change_5_20,-0.20533131537576144,-0.20533131537576144,-0.4355790327576096,0.30887149380300066,3067
2025-03-06,000001.SZ,low_volatility_20,-0.0073186301203851155,-0.0073186301203851155,1.3138225103403238,0.9755381604696673,3067
2025-03-06,000001.SZ,momentum_20,0.02376760563380298,0.02376760563380298,-0.32476745486354436,0.4497716894977169,3067
2025-03-06,000001.SZ,momentum_60_skip_5,0.011314186248912117,0.011314186248912117,0.09987450349038783,0.6943620178041543,3034
2025-03-06,000001.SZ,overnight_reversal_5,0.0043592227890663846,0.0043592227890663846,-0.04066055933703002,0.5254071661237785,3071
2025-03-06,000001.SZ,reversal_5,-0.000860585197934638,-0.000860585197934638,0.030477199826062396,0.42833876221498374,3071
2025-03-06,000002.SZ,amihud_illiquidity_20,-18.20927973193956,-18.20927973193956,-2.0671717860017833,0.03587736464448793,3067
2025-03-06,000002.SZ,amount_change_5_20,-0.1931524502156277,-0.1931524502156277,-0.3979382681834268,0.3238747553816047,3067
2025-03-06,000002.SZ,low_volatility_20,-0.030892165481786596,-0.030892165481786596,-0.5962211549148224,0.23972602739726026,3067
2025-03-06,000002.SZ,momentum_20,0.1068376068376069,0.1068376068376069,0.4608870161713753,0.7870189171559034,3067
2025-03-06,000002.SZ,momentum_60_skip_5,-0.10640732265446229,-0.10640732265446229,-0.5951740425621858,0.22980547312891528,3034
2025-03-06,000002.SZ,overnight_reversal_5,0.0127924933616761,0.0127924933616761,0.3855138230746033,0.7648208469055374,3071
2025-03-06,000002.SZ,reversal_5,0.005121638924455829,0.005121638924455829,0.16708412145280419,0.5188925081433224,3071
2025-03-06,000004.SZ,amihud_illiquidity_20,-15.608865407849363,-15.608865407849363,0.5118574754146497,0.6588388780169602,3067
2025-03-06,000004.SZ,amount_change_5_20,-0.5561370838128723,-0.5561370838128723,-1.519801344720673,0.06523157208088715,3067
2025-03-06,000004.SZ,low_volatility_20,-0.037336364654058256,-0.037336364654058256,-1.1183618358919236,0.14122635355512067,3067
2025-03-06,000004.SZ,momentum_20,0.06481481481481488,0.06481481481481488,0.06344637623353365,0.6611219830397913,3067
2025-03-06,000004.SZ,momentum_60_skip_5,-0.34378265412748166,-0.31262315743328395,-1.812708692527323,0.0,3034
2025-03-06,000004.SZ,overnight_reversal_5,-0.01240564065061229,-0.01240564065061229,-0.8878710527161665,0.09446254071661238,3071
2025-03-06,000004.SZ,reversal_5,-0.007165605095541316,-0.007165605095541316,-0.11350091623676878,0.34104234527687294,3071
2025-03-06,000006.SZ,amihud_illiquidity_20,-16.239323941155863,-16.239323941155863,-0.11341634746971975,0.4197651663405088,3067
2025-03-06,000006.SZ,amount_change_5_20,0.03994438382407547,0.03994438382407547,0.3224854279255051,0.6614481409001957,3067
2025-03-06,000006.SZ,low_volatility_20,-0.027326251938487256,-0.027326251938487256,-0.3072933182620893,0.317351598173516,3067
2025-03-06,000006.SZ,momentum_20,-0.019033674963396807,-0.019033674963396807,-0.7295708373109534,0.17025440313111545,3067
2025-03-06,000006.SZ,momentum_60_skip_5,-0.25799338478500544,-0.25799338478500544,-1.490164882104925,0.018463567424991757,3034
2025-03-06,000006.SZ,overnight_reversal_5,0.013775116840507052,0.013775116840507052,0.4351705903546742,0.7866449511400652,3071
2025-03-06,000006.SZ,reversal_5,0.004457652303120341,0.004457652303120341,0.15192167242277071,0.5074918566775244,3071
2025-03-06,000007.SZ,amihud_illiquidity_20,-14.878729736393087,-14.878729736393087,1.2359887202109912,0.9080234833659491,3067
2025-03-06,000007.SZ,amount_change_5_20,-0.1038262115060971,-0.1038262115060971,-0.12186099190575908,0.44422700587084146,3067
2025-03-06,000007.SZ,low_volatility_20,-0.014930193737342962,-0.014930193737342962,0.6970962261249488,0.7211350293542075,3067
2025-03-06,000007.SZ,momentum_20,-0.08142857142857152,-0.08142857142857152,-1.3196855437903445,0.02511415525114155,3067
2025-03-06,000007.SZ,momentum_60_skip_5,-0.08976157082748948,-0.08976157082748948,-0.4968945886793297,0.2983844378503132,3034
2025-03-06,000007.SZ,overnight_reversal_5,-0.008002354495471108,-0.008002354495471108,-0.6653514807906714,0.1485342019543974,3071
2025-03-06,000007.SZ,reversal_5,0.00924499229583986,0.00924499229583986,0.26124284892938965,0.5902280130293159,3071
2025-03-06,000008.SZ,amihud_illiquidity_20,-16.39075635575542,-16.39075635575542,-0.263603425260043,0.36888454011741684,3067
2025-03-06,000008.SZ,amount_change_5_20,-0.38797722882732083,-0.38797722882732083,-1.0000759492002935,0.15492498369210697,3067
2025-03-06,000008.SZ,low_volatility_20,-0.030430254265312463,-0.030430254265312463,-0.5587948385218509,0.24755381604696672,3067
2025-03-06,000008.SZ,momentum_20,0.05617977528089879,0.05617977528089879,-0.018221582344439803,0.6236138290932811,3067
2025-03-06,000008.SZ,momentum_60_skip_5,-0.045751633986928164,-0.045751633986928164,-0.23705216143007338,0.5028025057698648,3034
2025-03-06,000008.SZ,overnight_reversal_5,0.021287961476324065,0.021287961476324065,0.8148313512963289,0.8811074918566775,3071
2025-03-06,000008.SZ,reversal_5,0.03424657534246578,0.03424657534246578,0.8321658411007579,0.8732899022801303,3071
2025-03-06,000009.SZ,amihud_illiquidity_20,-16.872160900878875,-16.872160900878875,-0.7410490372729038,0.21591650358773645,3067
2025-03-06,000009.SZ,amount_change_5_20,-0.09716174392459387,-0.09716174392459387,-0.10126337037458497,0.45335942596216566,3067
2025-03-06,000009.SZ,low_volatility_20,-0.01598466572980549,-0.01598466572980549,0.6116577240710811,0.6738421395955643,3067
2025-03-06,000009.SZ,momentum_20,0.023529411764705577,0.023529411764705577,-0.32702023054089574,0.44846705805609915,3067
2025-03-06,000009.SZ,momentum_60_skip_5,-0.12375249500997998,-0.12375249500997998,-0.6975829985723333,0.17276623804813715,3034
2025-03-06,000009.SZ,overnight_reversal_5,-0.00709063618624524,-0.00709063618624524,-0.6192778983030323,0.16091205211726384,3071
2025-03-06,000009.SZ,reversal_5,0.009111617312073106,0.009111617312073106,0.2581971679950698,0.5882736156351791,3071
2025-03-06,000010.SZ,amihud_illiquidity_20,-15.370280920089318,-15.370280920089318,0.7484799126750993,0.7495107632093934,3067
2025-03-06,000010.SZ,amount_change_5_20,-0.23576789414996957,-0.23576789414996957,-0.5296482322289797,0.27788649706457924,3067
2025-03-06,000010.SZ,low_volatility_20,-0.021963102362236246,-0.021963102362236246,0.12725541262988385,0.44487932159165033,3067
2025-03-06,000010.SZ,momentum_20,0.0,0.0,-0.5495552887553414,0.28180039138943247,3067
2025-03-06,000010.SZ,momentum_60_skip_5,-0.03194888178913746,-0.03194888178913746,-0.15555827865566224,0.5539070227497527,3034
2025-03-06,000010.SZ,overnight_reversal_5,0.006920772581512587,0.006920772581512587,0.08878707209056998,0.6188925081433225,3071
2025-03-06,000010.SZ,reversal_5,0.04290429042904287,0.04290429042904287,1.0298688662803117,0.9097719869706841,3071
2025-03-06,000011.SZ,amihud_illiquidity_20,-15.027563127646399,-15.027563127646399,1.0883792921432434,0.8639921722113503,3067
2025-03-06,000011.SZ,amount_change_5_20,0.018984230362561635,0.018984230362561635,0.2577046629272889,0.6314416177429876,3067
2025-03-06,000011.SZ,low_volatility_20,-0.014751522103938434,-0.014751522103938434,0.711573079779403,0.7286366601435095,3067
2025-03-06,000011.SZ,momentum_20,0.019559902200489088,0.019559902200489088,-0.3645628198240141,0.4197651663405088,3067
2025-03-06,000011.SZ,momentum_60_skip_5,-0.15100000000000002,-0.15100000000000002,-0.8584570725057403,0.10154962083745467,3034
2025-03-06,000011.SZ,overnight_reversal_5,0.0023708475405878307,0.0023708475405878307,-0.14114287947924922,0.4465798045602606,3071
2025-03-06,000011.SZ,reversal_5,0.017667844522968212,0.017667844522968212,0.4535826694584086,0.7260586319218241,3071
2025-03-06,000012.SZ,amihud_illiquidity_20,-16.31302383355788,-16.31302383355788,-0.18651015306339153,0.3972602739726027,3067
2025-03-06,000012.SZ,amount_change_5_20,-0.028127553186664662,-0.028127553186664662,0.11209802963841059,0.5619699934768428,3067
2025-03-06,000012.SZ,low_volatility_20,-0.007761213583066998,-0.007761213583066998,1.2779622235279193,0.967058056099152,3067
2025-03-06,000012.SZ,momentum_20,-0.002016129032258007,-0.002016129032258007,-0.5686233128966999,0.2742987606001305,3067
2025-03-06,000012.SZ,momentum_60_skip_5,-0.1120996441281139,-0.1120996441281139,-0.6287825122529102,0.21299043850972635,3034
2025-03-06,000012.SZ,overnight_reversal_5,-1.625963383083658e-05,-1.625963383083658e-05,-0.26177507277237144,0.35537459283387623,3071
2025-03-06,000012.SZ,reversal_5,0.008016032064128265,0.008016032064128265,0.23317895987724854,0.5713355048859935,3071
2025-03-07,000001.SZ,amihud_illiquidity_20,-19.26684801051036,-18.98213700967463,-2.834521500207376,0.0,3067
2025-03-07,000001.SZ,amount_change_5_20,-0.20516351877287023,-0.20516351877287023,-0.39754260843895833,0.32735572220410825,3068
2025-03-07,000001.SZ,low_volatility_20,-0.007335001199604592,-0.007335001199604592,1.3053885993851804,0.9726027397260274,3067
2025-03-07,000001.SZ,momentum_20,0.025483304042179356,0.025483304042179356,-0.14938354847215002,0.5547945205479452,3067
2025-03-07,000001.SZ,momentum_60_skip_5,0.00610820244328103,0.00610820244328103,0.15959497257918248,0.7068908671282559,3034
2025-03-07,000001.SZ,overnight_reversal_5,0.0009109435101503404,0.0009109435101503404,-0.16182081987863434,0.4425268642136112,3072
2025-03-07,000001.SZ,reversal_5,-0.012142237640936582,-0.012142237640936582,0.23618406122973928,0.5177466623249756,3072
2025-03-07,000002.SZ,amihud_illiquidity_20,-18.200990261655573,-18.200990261655573,-2.0601888906477472,0.03587736464448793,3067
2025-03-07,000002.SZ,amount_change_5_20,-0.2923538086876672,-0.2923538086876672,-0.6657098064456445,0.23084447342680142,3068
2025-03-07,000002.SZ,low_volatility_20,-0.0294015204092271,-0.0294015204092271,-0.46757483531782207,0.2713633398564905,3067
2025-03-07,000002.SZ,momentum_20,0.014824797843665749,0.014824797843665749,-0.2542846977391308,0.49249836921069795,3067
2025-03-07,000002.SZ,momentum_60_skip_5,-0.09356725146198841,-0.09356725146198841,-0.48100633873965565,0.30827563468513025,3034
2025-03-07,000002.SZ,overnight_reversal_5,0.02322221043074903,0.02322221043074903,0.9472771290928755,0.9000325626831651,3072
2025-03-07,000002.SZ,reversal_5,0.028387096774193488,0.028387096774193488,1.0195393746443009,0.9130576359492022,3072
2025-03-07,000004.SZ,amihud_illiquidity_20,-15.592591733434872,-15.592591733434872,0.525455924811886,0.6627527723418134,3067
2025-03-07,000004.SZ,amount_change_5_20,-0.4828795114120767,-0.4828795114120767,-1.2517010205795573,0.10694489729377242,3068
2025-03-07,000004.SZ,low_volatility_20,-0.03481315906472668,-0.03481315906472668,-0.9023800425587607,0.18036529680365296,3067
2025-03-07,000004.SZ,momentum_20,-0.03622047244094484,-0.03622047244094484,-0.7566728765109424,0.15622961513372471,3067
2025-03-07,000004.SZ,momentum_60_skip_5,-0.3395297977036632,-0.31048606060606065,-1.875115601783275,0.0,3034
2025-03-07,000004.SZ,overnight_reversal_5,-0.007660797243090494,-0.007660797243090494,-0.5879239238560131,0.17714099641810485,3072
2025-03-07,000004.SZ,reversal_5,-0.013245033112582849,-0.013245033112582849,0.21486911232198905,0.502116574405731,3072
2025-03-07,000006.SZ,amihud_illiquidity_20,-16.203541626364462,-16.203541626364462,-0.08016449939399316,0.43052837573385516,3067
2025-03-07,000006.SZ,amount_change_5_20,0.024175175940950956,0.024175175940950956,0.3078239549250996,0.6615585262471471,3068
2025-03-07,000006.SZ,low_volatility_20,-0.028122180523183625,-0.028122180523183625,-0.3647845938227752,0.2984344422700587,3067
2025-03-07,000006.SZ,momentum_20,-0.07604017216642744,-0.07604017216642744,-1.148578851595118,0.04403131115459882,3067
2025-03-07,000006.SZ,momentum_60_skip_5,-0.282339707536558,-0.282339707536558,-1.6942226138034815,0.013517969007583251,3034
2025-03-07,000006.SZ,overnight_reversal_5,0.016786966012083494,0.016786966012083494,0.6273797242851353,0.8453272549658092,3072
2025-03-07,000006.SZ,reversal_5,-0.009404388714733702,-0.009404388714733702,0.28910149830629617,0.5525887333116248,3072
2025-03-07,000007.SZ,amihud_illiquidity_20,-14.835287356508191,-14.835287356508191,1.27615414624551,0.9174820613176777,3067
2025-03-07,000007.SZ,amount_change_5_20,-0.15588008376542287,-0.15588008376542287,-0.24596379516735714,0.4000652103032279,3068
2025-03-07,000007.SZ,low_volatility_20,-0.014961415217865847,-0.014961415217865847,0.692634360085519,0.7214611872146118,3067
2025-03-07,000007.SZ,momentum_20,-0.08345323741007193,-0.08345323741007193,-1.221538331016152,0.03489889106327462,3067
2025-03-07,000007.SZ,momentum_60_skip_5,-0.11988716502115648,-0.11988716502115648,-0.6501610350987578,0.1984833498186614,3034
2025-03-07,000007.SZ,overnight_reversal_5,-0.009544374847286333,-0.009544374847286333,-0.6815569777286086,0.14360143275805926,3072
2025-03-07,000007.SZ,reversal_5,-0.02083333333333326,-0.02083333333333326,0.06820163348249854,0.42950179094757407,3072
2025-03-07,000008.SZ,amihud_illiquidity_20,-16.356901358498785,-16.356901358498785,-0.2321864362273508,0.3806262230919765,3067
2025-03-07,000008.SZ,amount_change_5_20,-0.45190223332047036,-0.45190223332047036,-1.156425619203811,0.12129116400391261,3068
2025-03-07,000008.SZ,low_volatility_20,-0.03064004326806709,-0.03064004326806709,-0.5670855792148292,0.24624918460534898,3067
2025-03-07,000008.SZ,momentum_20,0.022140221402213944,0.022140221402213944,-0.1822862089852874,0.5345727332028702,3067
2025-03-07,000008.SZ,momentum_60_skip_5,-0.17507418397626118,-0.17507418397626118,-1.0048409018593012,0.07154632377184306,3034
2025-03-07,000008.SZ,overnight_reversal_5,0.017967483792929662,0.017967483792929662,0.6860635208673938,0.8603060892217519,3072
2025-03-07,000008.SZ,reversal_5,0.003597122302158251,0.003597122302158251,0.5403960947874603,0.7339628785411918,3072
2025-03-07,000009.SZ,amihud_illiquidity_20,-16.86700368191917,-16.86700368191917,-0.737839009496335,0.21689497716894976,3067
2025-03-07,000009.SZ,amount_change_5_20,-0.14608014124483693,-0.14608014124483693,-0.21582255892487834,0.41375937398108903,3068
2025-03-07,000009.SZ,low_volatility_20,-0.016023583326498468,-0.016023583326498468,0.6072930699516367,0.6731898238747553,3067
2025-03-07,000009.SZ,momentum_20,-0.004640371229698403,-0.004640371229698403,-0.44586113147585366,0.370515329419439,3067
2025-03-07,000009.SZ,momentum_60_skip_5,-0.13549039433771481,-0.13549039433771481,-0.7504409813580984,0.14671941971645236,3034
2025-03-07,000009.SZ,overnight_reversal_5,-0.012801673981759744,-0.012801673981759744,-0.8434780287423354,0.10094431781178768,3072
2025-03-07,000009.SZ,reversal_5,-0.0035087719298243503,-0.0035087719298243503,0.4030526105305997,0.6346466948876588,3072
2025-03-07,000010.SZ,amihud_illiquidity_20,-15.304047072464135,-15.304047072464135,0.8114835385356501,0.7720156555772995,3067
2025-03-07,000010.SZ,amount_change_5_20,-0.3301478500191907,-0.3301478500191907,-0.7819512156109043,0.20345614607107923,3068
2025-03-07,000010.SZ,low_volatility_20,-0.02228843957428621,-0.02228843957428621,0.10393497593222518,0.4370515329419439,3067
2025-03-07,000010.SZ,momentum_20,-0.020618556701030966,-0.020618556701030966,-0.6031186296586204,0.2609262883235486,3067
2025-03-07,000010.SZ,momentum_60_skip_5,-0.05573770491803265,-0.05573770491803265,-0.23788071278879208,0.4879657105176393,3034
2025-03-07,000010.SZ,overnight_reversal_5,4.789329375053629e-05,4.789329375053629e-05,-0.20472323453195496,0.42005861282969714,3072
2025-03-07,000010.SZ,reversal_5,0.01041666666666663,0.01041666666666663,0.6722049781578641,0.8075545424943015,3072
2025-03-07,000011.SZ,amihud_illiquidity_20,-14.976334133158243,-14.976334133158243,1.1363377559060799,0.8786692759295499,3067
2025-03-07,000011.SZ,amount_change_5_20,-0.037841583336475006,-0.037841583336475006,0.11708183695377185,0.5735246168894685,3068
2025-03-07,000011.SZ,low_volatility_20,-0.015143429895327399,-0.015143429895327399,0.6780101520419655,0.713307240704501,3067
2025-03-07,000011.SZ,momentum_20,-0.0096735187424426,-0.0096735187424426,-0.4953974312802993,0.33887801696020875,3067
2025-03-07,000011.SZ,momentum_60_skip_5,-0.16229838709677413,-0.16229838709677413,-0.9227324999058905,0.08704253214638971,3034
2025-03-07,000011.SZ,overnight_reversal_5,0.005999998589246587,0.005999998589246587,0.09115721899811252,0.6160859654835559,3072
2025-03-07,000011.SZ,reversal_5,0.014440433212996484,0.014440433212996484,0.7499767686274987,0.8388147183327906,3072
2025-03-07,000012.SZ,amihud_illiquidity_20,-16.394561100390785,-16.394561100390785,-0.26951766277156336,0.36660143509458576,3067
2025-03-07,000012.SZ,amount_change_5_20,-0.050178433744021866,-0.050178433744021866,0.07913794882984866,0.5549396804695141,3068
2025-03-07,000012.SZ,low_volatility_20,-0.00616247774318434,-0.00616247774318434,1.399596534710937,0.9885844748858448,3067
2025-03-07,000012.SZ,momentum_20,-0.025691699604742824,-0.025691699604742824,-0.6530485645935193,0.2217873450750163,3067
2025-03-07,000012.SZ,momentum_60_skip_5,-0.10307414104882473,-0.10307414104882473,-0.5421058943200973,0.26574348829541705,3034
2025-03-07,000012.SZ,overnight_reversal_5,1.6259237279218214e-05,1.6259237279218214e-05,-0.20629577038457367,0.41256919570172584,3072
2025-03-07,000012.SZ,reversal_5,0.006048387096774133,0.006048387096774133,0.5877744030957154,0.7626180397264735,3072
2025-03-10,000001.SZ,amihud_illiquidity_20,-19.20835517384118,-18.96727210701291,-2.830356480624778,0.0,3067
2025-03-10,000001.SZ,amount_change_5_20,-0.2264927565295034,-0.2264927565295034,-0.4219052756807128,0.3238747553816047,3067
2025-03-10,000001.SZ,low_volatility_20,-0.00751315260826402,-0.00751315260826402,1.2871525054979533,0.9726027397260274,3067
2025-03-10,000001.SZ,momentum_20,0.013998250218722808,0.013998250218722808,-0.17623071428090478,0.5319634703196348,3067
2025-03-10,000001.SZ,momentum_60_skip_5,0.006118881118881259,0.006118881118881259,0.2256306044583132,0.7214897824653922,3035
2025-03-10,000001.SZ,overnight_reversal_5,0.0009005298730459903,0.0009005298730459903,-0.1680554820746801,0.4052117263843648,3071
2025-03-10,000001.SZ,reversal_5,-0.0069504778453517435,-0.0069504778453517435,0.3876982336699542,0.6136807817589577,3071
2025-03-10,000002.SZ,amihud_illiquidity_20,-18.165227634321848,-18.165227634321848,-2.0291552610704335,0.03816046966731898,3067
2025-03-10,000002.SZ,amount_change_5_20,-0.3974701935337909,-0.3974701935337909,-0.9447067588896605,0.15949119373776907,3067
2025-03-10,000002.SZ,low_volatility_20,-0.02945242422267862,-0.02945242422267862,-0.4907798403316385,0.2622309197651663,3067
2025-03-10,000002.SZ,momentum_20,0.008086253369272267,0.008086253369272267,-0.2364891624435141,0.4954337899543379,3067
2025-03-10,000002.SZ,momentum_60_skip_5,-0.08568075117370899,-0.08568075117370899,-0.3979916746243823,0.35959129861568884,3035
2025-03-10,000002.SZ,overnight_reversal_5,0.021895070222686535,0.021895070222686535,0.871226405945889,0.8817589576547231,3071
2025-03-10,000002.SZ,reversal_5,0.03979460847240035,0.03979460847240035,1.314546838564893,0.9615635179153095,3071
2025-03-10,000004.SZ,amihud_illiquidity_20,-15.673189503914132,-15.673189503914132,0.4602627914714807,0.6402478799739074,3067
2025-03-10,000004.SZ,amount_change_5_20,-0.47302211993782534,-0.47302211993782534,-1.1757235519553557,0.11578604044357468,3067
2025-03-10,000004.SZ,low_volatility_20,-0.025371207264545382,-0.025371207264545382,-0.16004289665635724,0.3584474885844749,3067
2025-03-10,000004.SZ,momentum_20,-0.13027916964924835,-0.13027916964924835,-1.6467885727407197,0.010437051532941943,3067
2025-03-10,000004.SZ,momentum_60_skip_5,-0.33478973238667387,-0.32062397528000075,-1.9940310618543504,0.0,3035
2025-03-10,000004.SZ,overnight_reversal_5,0.009570612722056606,0.009570612722056606,0.2611351514210793,0.6905537459283387,3071
2025-03-10,000004.SZ,reversal_5,0.0024630541871920597,0.0024630541871920597,0.5743471355927994,0.749185667752443,3071
2025-03-10,000006.SZ,amihud_illiquidity_20,-16.29076472631385,-16.29076472631385,-0.15666312498426482,0.40476190476190477,3067
2025-03-10,000006.SZ,amount_change_5_20,-0.0009433866227490176,-0.0009433866227490176,0.2677620113610142,0.6490541422048272,3067
2025-03-10,000006.SZ,low_volatility_20,-0.025784477215013587,-0.025784477215013587,-0.1935337994269878,0.3473581213307241,3067
2025-03-10,000006.SZ,momentum_20,-0.11538461538461531,-0.11538461538461531,-1.4949747695679427,0.017938682322243965,3067
2025-03-10,000006.SZ,momentum_60_skip_5,-0.286031042128603,-0.286031042128603,-1.7590309504892931,0.015491100856954515,3035
2025-03-10,000006.SZ,overnight_reversal_5,0.027711130747830194,0.027711130747830194,1.159135846340791,0.9198697068403909,3071
2025-03-10,000006.SZ,reversal_5,-0.0,0.0,0.5255103803954377,0.706514657980456,3071
2025-03-10,000007.SZ,amihud_illiquidity_20,-14.829775987682632,-14.829775987682632,1.3027895600009165,0.9230267449445532,3067
2025-03-10,000007.SZ,amount_change_5_20,-0.2532426318871757,-0.2532426318871757,-0.5036989600268811,0.2928897586431833,3067
2025-03-10,000007.SZ,low_volatility_20,-0.015045982428604996,-0.015045982428604996,0.6767009814640141,0.70808871493803,3067
2025-03-10,000007.SZ,momentum_20,-0.0752532561505066,-0.0752532561505066,-1.0859330376988967,0.05512067840834964,3067
2025-03-10,000007.SZ,momentum_60_skip_5,-0.11715481171548114,-0.11715481171548114,-0.6118043542273591,0.22544495715227422,3035
2025-03-10,000007.SZ,overnight_reversal_5,-0.0031545767485153453,-0.0031545767485153453,-0.368793330848451,0.2758957654723127,3071
2025-03-10,000007.SZ,reversal_5,-0.009478672985781866,-0.009478672985781866,0.33756988172122887,0.5742671009771987,3071
2025-03-10,000008.SZ,amihud_illiquidity_20,-16.37858665451443,-16.37858665451443,-0.24439271900768916,0.3760600130463144,3067
2025-03-10,000008.SZ,amount_change_5_20,-0.5035436207711849,-0.5035436207711849,-1.2690498187717387,0.10013046314416177,3067
2025-03-10,000008.SZ,low_volatility_20,-0.030141710094955795,-0.030141710094955795,-0.5466387434613017,0.24690150032615785,3067
2025-03-10,000008.SZ,momentum_20,0.003597122302158251,0.003597122302158251,-0.2822449499703613,0.4706457925636008,3067
2025-03-10,000008.SZ,momentum_60_skip_5,-0.2560646900269541,-0.2560646900269541,-1.5554605839559927,0.025049439683586024,3035
2025-03-10,000008.SZ,overnight_reversal_5,0.010747235819442643,0.010747235819442643,0.31938091692843923,0.7188925081433225,3071
2025-03-10,000008.SZ,reversal_5,-0.010869565217391353,-0.010869565217391353,0.30999165637229226,0.5566775244299674,3071
2025-03-10,000009.SZ,amihud_illiquidity_20,-16.870567694279533,-16.870567694279533,-0.7358564999809016,0.2181996086105675,3067
2025-03-10,000009.SZ,amount_change_5_20,-0.3755565289336874,-0.3755565289336874,-0.8777008629293047,0.17286366601435094,3067
2025-03-10,000009.SZ,low_volatility_20,-0.015917409705264264,-0.015917409705264264,0.6060815566517175,0.6712328767123288,3067
2025-03-10,000009.SZ,momentum_20,0.0,0.0,-0.3189088747488926,0.4461839530332681,3067
2025-03-10,000009.SZ,momentum_60_skip_5,-0.10750507099391482,-0.10750507099391482,-0.5462507877145876,0.25675675675675674,3035
2025-03-10,000009.SZ,overnight_reversal_5,-0.0034884518350920615,-0.0034884518350920615,-0.3853209768250595,0.26416938110749183,3071
2025-03-10,000009.SZ,reversal_5,0.029545454545454652,0.029545454545454652,1.1113294575128965,0.9400651465798046,3071
2025-03-10,000010.SZ,amihud_illiquidity_20,-15.321776914333423,-15.321776914333423,0.8113059130506818,0.7700587084148728,3067
2025-03-10,000010.SZ,amount_change_5_20,-0.4152191129701213,-0.4152191129701213,-0.9989780216319892,0.14774951076320939,3067
2025-03-10,000010.SZ,low_volatility_20,-0.021691606919468674,-0.021691606919468674,0.13814751678195,0.44846705805609915,3067
2025-03-10,000010.SZ,momentum_20,-0.033557046979865945,-0.033557046979865945,-0.660941461609021,0.21754729288975863,3067
2025-03-10,000010.SZ,momentum_60_skip_5,-0.07594936708860756,-0.07594936708860756,-0.33188348039504795,0.4027686222808174,3035
2025-03-10,000010.SZ,overnight_reversal_5,8.457102487044758e-05,8.457102487044758e-05,-0.2084474715231886,0.38697068403908796,3071
2025-03-10,000010.SZ,reversal_5,0.013698630136986356,0.013698630136986356,0.7971230188903607,0.8641693811074919,3071
2025-03-10,000011.SZ,amihud_illiquidity_20,-15.036141664528387,-15.036141664528387,1.096640851802458,0.867579908675799,3067
2025-03-10,000011.SZ,amount_change_5_20,-0.15716823333540983,-0.15716823333540983,-0.20993015087102015,0.41846053489889107,3067
2025-03-10,000011.SZ,low_volatility_20,-0.013927971723004938,-0.013927971723004938,0.7673032325963677,0.7602739726027398,3067
2025-03-10,000011.SZ,momentum_20,-0.030660377358490587,-0.030660377358490587,-0.6314169505734519,0.2354859752120026,3067
2025-03-10,000011.SZ,momentum_60_skip_5,-0.15768056968463895,-0.15768056968463895,-0.8871079138944475,0.11470006591957811,3035
2025-03-10,000011.SZ,overnight_reversal_5,0.004795904524442024,0.004795904524442024,0.02477523747568384,0.5371335504885993,3071
2025-03-10,000011.SZ,reversal_5,0.007246376811594013,0.007246376811594013,0.6691895297441971,0.8058631921824104,3071
2025-03-10,000012.SZ,amihud_illiquidity_20,-16.4195687176413,-16.4195687176413,-0.285331694432498,0.3613829093281148,3067
2025-03-10,000012.SZ,amount_change_5_20,-0.14378618968238124,-0.14378618968238124,-0.16901158060379368,0.43574690150032613,3067
2025-03-10,000012.SZ,low_volatility_20,-0.006068702604678898,-0.006115509000905834,1.4004158727207476,0.9902152641878669,3067
2025-03-10,000012.SZ,momentum_20,-0.021868787276341894,-0.021868787276341894,-0.5418080436807997,0.299412915851272,3067
2025-03-10,000012.SZ,momentum_60_skip_5,-0.1079136690647482,-0.1079136690647482,-0.5490265162638017,0.25411997363216876,3035
2025-03-10,000012.SZ,overnight_reversal_5,0.004040409537004765,0.004040409537004765,-0.012623640702056935,0.5136807817589577,3071
2025-03-10,000012.SZ,reversal_5,0.00806451612903214,0.00806451612903214,0.6854113691868008,0.8130293159609121,3071
2025-03-11,000001.SZ,amihud_illiquidity_20,-19.191541491077814,-18.988572399985003,-2.838202916377029,0.0,3066
2025-03-11,000001.SZ,amount_change_5_20,-0.2327095865179649,-0.2327095865179649,-0.5023926100750087,0.29429037520391516,3066
2025-03-11,000001.SZ,low_volatility_20,-0.007506561684543909,-0.007506561684543909,1.292471929720764,0.9748776508972268,3066
2025-03-11,000001.SZ,momentum_20,0.016637478108581627,0.016637478108581627,-0.23073839733636503,0.4929853181076672,3066
2025-03-11,000001.SZ,momentum_60_skip_5,-0.012864493996569526,-0.012864493996569526,0.10572556067974054,0.6663369601055061,3034
2025-03-11,000001.SZ,overnight_reversal_5,0.001742634552240907,0.001742634552240907,-0.37734986332145226,0.27613155323998695,3072
2025-03-11,000001.SZ,reversal_5,-0.008688097306689846,-0.008688097306689846,0.2878883992481953,0.5346792575708238,3072
2025-03-11,000002.SZ,amihud_illiquidity_20,-18.199750764908067,-18.199750764908067,-2.050919705103188,0.037194127243066887,3066
2025-03-11,000002.SZ,amount_change_5_20,-0.4639875310952232,-0.4639875310952232,-1.2133885393553052,0.10570962479608483,3066
2025-03-11,000002.SZ,low_volatility_20,-0.02892284491295503,-0.02892284491295503,-0.4572011226106754,0.26851549755301796,3066
2025-03-11,000002.SZ,momentum_20,0.026243093922651894,0.026243093922651894,-0.134705190608963,0.5566068515497553,3066
2025-03-11,000002.SZ,momentum_60_skip_5,-0.11981566820276501,-0.11981566820276501,-0.6009635675313771,0.23903725684141114,3034
2025-03-11,000002.SZ,overnight_reversal_5,0.02362136615297631,0.02362136615297631,0.7460765833894148,0.854770433083686,3072
2025-03-11,000002.SZ,reversal_5,0.027486910994764413,0.027486910994764413,1.0312506445691367,0.931943992184956,3072
2025-03-11,000004.SZ,amihud_illiquidity_20,-15.653732424619747,-15.653732424619747,0.49013318413302776,0.6492659053833605,3066
2025-03-11,000004.SZ,amount_change_5_20,-0.3928910687010348,-0.3928910687010348,-0.9948234036226513,0.15203915171288743,3066
2025-03-11,000004.SZ,low_volatility_20,-0.02535120639075062,-0.02535120639075062,-0.16540447384952756,0.35464926590538337,3066
2025-03-11,000004.SZ,momentum_20,-0.10729927007299267,-0.10729927007299267,-1.469809747848742,0.020228384991843394,3066
2025-03-11,000004.SZ,momentum_60_skip_5,-0.3358572201189832,-0.314579874763361,-1.8878848974055145,0.0,3034
2025-03-11,000004.SZ,overnight_reversal_5,0.004632331081474041,0.004632331081474041,-0.22897007773095734,0.3682839465971996,3072
2025-03-11,000004.SZ,reversal_5,0.004071661237784907,0.004071661237784907,0.5500893829309693,0.732660371214588,3072
2025-03-11,000006.SZ,amihud_illiquidity_20,-16.307403575409438,-16.307403575409438,-0.16226312426764447,0.4022838499184339,3066
2025-03-11,000006.SZ,amount_change_5_20,0.05987245629485726,0.05987245629485726,0.39706471518213216,0.6939641109298532,3066
2025-03-11,000006.SZ,low_volatility_20,-0.027599262791025737,-0.027599262791025737,-0.34906676770939493,0.29820554649265907,3066
2025-03-11,000006.SZ,momentum_20,-0.04119318181818177,-0.04119318181818177,-0.8089068175009493,0.1399673735725938,3066
2025-03-11,000006.SZ,momentum_60_skip_5,-0.3108535300316122,-0.3108535300316122,-1.863262752492765,0.010880316518298714,3034
2025-03-11,000006.SZ,overnight_reversal_5,0.015288610749272903,0.015288610749272903,0.3182072733523267,0.7085639856724194,3072
2025-03-11,000006.SZ,reversal_5,-0.032110091743119185,-0.032110091743119185,-0.19341145918082903,0.28980788016932596,3072
2025-03-11,000007.SZ,amihud_illiquidity_20,-14.867723321224647,-14.867723321224647,1.2746093489519768,0.9164763458401305,3066
2025-03-11,000007.SZ,amount_change_5_20,-0.26107613734492113,-0.26107613734492113,-0.5895972166472156,0.26199021207177814,3066
2025-03-11,000007.SZ,low_volatility_20,-0.014128211965723414,-0.014128211965723414,0.7514946305611737,0.7504078303425775,3066
2025-03-11,000007.SZ,momentum_20,-0.05646359583952465,-0.05646359583952465,-0.9615744709768008,0.09265905383360522,3066
2025-03-11,000007.SZ,momentum_60_skip_5,-0.0977653631284916,-0.0977653631284916,-0.45526427076924036,0.3237718430596769,3034
2025-03-11,000007.SZ,overnight_reversal_5,0.007855499940308883,0.007855499940308883,-0.06346719555710062,0.48811462064474115,3072
2025-03-11,000007.SZ,reversal_5,0.01702786377708987,0.01702786377708987,0.816327105122824,0.8726799088244871,3072
2025-03-11,000008.SZ,amihud_illiquidity_20,-16.38642909464766,-16.38642909464766,-0.2411345215416074,0.3755301794453507,3066
2025-03-11,000008.SZ,amount_change_5_20,-0.49856197960609094,-0.49856197960609094,-1.3196774991316944,0.08907014681892333,3066
2025-03-11,000008.SZ,low_volatility_20,-0.030051938944759094,-0.030051938944759094,-0.5494461391677521,0.24567699836867862,3066
2025-03-11,000008.SZ,momentum_20,0.021818181818181737,0.021818181818181737,-0.1789437388816014,0.5216965742251224,3066
2025-03-11,000008.SZ,momentum_60_skip_5,-0.2540106951871659,-0.2540106951871659,-1.4876688078781455,0.0250576986482031,3034
2025-03-11,000008.SZ,overnight_reversal_5,0.01792838387307976,0.01792838387307976,0.4537540223467474,0.7684793226961901,3072
2025-03-11,000008.SZ,reversal_5,-0.007168458781362075,-0.007168458781362075,0.3191155353099289,0.5591012699446435,3072
2025-03-11,000009.SZ,amihud_illiquidity_20,-16.898756443316937,-16.898756443316937,-0.752462687945692,0.2137030995106036,3066
2025-03-11,000009.SZ,amount_change_5_20,-0.4174826365141902,-0.4174826365141902,-1.0704229366508997,0.13605220228384993,3066
2025-03-11,000009.SZ,low_volatility_20,-0.015624851077158023,-0.015624851077158023,0.6292218209231084,0.6858075040783034,3066
2025-03-11,000009.SZ,momentum_20,0.021377672209025977,0.021377672209025977,-0.1833477824307402,0.5207177814029363,3066
2025-03-11,000009.SZ,momentum_60_skip_5,-0.11995967741935476,-0.11995967741935476,-0.6019151208778599,0.23804813715792944,3034
2025-03-11,000009.SZ,overnight_reversal_5,0.0036480685101188803,0.0036480685101188803,-0.2795098724204659,0.330185607294041,3072
2025-03-11,000009.SZ,reversal_5,0.014891179839633506,0.014891179839633506,0.7724202687773324,0.8590035818951481,3072
2025-03-11,000010.SZ,amihud_illiquidity_20,-15.333778344604081,-15.333778344604081,0.8094632638034887,0.7722675367047308,3066
2025-03-11,000010.SZ,amount_change_5_20,-0.38247754069819406,-0.38247754069819406,-0.962810078560465,0.1572593800978793,3066
2025-03-11,000010.SZ,low_volatility_20,-0.02163708892982639,-0.02163708892982639,0.13803245613801612,0.4469820554649266,3066
2025-03-11,000010.SZ,momentum_20,-0.0034129692832765013,-0.0034129692832765013,-0.4311949632276151,0.36476345840130503,3066
2025-03-11,000010.SZ,momentum_60_skip_5,-0.13213213213213204,-0.13213213213213204,-0.6823456675549583,0.19617540389053742,3034
2025-03-11,000010.SZ,overnight_reversal_5,-0.003310043886566919,-0.003310043886566919,-0.6367941806826878,0.14913708889612504,3072
2025-03-11,000010.SZ,reversal_5,-0.01038062283737018,-0.01038062283737018,0.25310859855637424,0.5148160208401172,3072
2025-03-11,000011.SZ,amihud_illiquidity_20,-15.074903363022772,-15.074903363022772,1.0678333664413449,0.8564437194127243,3066
2025-03-11,000011.SZ,amount_change_5_20,-0.07254877152502896,-0.07254877152502896,-0.010025351716948154,0.5216965742251224,3066
2025-03-11,000011.SZ,low_volatility_20,-0.014189781140327288,-0.014189781140327288,0.746464536192802,0.7468189233278956,3066
2025-03-11,000011.SZ,momentum_20,0.0023952095808381646,0.0023952095808381646,-0.37312705250082756,0.4039151712887439,3066
2025-03-11,000011.SZ,momentum_60_skip_5,-0.1572008113590263,-0.1572008113590263,-0.8479891324327083,0.12298054731289153,3034
2025-03-11,000011.SZ,overnight_reversal_5,0.008465503616306607,0.008465503616306607,-0.03214480106400962,0.5099316183653533,3072
2025-03-11,000011.SZ,reversal_5,-0.0072202166064980755,-0.0072202166064980755,0.31805196090006543,0.5577987626180397,3072
2025-03-11,000012.SZ,amihud_illiquidity_20,-16.438110359602305,-16.438110359602305,-0.2927149935100504,0.3566068515497553,3066
2025-03-11,000012.SZ,amount_change_5_20,-0.19645795456612725,-0.19645795456612725,-0.3909476437396474,0.3406199021207178,3066
2025-03-11,000012.SZ,low_volatility_20,-0.006066903775504292,-0.006215408580921725,1.3979568902878194,0.9902120717781403,3066
2025-03-11,000012.SZ,momentum_20,-0.015968063872255356,-0.015968063872255356,-0.556715910294786,0.2841761827079935,3066
2025-03-11,000012.SZ,momentum_60_skip_5,-0.1190053285968029,-0.1190053285968029,-0.5956091785408621,0.24365314869765908,3034
2025-03-11,000012.SZ,overnight_reversal_5,0.0060955707684034275,0.0060955707684034275,-0.15383582442176877,0.42331488114620647,3072
2025-03-11,000012.SZ,reversal_5,0.006048387096774133,0.006048387096774133,0.590709231879646,0.7655486812113318,3072
2025-03-12,000001.SZ,amihud_illiquidity_20,-19.095272297784977,-19.004128124275223,-2.835125214825096,0.0,3066
2025-03-12,000001.SZ,amount_change_5_20,-0.09291344577777065,-0.09291344577777065,-0.15194771744063654,0.466557911908646,3066
2025-03-12,000001.SZ,low_volatility_20,-0.008709806672984148,-0.008709806672984148,1.206639166165854,0.9543230016313213,3066
2025-03-12,000001.SZ,momentum_20,0.037653239929947624,0.037653239929947624,0.01553816824041205,0.6296900489396411,3066
2025-03-12,000001.SZ,momentum_60_skip_5,-0.0008568980291344674,-0.0008568980291344674,0.15598931118199394,0.6977587343441002,3035
2025-03-12,000001.SZ,overnight_reversal_5,0.0034727646836758886,0.0034727646836758886,-0.10082944270911354,0.3966134809508303,3072
2025-03-12,000001.SZ,reversal_5,-0.016295025728988,-0.016295025728988,0.21043668560266263,0.5011396939107783,3072
2025-03-12,000002.SZ,amihud_illiquidity_20,-18.33704708088295,-18.33704708088295,-2.173049909319749,0.03132137030995106,3066
2025-03-12,000002.SZ,amount_change_5_20,-0.4979780588579198,-0.4979780588579198,-1.4064442884193968,0.07601957585644371,3066
2025-03-12,000002.SZ,low_volatility_20,-0.01755337199850442,-0.01755337199850442,0.4801322379227847,0.5980424143556281,3066
2025-03-12,000002.SZ,momentum_20,-0.0653266331658291,-0.0653266331658291,-1.022351651948799,0.07275693311582382,3066
2025-03-12,000002.SZ,momentum_60_skip_5,-0.10570071258907354,-0.10570071258907354,-0.5013323893204851,0.3015820698747528,3035
2025-03-12,000002.SZ,overnight_reversal_5,0.018372010266832627,0.018372010266832627,0.6545542000903327,0.836860957342885,3072
2025-03-12,000002.SZ,reversal_5,0.01195219123505975,0.01195219123505975,0.8017029464695823,0.8612829697167047,3072
2025-03-12,000004.SZ,amihud_illiquidity_20,-15.672422394382568,-15.672422394382568,0.47157958637169856,0.6469820554649266,3066
2025-03-12,000004.SZ,amount_change_5_20,-0.3679763742348084,-0.3679763742348084,-1.0038253917919446,0.14551386623164764,3066
2025-03-12,000004.SZ,low_volatility_20,-0.024598615625080266,-0.024598615625080266,-0.0986409284942972,0.37487765089722674,3066
2025-03-12,000004.SZ,momentum_20,-0.125,-0.125,-1.623773833893034,0.011419249592169658,3066
2025-03-12,000004.SZ,momentum_60_skip_5,-0.3318705430608887,-0.32194931773879143,-1.8571100426319989,0.0,3035
2025-03-12,000004.SZ,overnight_reversal_5,-0.004333645144067554,-0.004333645144067554,-0.49661017267657437,0.17844350374470858,3072
2025-03-12,000004.SZ,reversal_5,-0.005747126436781658,-0.005747126436781658,0.431223638966651,0.6629762292412895,3072
2025-03-12,000006.SZ,amihud_illiquidity_20,-16.332737519094948,-16.332737519094948,-0.18378057151944763,0.3951060358890702,3066
2025-03-12,000006.SZ,amount_change_5_20,0.08947237132499665,0.08947237132499665,0.4129063200689505,0.698531810766721,3066
2025-03-12,000006.SZ,low_volatility_20,-0.027090226749626113,-0.027090226749626113,-0.30332904667287464,0.3190864600326264,3066
2025-03-12,000006.SZ,momentum_20,-0.07500000000000007,-0.07500000000000007,-1.1198453530218655,0.05089722675367047,3066
2025-03-12,000006.SZ,momentum_60_skip_5,-0.274749721913237,-0.274749721913237,-1.5611906436545226,0.01944627554383652,3035
2025-03-12,000006.SZ,overnight_reversal_5,0.010471107693822977,0.010471107693822977,0.2539827393614434,0.6567893194399218,3072
2025-03-12,000006.SZ,reversal_5,-0.021472392638036908,-0.021472392638036908,0.10206486343888344,0.4340605665906871,3072
2025-03-12,000007.SZ,amihud_illiquidity_20,-14.807024051971009,-14.807024051971009,1.3304840292596516,0.9295269168026101,3066
2025-03-12,000007.SZ,amount_change_5_20,-0.21881302036242192,-0.21881302036242192,-0.5418622631797343,0.28841761827079937,3066
2025-03-12,000007.SZ,low_volatility_20,-0.014348920423381062,-0.014348920423381062,0.743380846923089,0.7429037520391517,3066
2025-03-12,000007.SZ,momentum_20,-0.06845238095238093,-0.06845238095238093,-1.0538547186220688,0.06460032626427406,3066
2025-03-12,000007.SZ,momentum_60_skip_5,-0.1182943603851444,-0.1182943603851444,-0.5802886731946285,0.24620962425840476,3035
2025-03-12,000007.SZ,overnight_reversal_5,0.007855499940308883,0.007855499940308883,0.12137284968907398,0.5620319114295018,3072
2025-03-12,000007.SZ,reversal_5,0.023400936037441533,0.023400936037441533,1.0413462550312567,0.927710843373494,3072
2025-03-12,000008.SZ,amihud_illiquidity_20,-16.3839854510998,-16.3839854510998,-0.23464394198203375,0.3735725938009788,3066
2025-03-12,000008.SZ,amount_change_5_20,-0.42782478209375974,-0.42782478209375974,-1.1891776047800906,0.11092985318107668,3066
2025-03-12,000008.SZ,low_volatility_20,-0.03009597648408401,-0.03009597648408401,-0.5502541188885829,0.2473083197389886,3066
2025-03-12,000008.SZ,momentum_20,0.025270758122743597,0.025270758122743597,-0.10925953668997225,0.5637846655791191,3066
2025-03-12,000008.SZ,momentum_60_skip_5,-0.16617210682492578,-0.16617210682492578,-0.8804597594729863,0.11173368490441661,3035
2025-03-12,000008.SZ,overnight_reversal_5,0.021493450037576016,0.021493450037576016,0.8128094977591452,0.8717030283295344,3072
2025-03-12,000008.SZ,reversal_5,-0.010676156583629748,-0.010676156583629748,0.3280499624824678,0.5939433409312928,3072
2025-03-12,000009.SZ,amihud_illiquidity_20,-16.971527014988265,-16.971527014988265,-0.8177766276755137,0.19608482871125613,3066
2025-03-12,000009.SZ,amount_change_5_20,-0.4417343461666412,-0.4417343461666412,-1.2322559183867805,0.10277324632952692,3066
2025-03-12,000009.SZ,low_volatility_20,-0.01300393251861704,-0.01300393251861704,0.8538728255817876,0.8071778140293638,3066
2025-03-12,000009.SZ,momentum_20,-0.01830663615560657,-0.01830663615560657,-0.5484573386702319,0.2877650897226754,3066
2025-03-12,000009.SZ,momentum_60_skip_5,-0.11926605504587151,-0.11926605504587151,-0.5863807444287705,0.24192485168094924,3035
2025-03-12,000009.SZ,overnight_reversal_5,0.003630773145874835,0.003630773145874835,-0.09281849966486241,0.4041028980788017,3072
2025-03-12,000009.SZ,reversal_5,0.006944444444444753,0.006944444444444753,0.696881585695393,0.8140670791273201,3072
2025-03-12,000010.SZ,amihud_illiquidity_20,-15.289781918548684,-15.289781918548684,0.8513487500225648,0.7879282218597063,3066
2025-03-12,000010.SZ,amount_change_5_20,-0.22227671758585227,-0.22227671758585227,-0.5525894315113757,0.2831973898858075,3066
2025-03-12,000010.SZ,low_volatility_20,-0.021971056528878086,-0.021971056528878086,0.11721543910105121,0.4460032626427406,3066
2025-03-12,000010.SZ,momentum_20,0.013651877133105783,0.013651877133105783,-0.22636123762059407,0.500489396411093,3066
2025-03-12,000010.SZ,momentum_60_skip_5,-0.12951807228915646,-0.12951807228915646,-0.6506560995007112,0.20369149637442321,3035
2025-03-12,000010.SZ,overnight_reversal_5,0.0001677284237078568,0.0001677284237078568,-0.26839298246720883,0.29208726799088247,3072
2025-03-12,000010.SZ,reversal_5,-0.02768166089965396,-0.02768166089965396,-0.027906554008673156,0.3565613806577662,3072
2025-03-12,000011.SZ,amihud_illiquidity_20,-15.15184668853523,-15.15184668853523,0.98824892198174,0.8323001631321371,3066
2025-03-12,000011.SZ,amount_change_5_20,0.09907878718490244,0.09907878718490244,0.44265766187096384,0.7089722675367047,3066
2025-03-12,000011.SZ,low_volatility_20,-0.013753649463797403,-0.013753649463797403,0.792282897216248,0.7729200652528548,3066
2025-03-12,000011.SZ,momentum_20,-0.009433962264150941,-0.009433962264150941,-0.4590334771625015,0.34714518760195756,3066
2025-03-12,000011.SZ,momentum_60_skip_5,-0.13970588235294124,-0.13970588235294124,-0.714528905575454,0.17468688200395519,3035
2025-03-12,000011.SZ,overnight_reversal_5,0.010857849254926432,0.010857849254926432,0.2735903260421092,0.6701400195376099,3072
2025-03-12,000011.SZ,reversal_5,-0.025641025641025772,-0.025641025641025772,0.014807699246716974,0.3796808857049821,3072
2025-03-12,000012.SZ,amihud_illiquidity_20,-16.40531793861948,-16.40531793861948,-0.25581635173896206,0.367047308319739,3066
2025-03-12,000012.SZ,amount_change_5_20,-0.19057173951516246,-0.19057173951516246,-0.4543982171019176,0.32495921696574226,3066
2025-03-12,000012.SZ,low_volatility_20,-0.006071732328299608,-0.006322852299096045,1.402729637169163,0.9902120717781403,3066
2025-03-12,000012.SZ,momentum_20,-0.02191235059760932,-0.02191235059760932,-0.5847977826945056,0.26296900489396413,3066
2025-03-12,000012.SZ,momentum_60_skip_5,-0.11964285714285705,-0.11964285714285705,-0.5887431174136053,0.24093605800922874,3035
2025-03-12,000012.SZ,overnight_reversal_5,0.0060955707684034275,0.0060955707684034275,0.03214539843839876,0.4962552914360143,3072
2025-03-12,000012.SZ,reversal_5,0.0040567951318457585,0.0040567951318457585,0.6364377687371268,0.7815043959622273,3072
2025-03-13,000001.SZ,amihud_illiquidity_20,-19.134775546266294,-18.986573733869058,-2.848858378792069,0.0,3066
2025-03-13,000001.SZ,amount_change_5_20,-0.0029328517462372562,-0.0029328517462372562,0.15708174190646065,0.6032626427406199,3066
2025-03-13,000001.SZ,low_volatility_20,-0.008643564118928998,-0.008643564118928998,1.2017784563108036,0.9592169657422512,3066
2025-03-13,000001.SZ,momentum_20,0.029565217391304355,0.029565217391304355,-0.05081392982877008,0.5719412724306688,3066
2025-03-13,000001.SZ,momentum_60_skip_5,-0.013570822731127863,-0.013570822731127863,0.02568445178598733,0.6471169686985173,3036
2025-03-13,000001.SZ,overnight_reversal_5,0.009423596617175506,0.009423596617175506,-0.0001831291650924753,0.5125366330185608,3072
2025-03-13,000001.SZ,reversal_5,-0.018056749785038573,-0.018056749785038573,-0.2613357954607798,0.31520677303809835,3072
2025-03-13,000002.SZ,amihud_illiquidity_20,-18.243461660396346,-18.243461660396346,-2.1024602069290146,0.034910277324632956,3066
2025-03-13,000002.SZ,amount_change_5_20,-0.6160442632702237,-0.6160442632702237,-1.654222226207833,0.04469820554649266,3066
2025-03-13,000002.SZ,low_volatility_20,-0.017627693014604682,-0.017627693014604682,0.47235860802660595,0.5921696574225123,3066
2025-03-13,000002.SZ,momentum_20,-0.07779171894604775,-0.07779171894604775,-1.1430198226763255,0.0632952691680261,3066
2025-03-13,000002.SZ,momentum_60_skip_5,-0.09440559440559448,-0.09440559440559448,-0.47380165176760847,0.3176276771004942,3036
2025-03-13,000002.SZ,overnight_reversal_5,0.029030577646315676,0.029030577646315676,1.029738938818162,0.9019863236730706,3072
2025-03-13,000002.SZ,reversal_5,0.05405405405405406,0.05405405405405406,1.1695984586850252,0.914034516444155,3072
2025-03-13,000004.SZ,amihud_illiquidity_20,-15.63276900665082,-15.63276900665082,0.5197771292855485,0.6603588907014681,3066
2025-03-13,000004.SZ,amount_change_5_20,-0.5023162434195746,-0.5023162434195746,-1.3182375914915652,0.08743882544861338,3066
2025-03-13,000004.SZ,low_volatility_20,-0.02411676297572816,-0.02411676297572816,-0.05448784325555264,0.38564437194127243,3066
2025-03-13,000004.SZ,momentum_20,-0.11422254974207813,-0.11422254974207813,-1.5136523074905615,0.025122349102773247,3066
2025-03-13,000004.SZ,momentum_60_skip_5,-0.3041804180418042,-0.3041804180418042,-1.770021176004726,0.010873146622734762,3036
2025-03-13,000004.SZ,overnight_reversal_5,0.0022136894714734996,0.0022136894714734996,-0.37890754708708463,0.25496580918267664,3072
2025-03-13,000004.SZ,reversal_5,0.04980237154150202,0.04980237154150202,1.0852299893147639,0.8980788016932595,3072
2025-03-13,000006.SZ,amihud_illiquidity_20,-16.273958019135815,-16.273958019135815,-0.12424727002338196,0.41533442088091355,3066
2025-03-13,000006.SZ,amount_change_5_20,0.014725792611695805,0.014725792611695805,0.2092503559558044,0.6205546492659054,3066
2025-03-13,000006.SZ,low_volatility_20,-0.027406358332949705,-0.027406358332949705,-0.3215695129693392,0.30505709624796085,3066
2025-03-13,000006.SZ,momentum_20,-0.08823529411764708,-0.08823529411764708,-1.2492685173016451,0.04730831973898858,3066
2025-03-13,000006.SZ,momentum_60_skip_5,-0.25472747497219117,-0.25472747497219117,-1.4644465163449751,0.02372322899505766,3036
2025-03-13,000006.SZ,overnight_reversal_5,0.013533897224368707,0.013533897224368707,0.21572411811084838,0.6405079778573755,3072
2025-03-13,000006.SZ,reversal_5,0.028358208955224118,0.028358208955224118,0.6597017028093523,0.7779225008140671,3072
2025-03-13,000007.SZ,amihud_illiquidity_20,-14.78032302554646,-14.78032302554646,1.3759926916769811,0.9393148450244698,3066
2025-03-13,000007.SZ,amount_change_5_20,-0.1078288550588224,-0.1078288550588224,-0.1528106258887233,0.4694942903752039,3066
2025-03-13,000007.SZ,low_volatility_20,-0.014405041036273127,-0.014405041036273127,0.7340051565571836,0.73442088091354,3066
2025-03-13,000007.SZ,momentum_20,-0.07600596125186287,-0.07600596125186287,-1.1248522487558317,0.06590538336052203,3066
2025-03-13,000007.SZ,momentum_60_skip_5,-0.10570236439499314,-0.10570236439499314,-0.543605518443566,0.26919275123558484,3036
2025-03-13,000007.SZ,overnight_reversal_5,0.0030746143399667672,0.0030746143399667672,-0.33368459717863147,0.2810159557147509,3072
2025-03-13,000007.SZ,reversal_5,0.035769828926905056,0.035769828926905056,0.806774545317869,0.8309996743731684,3072
2025-03-13,000008.SZ,amihud_illiquidity_20,-16.330970558097643,-16.330970558097643,-0.1815119227903814,0.3905383360522023,3066
2025-03-13,000008.SZ,amount_change_5_20,-0.41743512102240515,-0.41743512102240515,-1.067474824845567,0.13181076672104405,3066
2025-03-13,000008.SZ,low_volatility_20,-0.03061463234736011,-0.03061463234736011,-0.582048717132557,0.23523654159869495,3066
2025-03-13,000008.SZ,momentum_20,0.0072727272727273196,0.0072727272727273196,-0.2776086755100929,0.4443719412724307,3066
2025-03-13,000008.SZ,momentum_60_skip_5,-0.12422360248447217,-0.12422360248447217,-0.6580500929090924,0.19637561779242174,3036
2025-03-13,000008.SZ,overnight_reversal_5,0.017928383873079757,0.017928383873079757,0.44655918498007785,0.7590361445783133,3072
2025-03-13,000008.SZ,reversal_5,0.01773049645390068,0.01773049645390068,0.4488101712811321,0.701074568544448,3072
2025-03-13,000009.SZ,amihud_illiquidity_20,-16.93674595718433,-16.93674595718433,-0.7899661069956352,0.20097879282218598,3066
2025-03-13,000009.SZ,amount_change_5_20,-0.45967343450056386,-0.45967343450056386,-1.1922587113814176,0.10864600326264275,3066
2025-03-13,000009.SZ,low_volatility_20,-0.012797408431837931,-0.012797408431837931,0.8645285655644023,0.8117455138662316,3066
2025-03-13,000009.SZ,momentum_20,-0.03510758776896972,-0.03510758776896972,-0.7087687980738052,0.19510603588907013,3066
2025-03-13,000009.SZ,momentum_60_skip_5,-0.11675126903553301,-0.11675126903553301,-0.611877800446952,0.22108731466227347,3036
2025-03-13,000009.SZ,overnight_reversal_5,0.010583442348388952,0.010583442348388952,0.06074163596104007,0.5499837186584174,3072
2025-03-13,000009.SZ,reversal_5,0.020689655172413834,0.020689655172413834,0.5075303816843221,0.7277759687398242,3072
2025-03-13,000010.SZ,amihud_illiquidity_20,-15.248291848399303,-15.248291848399303,0.9059544749192318,0.8065252854812398,3066
2025-03-13,000010.SZ,amount_change_5_20,-0.1200588364279984,-0.1200588364279984,-0.18894143893115142,0.4453507340946166,3066
2025-03-13,000010.SZ,low_volatility_20,-0.022597715633550054,-0.022597715633550054,0.06884334385613185,0.4309951060358891,3066
2025-03-13,000010.SZ,momentum_20,-0.026936026936026924,-0.026936026936026924,-0.6256346550925178,0.24045676998368679,3066
2025-03-13,000010.SZ,momentum_60_skip_5,-0.1343283582089554,-0.1343283582089554,-0.7204883847435614,0.16474464579901152,3036
2025-03-13,000010.SZ,overnight_reversal_5,7.420492586091443e-05,7.420492586091443e-05,-0.49129110804226944,0.21393682839465972,3072
2025-03-13,000010.SZ,reversal_5,0.0034482758620688614,0.0034482758620688614,0.16540023016160904,0.5421686746987951,3072
2025-03-13,000011.SZ,amihud_illiquidity_20,-15.144250134468946,-15.144250134468946,1.0104562692612518,0.8398042414355628,3066
2025-03-13,000011.SZ,amount_change_5_20,0.1272301835523324,0.1272301835523324,0.541620045886269,0.7318107667210441,3066
2025-03-13,000011.SZ,low_volatility_20,-0.013755345064327639,-0.013755345064327639,0.7867538584948232,0.7680261011419249,3066
2025-03-13,000011.SZ,momentum_20,-0.015294117647058902,-0.015294117647058902,-0.5071945955750633,0.3089722675367047,3066
2025-03-13,000011.SZ,momentum_60_skip_5,-0.14811031664964247,-0.14811031664964247,-0.8056484783304999,0.13278418451400328,3036
2025-03-13,000011.SZ,overnight_reversal_5,0.0120781056601558,0.0120781056601558,0.13925381112486332,0.6027352653858677,3072
2025-03-13,000011.SZ,reversal_5,-0.003597122302158251,-0.003597122302158251,0.02559452795664794,0.4607619667860632,3072
2025-03-13,000012.SZ,amihud_illiquidity_20,-16.398141169973705,-16.398141169973705,-0.24897956824649614,0.3683523654159869,3066
2025-03-13,000012.SZ,amount_change_5_20,-0.24566399133981187,-0.24566399133981187,-0.5600144792157352,0.2861337683523654,3066
2025-03-13,000012.SZ,low_volatility_20,-0.006072932582549817,-0.006407022949252456,1.3833628413536376,0.9902120717781403,3066
2025-03-13,000012.SZ,momentum_20,-0.021868787276341894,-0.021868787276341894,-0.5740826156473194,0.27112561174551386,3066
2025-03-13,000012.SZ,momentum_60_skip_5,-0.1160714285714286,-0.1160714285714286,-0.6076769985219946,0.22273476112026358,3036
2025-03-13,000012.SZ,overnight_reversal_5,0.006087325215848437,0.006087325215848437,-0.17543191100975206,0.38717030283295345,3072
2025-03-13,000012.SZ,reversal_5,0.006060606060605989,0.006060606060605989,0.21723813190747485,0.5825464018235103,3072
2025-03-14,000001.SZ,amihud_illiquidity_20,-19.12010202922936,-18.957080994873934,-2.8327191068382627,0.0,3066
2025-03-14,000001.SZ,amount_change_5_20,0.12098687050161695,0.12098687050161695,0.4646073911435628,0.7045973263775677,3068
2025-03-14,000001.SZ,low_volatility_20,-0.008882744075740117,-0.008882744075740117,1.231921120721136,0.9628058727569331,3066
2025-03-14,000001.SZ,momentum_20,0.036363636363636376,0.036363636363636376,-0.15754187775194045,0.5138662316476346,3066
2025-03-14,000001.SZ,momentum_60_skip_5,-0.005115089514066473,-0.005115089514066473,0.18021155124656107,0.6972990777338604,3037
2025-03-14,000001.SZ,overnight_reversal_5,0.011114214095082946,0.011114214095082946,0.21437251147358427,0.6311848958333334,3073
2025-03-14,000001.SZ,reversal_5,-0.02570694087403602,-0.02570694087403602,-0.05796669508928672,0.4244791666666667,3073
2025-03-14,000002.SZ,amihud_illiquidity_20,-18.18689062777495,-18.18689062777495,-2.0568855932932832,0.037194127243066887,3066
2025-03-14,000002.SZ,amount_change_5_20,-0.6111867645273832,-0.6111867645273832,-1.6960981969776454,0.05021193348549071,3068
2025-03-14,000002.SZ,low_volatility_20,-0.018383911962282742,-0.018383911962282742,0.44361729307467224,0.5794453507340946,3066
2025-03-14,000002.SZ,momentum_20,-0.03457106274007682,-0.03457106274007682,-0.9119983112354493,0.11484502446982056,3066
2025-03-14,000002.SZ,momentum_60_skip_5,-0.12947976878612721,-0.12947976878612721,-0.5720635476630234,0.2509881422924901,3037
2025-03-14,000002.SZ,overnight_reversal_5,0.010748668128704331,0.010748668128704331,0.19632219796283365,0.6188151041666666,3073
2025-03-14,000002.SZ,reversal_5,-0.0013280212483399723,-0.0013280212483399723,0.48988750793950453,0.7233072916666666,3073
2025-03-14,000004.SZ,amihud_illiquidity_20,-15.56800526072465,-15.56800526072465,0.5811882163588199,0.6884176182707994,3066
2025-03-14,000004.SZ,amount_change_5_20,-0.5547995634833385,-0.5547995634833385,-1.5296948541564366,0.06879686990544506,3068
2025-03-14,000004.SZ,low_volatility_20,-0.024655906919743332,-0.024655906919743332,-0.0767648000518453,0.38238172920065255,3066
2025-03-14,000004.SZ,momentum_20,-0.10248901903367502,-0.10248901903367502,-1.6343688819463726,0.01827079934747145,3066
2025-03-14,000004.SZ,momentum_60_skip_5,-0.327841845140033,-0.327841845140033,-1.7719448281237273,0.011198945981554678,3037
2025-03-14,000004.SZ,overnight_reversal_5,-0.007351591376807154,-0.007351591376807154,-0.6974514686901607,0.1318359375,3073
2025-03-14,000004.SZ,reversal_5,-0.0016339869281045694,-0.0016339869281045694,0.483011707608102,0.7216796875,3073
2025-03-14,000006.SZ,amihud_illiquidity_20,-16.272971793665903,-16.272971793665903,-0.12894357124524808,0.41435562805872755,3066
2025-03-14,000006.SZ,amount_change_5_20,-0.06319753876501472,-0.06319753876501472,-0.07893619374863539,0.46820997717639384,3068
2025-03-14,000006.SZ,low_volatility_20,-0.02754398198910713,-0.02754398198910713,-0.31638593493721884,0.30962479608482874,3066
2025-03-14,000006.SZ,momentum_20,-0.0639204545454547,-0.0639204545454547,-1.2241563628826495,0.051223491027732465,3066
2025-03-14,000006.SZ,momentum_60_skip_5,-0.29385964912280693,-0.29385964912280693,-1.5663883950620556,0.018115942028985508,3037
2025-03-14,000006.SZ,overnight_reversal_5,0.010622780884225235,0.010622780884225235,0.19010600509285497,0.6145833333333334,3073
2025-03-14,000006.SZ,reversal_5,-0.02329192546583836,-0.02329192546583836,-0.0036953671521035383,0.455078125,3073
2025-03-14,000007.SZ,amihud_illiquidity_20,-14.730871087769907,-14.730871087769907,1.4244560296896753,0.9504078303425775,3066
2025-03-14,000007.SZ,amount_change_5_20,0.015093120106164653,0.015093120106164653,0.15210608369413028,0.5751548744701663,3068
2025-03-14,000007.SZ,low_volatility_20,-0.01569250358493052,-0.01569250358493052,0.6669211596058171,0.6998368678629691,3066
2025-03-14,000007.SZ,momentum_20,-0.04797601199400303,-0.04797601199400303,-1.054572401672596,0.07732463295269168,3066
2025-03-14,000007.SZ,momentum_60_skip_5,-0.13685636856368566,-0.13685636856368566,-0.6166841936515816,0.22924901185770752,3037
2025-03-14,000007.SZ,overnight_reversal_5,0.001463010445625376,0.001463010445625376,-0.2621947814298053,0.2893880208333333,3073
2025-03-14,000007.SZ,reversal_5,0.0031397174254317317,0.0031397174254317317,0.5902885695140377,0.7669270833333334,3073
2025-03-14,000008.SZ,amihud_illiquidity_20,-16.362782911573884,-16.362782911573884,-0.2194127307394184,0.3781402936378467,3066
2025-03-14,000008.SZ,amount_change_5_20,-0.4374824946398917,-0.4374824946398917,-1.1834823792672036,0.11900880339093577,3068
2025-03-14,000008.SZ,low_volatility_20,-0.030354382774642436,-0.030354382774642436,-0.5495625004830244,0.24763458401305058,3066
2025-03-14,000008.SZ,momentum_20,0.03703703703703698,0.03703703703703698,-0.1503796359044577,0.5184339314845025,3066
2025-03-14,000008.SZ,momentum_60_skip_5,-0.15805471124620074,-0.15805471124620074,-0.7449118016151143,0.1686429512516469,3037
2025-03-14,000008.SZ,overnight_reversal_5,0.017992622738900538,0.017992622738900538,0.5540218138744989,0.8037109375,3073
2025-03-14,000008.SZ,reversal_5,-0.010830324909747224,-0.010830324909747224,0.27634740528989005,0.6240234375,3073
2025-03-14,000009.SZ,amihud_illiquidity_20,-16.91972721919965,-16.91972721919965,-0.7804377415581293,0.2032626427406199,3066
2025-03-14,000009.SZ,amount_change_5_20,-0.43106409787505073,-0.43106409787505073,-1.1645411539989357,0.12259537006847082,3068
2025-03-14,000009.SZ,low_volatility_20,-0.01244264958105816,-0.01244264958105816,0.9365587853311116,0.8499184339314845,3066
2025-03-14,000009.SZ,momentum_20,-0.04008908685968837,-0.04008908685968837,-0.9706876247838335,0.09592169657422513,3066
2025-03-14,000009.SZ,momentum_60_skip_5,-0.13508064516129037,-0.13508064516129037,-0.6059429405402322,0.23550724637681159,3037
2025-03-14,000009.SZ,overnight_reversal_5,0.012933619693342245,0.012933619693342245,0.3042130362566706,0.6884765625,3073
2025-03-14,000009.SZ,reversal_5,-0.004662004662004726,-0.004662004662004726,0.41496471176771305,0.6920572916666666,3073
2025-03-14,000010.SZ,amihud_illiquidity_20,-15.304800215054668,-15.304800215054668,0.8463217522845756,0.7898858075040783,3066
2025-03-14,000010.SZ,amount_change_5_20,-0.07466998299710068,-0.07466998299710068,-0.1127923354829594,0.4532116074339746,3068
2025-03-14,000010.SZ,low_volatility_20,-0.02146465793946437,-0.02146465793946437,0.1880104166549303,0.47504078303425773,3066
2025-03-14,000010.SZ,momentum_20,0.020905923344947785,0.020905923344947785,-0.32194901813947074,0.4221859706362153,3066
2025-03-14,000010.SZ,momentum_60_skip_5,-0.16666666666666674,-0.16666666666666674,-0.7970050458839589,0.14756258234519104,3037
2025-03-14,000010.SZ,overnight_reversal_5,0.006947084213622966,0.006947084213622966,0.008603585760798123,0.4889322916666667,3073
2025-03-14,000010.SZ,reversal_5,-0.02807017543859658,-0.02807017543859658,-0.11107438028681937,0.388671875,3073
2025-03-14,000011.SZ,amihud_illiquidity_20,-15.113801506499495,-15.113801506499495,1.0387198988610682,0.8476345840130506,3066
2025-03-14,000011.SZ,amount_change_5_20,0.1661728712692406,0.1661728712692406,0.5979550558127318,0.7489403325725464,3068
2025-03-14,000011.SZ,low_volatility_20,-0.014030668446586961,-0.014030668446586961,0.8048022091901672,0.7791190864600326,3066
2025-03-14,000011.SZ,momentum_20,-0.008187134502923965,-0.008187134502923965,-0.6313807199775596,0.2368678629690049,3066
2025-03-14,000011.SZ,momentum_60_skip_5,-0.1685279187817259,-0.1685279187817259,-0.808263657470041,0.14558629776021081,3037
2025-03-14,000011.SZ,overnight_reversal_5,0.00727040409205279,0.00727040409205279,0.0245688150525678,0.50390625,3073
2025-03-14,000011.SZ,reversal_5,-0.035409035409035505,-0.035409035409035505,-0.2759965893910681,0.3108723958333333,3073
2025-03-14,000012.SZ,amihud_illiquidity_20,-16.3514272374979,-16.3514272374979,-0.20797385420526282,0.38205546492659054,3066
2025-03-14,000012.SZ,amount_change_5_20,-0.10429493409342165,-0.10429493409342165,-0.20021804206293328,0.4131072709488099,3068
2025-03-14,000012.SZ,low_volatility_20,-0.006487803348263136,-0.006835542263038605,1.401775715881293,0.9902120717781403,3066
2025-03-14,000012.SZ,momentum_20,-0.015841584158415745,-0.015841584158415745,-0.7127929041459578,0.18825448613376836,3066
2025-03-14,000012.SZ,momentum_60_skip_5,-0.1258865248226949,-0.1258865248226949,-0.5503282127285444,0.26383399209486164,3037
2025-03-14,000012.SZ,overnight_reversal_5,0.0020387366898483297,0.0020387366898483297,-0.23376596491859328,0.3030598958333333,3073
2025-03-14,000012.SZ,reversal_5,-0.008113590263691517,-0.008113590263691517,0.33739910557880554,0.6539713541666666,3073
2025-03-17,000001.SZ,amihud_illiquidity_20,-19.1288469506269,-18.943246240458013,-2.8129435496685007,0.0,3063
2025-03-17,000001.SZ,amount_change_5_20,0.49889984113045505,0.49889984113045505,1.4959052179452579,0.9310907903331156,3063
2025-03-17,000001.SZ,low_volatility_20,-0.01188809569807556,-0.01188809569807556,0.9724605337159584,0.8654474199869366,3063
2025-03-17,000001.SZ,momentum_20,-0.02376910016977929,-0.02376910016977929,-0.7574652172755868,0.17243631613324625,3063
2025-03-17,000001.SZ,momentum_60_skip_5,-0.021940928270042237,-0.021940928270042237,0.12021658945648243,0.6677664137248432,3032
2025-03-17,000001.SZ,overnight_reversal_5,0.03907250175827343,0.03907250175827343,1.7303602829347298,0.9586049543676662,3069
2025-03-17,000001.SZ,reversal_5,0.007765314926660882,0.007765314926660882,0.7343524797543991,0.8145371577574967,3069
2025-03-17,000002.SZ,amihud_illiquidity_20,-18.21458922507437,-18.21458922507437,-2.075580405527823,0.035924232527759635,3063
2025-03-17,000002.SZ,amount_change_5_20,-0.5135220997308559,-0.5135220997308559,-1.4914830717221181,0.07805355976485957,3063
2025-03-17,000002.SZ,low_volatility_20,-0.018056059330983965,-0.018056059330983965,0.45564241783075565,0.5871979098628347,3063
2025-03-17,000002.SZ,momentum_20,-0.015625,-0.015625,-0.6687505656085514,0.21195297191378185,3063
2025-03-17,000002.SZ,momentum_60_skip_5,-0.13924050632911378,-0.13924050632911378,-0.5889785868657516,0.2421643022104916,3032
2025-03-17,000002.SZ,overnight_reversal_5,0.0041497430643461005,0.0041497430643461005,-0.05653001027770883,0.45208604954367665,3069
2025-03-17,000002.SZ,reversal_5,-0.010695187165775444,-0.010695187165775444,0.2960122515166653,0.6251629726205997,3069
2025-03-17,000004.SZ,amihud_illiquidity_20,-15.550469253553565,-15.550469253553565,0.6203709640397513,0.7044415414761593,3063
2025-03-17,000004.SZ,amount_change_5_20,-0.37103728155648896,-0.37103728155648896,-1.0710482114232946,0.13749183540169824,3063
2025-03-17,000004.SZ,low_volatility_20,-0.02485262717072261,-0.02485262717072261,-0.11384689735889683,0.37099934683213587,3063
2025-03-17,000004.SZ,momentum_20,-0.09731299927378356,-0.09731299927378356,-1.558587656247767,0.024167210973220117,3063
2025-03-17,000004.SZ,momentum_60_skip_5,-0.3934098851722416,-0.33978948583743845,-1.8015010122407586,0.0,3032
2025-03-17,000004.SZ,overnight_reversal_5,-0.013849064036171962,-0.013849064036171962,-0.9774736842639059,0.08996088657105607,3069
2025-03-17,000004.SZ,reversal_5,-0.023045267489711918,-0.023045267489711918,0.0027625337765012806,0.45860495436766624,3069
2025-03-17,000006.SZ,amihud_illiquidity_20,-16.27701720319087,-16.27701720319087,-0.11485791484705911,0.41737426518615284,3063
2025-03-17,000006.SZ,amount_change_5_20,-0.04286218884692589,-0.04286218884692589,-0.10269066270502292,0.44284781188765515,3063
2025-03-17,000006.SZ,low_volatility_20,-0.02750674240904084,-0.02750674240904084,-0.3362371250657087,0.30731548007838017,3063
2025-03-17,000006.SZ,momentum_20,-0.06638418079096042,-0.06638418079096042,-1.2216763583786276,0.051600261267145654,3063
2025-03-17,000006.SZ,momentum_60_skip_5,-0.29999999999999993,-0.29999999999999993,-1.5609331270771605,0.01979544704717915,3032
2025-03-17,000006.SZ,overnight_reversal_5,0.008916808024661396,0.008916808024661396,0.18738606116889664,0.6284224250325945,3069
2025-03-17,000006.SZ,reversal_5,-0.026397515527950333,-0.026397515527950333,-0.0768357979933035,0.408735332464146,3069
2025-03-17,000007.SZ,amihud_illiquidity_20,-14.72628581465106,-14.72628581465106,1.454401899071451,0.9539516655780536,3063
2025-03-17,000007.SZ,amount_change_5_20,0.09926114428039322,0.09926114428039322,0.3166775512155902,0.6401045068582626,3063
2025-03-17,000007.SZ,low_volatility_20,-0.0157399344735595,-0.0157399344735595,0.6497121880515898,0.6887655127367733,3063
2025-03-17,000007.SZ,momentum_20,-0.043543543543543506,-0.043543543543543506,-0.9728705805743721,0.0999346832135859,3063
2025-03-17,000007.SZ,momentum_60_skip_5,-0.15921052631578947,-0.15921052631578947,-0.7097176558373105,0.18475750577367206,3032
2025-03-17,000007.SZ,overnight_reversal_5,-0.0016816462338464053,-0.0016816462338464053,-0.35490428890235287,0.25391134289439377,3069
2025-03-17,000007.SZ,reversal_5,0.00312989045383405,0.00312989045383405,0.62428542896545,0.7764015645371578,3069
2025-03-17,000008.SZ,amihud_illiquidity_20,-16.402629348727817,-16.402629348727817,-0.2419708975260421,0.36969301110385366,3063
2025-03-17,000008.SZ,amount_change_5_20,-0.34215929479773893,-0.34215929479773893,-0.9858369413091109,0.15904637491835402,3063
2025-03-17,000008.SZ,low_volatility_20,-0.02954573335477398,-0.02954573335477398,-0.5070856451929086,0.26094056172436314,3063
2025-03-17,000008.SZ,momentum_20,0.014336917562723928,0.014336917562723928,-0.34237183444843144,0.39353363814500325,3063
2025-03-17,000008.SZ,momentum_60_skip_5,-0.13622291021671828,-0.13622291021671828,-0.5707341511873736,0.2533817222038931,3032
2025-03-17,000008.SZ,overnight_reversal_5,0.021570444086784393,0.021570444086784393,0.8348337514105666,0.8735332464146024,3069
2025-03-17,000008.SZ,reversal_5,-0.014336917562723928,-0.014336917562723928,0.20954023004154315,0.5769230769230769,3069
2025-03-17,000009.SZ,amihud_illiquidity_20,-16.947574710594594,-16.947574710594594,-0.793427367343194,0.1992161985630307,3063
2025-03-17,000009.SZ,amount_change_5_20,-0.3762763983687851,-0.3762763983687851,-1.0865074538414685,0.13455258001306336,3063
2025-03-17,000009.SZ,low_volatility_20,-0.012335408399806473,-0.012335408399806473,0.9349798802168584,0.8500979751796212,3063
2025-03-17,000009.SZ,momentum_20,-0.032584269662921606,-0.032584269662921606,-0.8534899068873295,0.13585891574134554,3063
2025-03-17,000009.SZ,momentum_60_skip_5,-0.14170854271356792,-0.14170854271356792,-0.6039003753990504,0.23160673045199603,3032
2025-03-17,000009.SZ,overnight_reversal_5,0.01061612155297932,0.01061612155297932,0.27433471478153026,0.6838331160365059,3069
2025-03-17,000009.SZ,reversal_5,-0.008196721311475308,-0.008196721311475308,0.3553377285450948,0.6574315514993481,3069
2025-03-17,000010.SZ,amihud_illiquidity_20,-15.301037756761385,-15.301037756761385,0.8727827144784147,0.7939255388634879,3063
2025-03-17,000010.SZ,amount_change_5_20,0.18154832531163284,0.18154832531163284,0.5594851703327063,0.732527759634226,3063
2025-03-17,000010.SZ,low_volatility_20,-0.0233463400734965,-0.0233463400734965,0.01236598356944127,0.41508817766165906,3063
2025-03-17,000010.SZ,momentum_20,0.04421768707483009,0.04421768707483009,-0.01687705865402862,0.5894839973873286,3063
2025-03-17,000010.SZ,momentum_60_skip_5,-0.15294117647058825,-0.15294117647058825,-0.671813063660055,0.20026393929396238,3032
2025-03-17,000010.SZ,overnight_reversal_5,0.0034321421061783565,0.0034321421061783565,-0.09324744711561991,0.4256844850065189,3069
2025-03-17,000010.SZ,reversal_5,-0.06597222222222232,-0.06597222222222232,-1.0165277889232838,0.11636245110821382,3069
2025-03-17,000011.SZ,amihud_illiquidity_20,-15.111411489586041,-15.111411489586041,1.064674671358091,0.8576094056172436,3063
2025-03-17,000011.SZ,amount_change_5_20,0.2876281410385719,0.2876281410385719,0.8724985360872346,0.8236446766819072,3063
2025-03-17,000011.SZ,low_volatility_20,-0.014056109102520802,-0.014056109102520802,0.7908011288321274,0.7687785760940562,3063
2025-03-17,000011.SZ,momentum_20,-0.006984866123399325,-0.006984866123399325,-0.5746325597834888,0.259634225996081,3063
2025-03-17,000011.SZ,momentum_60_skip_5,-0.1796407185628741,-0.1796407185628741,-0.8332389338565012,0.13823820521280106,3032
2025-03-17,000011.SZ,overnight_reversal_5,0.0013914923922769525,0.0013914923922769525,-0.19766122489232313,0.3533246414602347,3069
2025-03-17,000011.SZ,reversal_5,-0.03771289537712885,-0.03771289537712885,-0.3455167992385395,0.26792698826597133,3069
2025-03-17,000012.SZ,amihud_illiquidity_20,-16.35749743664092,-16.35749743664092,-0.19629974100810976,0.3847158719790986,3063
2025-03-17,000012.SZ,amount_change_5_20,0.001194973473503546,0.001194973473503546,0.027310323524151837,0.507184846505552,3063
2025-03-17,000012.SZ,low_volatility_20,-0.0065449012075164716,-0.006661298246472174,1.4104176573018972,0.9902024820378837,3063
2025-03-17,000012.SZ,momentum_20,0.0,0.0,-0.4985455824428061,0.2998040496407577,3063
2025-03-17,000012.SZ,momentum_60_skip_5,-0.1428571428571429,-0.1428571428571429,-0.6108448307400252,0.22665786869020124,3032
2025-03-17,000012.SZ,overnight_reversal_5,-0.001977332965041635,-0.001977332965041635,-0.370033670702776,0.2454367666232073,3069
2025-03-17,000012.SZ,reversal_5,-0.018292682926829062,-0.018292682926829062,0.11561152301752275,0.5244458930899609,3069
2025-03-18,000001.SZ,amihud_illiquidity_20,-19.134988448432722,-18.964771320667708,-2.803392455346525,0.0,3063
2025-03-18,000001.SZ,amount_change_5_20,0.6093761669216117,0.6093761669216117,1.7929690333373278,0.9562377531025473,3063
2025-03-18,000001.SZ,low_volatility_20,-0.011856926351384247,-0.011856926351384247,0.9030022888285548,0.8324624428478119,3063
2025-03-18,000001.SZ,momentum_20,-0.027095681625741053,-0.027095681625741053,-1.0363431950028894,0.0852384062704115,3063
2025-03-18,000001.SZ,momentum_60_skip_5,0.004325259515570945,0.004325259515570945,0.14096461997394205,0.676014516661168,3032
2025-03-18,000001.SZ,overnight_reversal_5,0.03301148558802586,0.03301148558802586,2.022476158761844,0.9742671009771987,3071
2025-03-18,000001.SZ,reversal_5,0.01033591731266148,0.01033591731266148,0.7502661536999106,0.826058631921824,3071
2025-03-18,000002.SZ,amihud_illiquidity_20,-18.24654639447733,-18.24654639447733,-2.0696889611270928,0.037230568256041804,3063
2025-03-18,000002.SZ,amount_change_5_20,-0.47177755294629936,-0.47177755294629936,-1.4121265254497044,0.08752449379490529,3063
2025-03-18,000002.SZ,low_volatility_20,-0.017446523542957643,-0.017446523542957643,0.43233932422373544,0.5679294578706727,3063
2025-03-18,000002.SZ,momentum_20,0.0013297872340425343,0.0013297872340425343,-0.7388825565905197,0.1845199216198563,3063
2025-03-18,000002.SZ,momentum_60_skip_5,-0.11652794292508928,-0.11652794292508928,-0.5730208398843121,0.24744308808973936,3032
2025-03-18,000002.SZ,overnight_reversal_5,-0.00792492596983126,-0.00792492596983126,-0.06261675074170792,0.38664495114006514,3071
2025-03-18,000002.SZ,reversal_5,-0.013458950201884257,-0.013458950201884257,0.18540432936820533,0.5677524429967427,3071
2025-03-18,000004.SZ,amihud_illiquidity_20,-15.574021963414756,-15.574021963414756,0.6604314258916942,0.7227302416721098,3063
2025-03-18,000004.SZ,amount_change_5_20,-0.2989848176004665,-0.2989848176004665,-0.8998800072438993,0.17537557152188113,3063
2025-03-18,000004.SZ,low_volatility_20,-0.02319780382816785,-0.02319780382816785,-0.051937903013872945,0.3912475506205095,3063
2025-03-18,000004.SZ,momentum_20,-0.070722433460076,-0.070722433460076,-1.4928788995329745,0.02155453951665578,3063
2025-03-18,000004.SZ,momentum_60_skip_5,-0.3900249376558603,-0.33278590703053357,-1.8506455848773082,0.0,3032
2025-03-18,000004.SZ,overnight_reversal_5,-0.013849064036171962,-0.013849064036171962,-0.36436225815114354,0.2280130293159609,3071
2025-03-18,000004.SZ,reversal_5,0.0008176614881438837,0.0008176614881438837,0.5243140929789905,0.7482084690553746,3071
2025-03-18,000006.SZ,amihud_illiquidity_20,-16.410437885833623,-16.410437885833623,-0.19401021560715076,0.38602220770738077,3063
2025-03-18,000006.SZ,amount_change_5_20,-0.26925212707639257,-0.26925212707639257,-0.811737023875039,0.19856303069888961,3063
2025-03-18,000006.SZ,low_volatility_20,-0.024146531631806165,-0.024146531631806165,-0.13182398878345164,0.3628347485303723,3063
2025-03-18,000006.SZ,momentum_20,-0.013513513513513487,-0.013513513513513487,-0.8942114884823552,0.124101894186806,3063
2025-03-18,000006.SZ,momentum_60_skip_5,-0.24581005586592175,-0.24581005586592175,-1.3368032386571513,0.03860112174199934,3032
2025-03-18,000006.SZ,overnight_reversal_5,0.018139083621762028,0.018139083621762028,1.264951531980251,0.9469055374592834,3071
2025-03-18,000006.SZ,reversal_5,0.026666666666666616,0.026666666666666616,1.1379386997717966,0.9133550488599349,3071
2025-03-18,000007.SZ,amihud_illiquidity_20,-14.742854885774477,-14.742854885774477,1.5095111040079916,0.9617896799477466,3063
2025-03-18,000007.SZ,amount_change_5_20,0.14170365173021915,0.14170365173021915,0.40654721943483846,0.6711299804049641,3063
2025-03-18,000007.SZ,low_volatility_20,-0.015615630452801824,-0.015615630452801824,0.5865067069801037,0.6446766819072501,3063
2025-03-18,000007.SZ,momentum_20,-0.016793893129770865,-0.016793893129770865,-0.9285392886569158,0.11495754408883083,3063
2025-03-18,000007.SZ,momentum_60_skip_5,-0.12534435261707988,-0.12534435261707988,-0.6251070750945495,0.22137908281095348,3032
2025-03-18,000007.SZ,overnight_reversal_5,-0.02046621670634552,-0.02046621670634552,-0.701406410010448,0.13224755700325733,3071
2025-03-18,000007.SZ,reversal_5,-0.014173228346456845,-0.014173228346456845,0.16844821664444676,0.5543973941368078,3071
2025-03-18,000008.SZ,amihud_illiquidity_20,-16.499469082086424,-16.499469082086424,-0.2849601358942411,0.3556499020248204,3063
2025-03-18,000008.SZ,amount_change_5_20,-0.34080315204270656,-0.34080315204270656,-1.0238510536674084,0.15382103200522534,3063
2025-03-18,000008.SZ,low_volatility_20,-0.02832685439057516,-0.02832685439057516,-0.4838212857645927,0.2677988242978446,3063
2025-03-18,000008.SZ,momentum_20,0.04460966542750944,0.04460966542750944,-0.2859767395803204,0.4372958850424559,3063
2025-03-18,000008.SZ,momentum_60_skip_5,-0.10509554140127375,-0.10509554140127375,-0.5054796552535323,0.2880237545364566,3032
2025-03-18,000008.SZ,overnight_reversal_5,0.010759527982568663,0.010759527982568663,0.8890744447367375,0.904885993485342,3071
2025-03-18,000008.SZ,reversal_5,-0.0,0.0,0.5049037827683371,0.7306188925081433,3071
2025-03-18,000009.SZ,amihud_illiquidity_20,-16.9481401037551,-16.9481401037551,-0.7433005308724756,0.2093403004572175,3063
2025-03-18,000009.SZ,amount_change_5_20,-0.32180756165238833,-0.32180756165238833,-0.9675383561501812,0.16394513389941215,3063
2025-03-18,000009.SZ,low_volatility_20,-0.012239358939998491,-0.012239358939998491,0.8708001730499741,0.8148269105160026,3063
2025-03-18,000009.SZ,momentum_20,-0.018161180476730987,-0.018161180476730987,-0.9428473786703521,0.10907903331156107,3063
2025-03-18,000009.SZ,momentum_60_skip_5,-0.11431513903192592,-0.11431513903192592,-0.5599478738947503,0.257010887495876,3032
2025-03-18,000009.SZ,overnight_reversal_5,-0.006892922861986575,-0.006892922861986575,-0.01005175344800713,0.42996742671009774,3071
2025-03-18,000009.SZ,reversal_5,-0.005813953488372103,-0.005813953488372103,0.36688744911932647,0.6710097719869706,3071
2025-03-18,000010.SZ,amihud_illiquidity_20,-15.423415917925643,-15.423415917925643,0.8142832037909242,0.7756368386675375,3063
2025-03-18,000010.SZ,amount_change_5_20,0.25556528168000914,0.25556528168000914,0.7440916386622082,0.7919660352710647,3063
2025-03-18,000010.SZ,low_volatility_20,-0.0215222074207125,-0.0215222074207125,0.08915297448317393,0.43403004572175047,3063
2025-03-18,000010.SZ,momentum_20,0.07773851590105973,0.07773851590105973,0.06070281952705523,0.6293272370999347,3063
2025-03-18,000010.SZ,momentum_60_skip_5,-0.10153846153846169,-0.10153846153846169,-0.4844648765773163,0.301550643352029,3032
2025-03-18,000010.SZ,overnight_reversal_5,-0.0032981576565236565,-0.0032981576565236565,0.1730473301306115,0.5674267100977198,3071
2025-03-18,000010.SZ,reversal_5,-0.044520547945205324,-0.044520547945205324,-0.5519610187357249,0.19087947882736156,3071
2025-03-18,000011.SZ,amihud_illiquidity_20,-15.232318705656954,-15.232318705656954,1.0094987793917702,0.8406270411495754,3063
2025-03-18,000011.SZ,amount_change_5_20,0.20724224460162646,0.20724224460162646,0.6008373088838787,0.743958197256695,3063
2025-03-18,000011.SZ,low_volatility_20,-0.012012058848977498,-0.012012058848977498,0.8899396085098613,0.825930764206401,3063
2025-03-18,000011.SZ,momentum_20,0.018050541516245522,0.018050541516245522,-0.5639068589844421,0.2834748530372306,3063
2025-03-18,000011.SZ,momentum_60_skip_5,-0.14065708418891176,-0.14065708418891176,-0.7155727596788585,0.17782909930715934,3032
2025-03-18,000011.SZ,overnight_reversal_5,-0.002313545398792615,-0.002313545398792615,0.22319847819359398,0.609771986970684,3071
2025-03-18,000011.SZ,reversal_5,-0.010752688172043223,-0.010752688172043223,0.2496477678475817,0.6071661237785017,3071
2025-03-18,000012.SZ,amihud_illiquidity_20,-16.36696272434466,-16.36696272434466,-0.14959811469970946,0.40104506858262573,3063
2025-03-18,000012.SZ,amount_change_5_20,0.02369585679735693,0.02369585679735693,0.05671143522482162,0.5205747877204442,3063
2025-03-18,000012.SZ,low_volatility_20,-0.006495531136407972,-0.006512559014675462,1.3530160712929884,0.9902024820378837,3063
2025-03-18,000012.SZ,momentum_20,0.002004008016031955,0.002004008016031955,-0.7318271182007169,0.18909209666884388,3063
2025-03-18,000012.SZ,momentum_60_skip_5,-0.1258865248226949,-0.1258865248226949,-0.6283101600251163,0.22005938634114153,3032
2025-03-18,000012.SZ,overnight_reversal_5,-0.0060506583526774215,-0.0060506583526774215,0.03284892322231838,0.45895765472312705,3071
2025-03-18,000012.SZ,reversal_5,-0.014198782961460266,-0.014198782961460266,0.1678415805099063,0.5540716612377851,3071
2025-03-19,000001.SZ,amihud_illiquidity_20,-19.18159154700582,-18.986234800352282,-2.825308261772611,0.0,3059
2025-03-19,000001.SZ,amount_change_5_20,0.5519822494601361,0.5519822494601361,1.665235960744418,0.9457161543492478,3059
2025-03-19,000001.SZ,low_volatility_20,-0.011763111760773807,-0.011763111760773807,0.9056895635929054,0.8378024852844996,3059
2025-03-19,000001.SZ,momentum_20,-0.016225448334756698,-0.016225448334756698,-0.7467143371917739,0.1684107259646828,3059
2025-03-19,000001.SZ,momentum_60_skip_5,0.02420051858254091,0.02420051858254091,0.18887518139288054,0.6998018494055482,3029
2025-03-19,000001.SZ,overnight_reversal_5,0.033020488959788666,0.033020488959788666,1.7294246411975667,0.961839530332681,3067
2025-03-19,000001.SZ,reversal_5,0.027848101265822822,0.027848101265822822,0.9977123977959066,0.8731245923026745,3067
2025-03-19,000002.SZ,amihud_illiquidity_20,-18.236122193949566,-18.236122193949566,-2.0543139394831256,0.03662524525833878,3059
2025-03-19,000002.SZ,amount_change_5_20,-0.4267048799361768,-0.4267048799361768,-1.1959591823922089,0.1170699803793329,3059
2025-03-19,000002.SZ,low_volatility_20,-0.017055064902907036,-0.017055064902907036,0.45643905801002393,0.5765206017004578,3059
2025-03-19,000002.SZ,momentum_20,-0.02352941176470591,-0.02352941176470591,-0.8269823059668798,0.14257684761281883,3059
2025-03-19,000002.SZ,momentum_60_skip_5,-0.09599027946537064,-0.09599027946537064,-0.4799723568621171,0.31109643328929987,3029
2025-03-19,000002.SZ,overnight_reversal_5,-0.0025986816871571656,-0.0025986816871571656,-0.06342859252099804,0.44879321591650356,3067
2025-03-19,000002.SZ,reversal_5,-0.004032258064516014,-0.004032258064516014,0.2207813678027483,0.6073059360730594,3067
2025-03-19,000004.SZ,amihud_illiquidity_20,-15.508613045571972,-15.508613045571972,0.7491239036382115,0.750163505559189,3059
2025-03-19,000004.SZ,amount_change_5_20,-0.27802699151828253,-0.27802699151828253,-0.7612988711899075,0.2119032047089601,3059
2025-03-19,000004.SZ,low_volatility_20,-0.023304328925453248,-0.023304328925453248,-0.0740805717458203,0.3750817527795945,3059
2025-03-19,000004.SZ,momentum_20,-0.09297052154195018,-0.09297052154195018,-1.5901154849274017,0.024525833878351864,3059
2025-03-19,000004.SZ,momentum_60_skip_5,-0.4041828793774319,-0.3498907688068338,-1.8928984711398624,0.0,3029
2025-03-19,000004.SZ,overnight_reversal_5,-0.006510407918054902,-0.006510407918054902,-0.26032118982486263,0.29810828440965426,3067
2025-03-19,000004.SZ,reversal_5,0.020408163265306145,0.020408163265306145,0.8163995514150993,0.8281148075668624,3067
2025-03-19,000006.SZ,amihud_illiquidity_20,-16.38683966497415,-16.38683966497415,-0.15355088340442524,0.39928057553956836,3059
2025-03-19,000006.SZ,amount_change_5_20,-0.3590090535660791,-0.3590090535660791,-0.9980502043307328,0.15990843688685416,3059
2025-03-19,000006.SZ,low_volatility_20,-0.024208854682721815,-0.024208854682721815,-0.15086860120328371,0.34924787442773053,3059
2025-03-19,000006.SZ,momentum_20,-0.02544910179640736,-0.02544910179640736,-0.8480790188680786,0.13734466971877043,3059
2025-03-19,000006.SZ,momentum_60_skip_5,-0.2219626168224299,-0.2219626168224299,-1.1809934757659966,0.05449141347424042,3029
2025-03-19,000006.SZ,overnight_reversal_5,0.01830241892909326,0.01830241892909326,0.9886061726774094,0.9106327462491846,3067
2025-03-19,000006.SZ,reversal_5,0.022522522522522626,0.022522522522522626,0.8679269290855728,0.8427919112850619,3067
2025-03-19,000007.SZ,amihud_illiquidity_20,-14.655498457315478,-14.655498457315478,1.6259875880954244,0.9751471550032701,3059
2025-03-19,000007.SZ,amount_change_5_20,0.09395820932925847,0.09395820932925847,0.326201125504845,0.6429038587311968,3059
2025-03-19,000007.SZ,low_volatility_20,-0.01608500344974589,-0.01608500344974589,0.5387906183081248,0.6187050359712231,3059
2025-03-19,000007.SZ,momentum_20,-0.03805175038051756,-0.03805175038051756,-0.986577659056372,0.09973839110529759,3059
2025-03-19,000007.SZ,momentum_60_skip_5,-0.17195767195767198,-0.17195767195767198,-0.902721887453239,0.11327608982826949,3029
2025-03-19,000007.SZ,overnight_reversal_5,-0.015796947522661905,-0.015796947522661905,-0.7277493263528756,0.11969993476842791,3067
2025-03-19,000007.SZ,reversal_5,-0.009584664536741228,-0.009584664536741228,0.08546805985952931,0.5375081539465101,3067
2025-03-19,000008.SZ,amihud_illiquidity_20,-16.61313360745986,-16.61313360745986,-0.38614442114230096,0.3250490516677567,3059
2025-03-19,000008.SZ,amount_change_5_20,-0.3961800120699428,-0.3961800120699428,-1.106719627624968,0.13472858077174624,3059
2025-03-19,000008.SZ,low_volatility_20,-0.01653246788108768,-0.01653246788108768,0.50080395882504,0.6023544800523217,3059
2025-03-19,000008.SZ,momentum_20,-0.057432432432432456,-0.057432432432432456,-1.1995644841826552,0.065729234793983,3059
2025-03-19,000008.SZ,momentum_60_skip_5,-0.10691823899371067,-0.10691823899371067,-0.5407851557401713,0.27179656538969615,3029
2025-03-19,000008.SZ,overnight_reversal_5,0.007194461818072406,0.007194461818072406,0.42949891484998787,0.7707110241356817,3067
2025-03-19,000008.SZ,reversal_5,0.017605633802816878,0.017605633802816878,0.7481013217961543,0.8108284409654273,3067
2025-03-19,000009.SZ,amihud_illiquidity_20,-16.875397466466783,-16.875397466466783,-0.6557092098288525,0.23446697187704382,3059
2025-03-19,000009.SZ,amount_change_5_20,-0.26425559835773815,-0.26425559835773815,-0.7210381565634881,0.2262916939175932,3059
2025-03-19,000009.SZ,low_volatility_20,-0.012411890210972804,-0.012411890210972804,0.8506127254322247,0.8057553956834532,3059
2025-03-19,000009.SZ,momentum_20,-0.02947845804988647,-0.02947845804988647,-0.8923602156511637,0.1236102027468934,3059
2025-03-19,000009.SZ,momentum_60_skip_5,-0.10810810810810823,-0.10810810810810823,-0.5474066362606119,0.2661822985468956,3029
2025-03-19,000009.SZ,overnight_reversal_5,-0.004574069553985745,-0.004574069553985745,-0.16285764885686504,0.3695368558382257,3067
2025-03-19,000009.SZ,reversal_5,0.00233100233100203,0.00233100233100203,0.37585535558241995,0.6787345075016308,3067
2025-03-19,000010.SZ,amihud_illiquidity_20,-15.390131111517068,-15.390131111517068,0.8709041505911137,0.7936559843034663,3059
2025-03-19,000010.SZ,amount_change_5_20,0.16439025639743726,0.16439025639743726,0.5321094540602105,0.723675604970569,3059
2025-03-19,000010.SZ,low_volatility_20,-0.02163552675208801,-0.02163552675208801,0.06758928056884529,0.421517331589274,3059
2025-03-19,000010.SZ,momentum_20,0.07067137809187263,0.07067137809187263,0.20825097953859406,0.6991497710922171,3059
2025-03-19,000010.SZ,momentum_60_skip_5,-0.09451219512195108,-0.09451219512195108,-0.47174699277030585,0.31605019815059443,3029
2025-03-19,000010.SZ,overnight_reversal_5,-0.003152676252707304,-0.003152676252707304,-0.09131332229626139,0.4262883235485975,3067
2025-03-19,000010.SZ,reversal_5,-0.02020202020202011,-0.02020202020202011,-0.17327912010022503,0.3789954337899543,3067
2025-03-19,000011.SZ,amihud_illiquidity_20,-15.212278124588696,-15.212278124588696,1.0537082282103378,0.854153041203401,3059
2025-03-19,000011.SZ,amount_change_5_20,-0.05155973789595576,-0.05155973789595576,-0.09922108690007025,0.4512753433616743,3059
2025-03-19,000011.SZ,low_volatility_20,-0.01201371142684348,-0.01201371142684348,0.884415371691176,0.8273381294964028,3059
2025-03-19,000011.SZ,momentum_20,0.020457280385078214,0.020457280385078214,-0.3435841529145697,0.3855461085676913,3059
2025-03-19,000011.SZ,momentum_60_skip_5,-0.13043478260869568,-0.13043478260869568,-0.6716519322373119,0.19682959048877147,3029
2025-03-19,000011.SZ,overnight_reversal_5,-0.003523158788362838,-0.003523158788362838,-0.10996116838650245,0.410958904109589,3067
2025-03-19,000011.SZ,reversal_5,-0.00952380952380949,-0.00952380952380949,0.08695110926268669,0.5378343118069145,3067
2025-03-19,000012.SZ,amihud_illiquidity_20,-16.36696272434466,-16.36696272434466,-0.13312060635133577,0.408109875735775,3059
2025-03-19,000012.SZ,amount_change_5_20,0.032665592294920984,0.032665592294920984,0.14701195166033565,0.564748201438849,3059
2025-03-19,000012.SZ,low_volatility_20,-0.006495531136407972,-0.006551498436400326,1.3481197699823488,0.9901896664486592,3059
2025-03-19,000012.SZ,momentum_20,0.002004008016031955,0.002004008016031955,-0.5463790744011122,0.26258992805755393,3059
2025-03-19,000012.SZ,momentum_60_skip_5,-0.11690647482014371,-0.11690647482014371,-0.5963685036546849,0.238110964332893,3029
2025-03-19,000012.SZ,overnight_reversal_5,-0.004048655682004342,-0.004048655682004342,-0.13641149802535424,0.3887801696020874,3067
2025-03-19,000012.SZ,reversal_5,-0.018329938900203624,-0.018329938900203624,-0.12765610691583265,0.3998695368558382,3067
2025-03-20,000001.SZ,amihud_illiquidity_20,-19.209839354339163,-18.98475299415327,-2.833429946179453,0.0,3059
2025-03-20,000001.SZ,amount_change_5_20,0.5162191374260242,0.5162191374260242,1.5686576190256583,0.9382151029748284,3060
2025-03-20,000001.SZ,low_volatility_20,-0.011742766035876864,-0.011742766035876864,0.9002452199303406,0.8378024852844996,3059
2025-03-20,000001.SZ,momentum_20,-0.01457975986277893,-0.01457975986277893,-0.6663477593737058,0.19816873773708307,3059
2025-03-20,000001.SZ,momentum_60_skip_5,0.026886383347788367,0.026886383347788367,0.07785691745319757,0.6568692206076618,3029
2025-03-20,000001.SZ,overnight_reversal_5,0.03050768412187335,0.03050768412187335,1.593026124470785,0.9592302674494455,3067
2025-03-20,000001.SZ,reversal_5,0.029560810810810856,0.029560810810810856,1.1050105919814257,0.9243313763861709,3067
2025-03-20,000002.SZ,amihud_illiquidity_20,-18.255962355806254,-18.255962355806254,-2.079072745282016,0.03531720078482668,3059
2025-03-20,000002.SZ,amount_change_5_20,-0.4292907479049089,-0.4292907479049089,-1.138893541843846,0.13010787839163127,3060
2025-03-20,000002.SZ,low_volatility_20,-0.016676874211581632,-0.016676874211581632,0.4802982393265044,0.5889470241988227,3059
2025-03-20,000002.SZ,momentum_20,-0.01196808510638292,-0.01196808510638292,-0.6371324736453109,0.20961412688031392,3059
2025-03-20,000002.SZ,momentum_60_skip_5,-0.09705159705159716,-0.09705159705159716,-0.6400372465453754,0.21730515191545574,3029
2025-03-20,000002.SZ,overnight_reversal_5,-0.003958124470904315,-0.003958124470904315,-0.11692392607136422,0.3998695368558382,3067
2025-03-20,000002.SZ,reversal_5,-0.010884353741496655,-0.010884353741496655,0.23965326806919235,0.5812133072407045,3067
2025-03-20,000004.SZ,amihud_illiquidity_20,-15.51449374430318,-15.51449374430318,0.7585687930508885,0.7527795945062132,3059
2025-03-20,000004.SZ,amount_change_5_20,-0.30191420927671714,-0.30191420927671714,-0.774139560546664,0.20758417783589408,3060
2025-03-20,000004.SZ,low_volatility_20,-0.023289247734714167,-0.023289247734714167,-0.08248761716064588,0.3701765860039241,3059
2025-03-20,000004.SZ,momentum_20,-0.08841463414634132,-0.08841463414634132,-1.4922955324000473,0.03662524525833878,3059
2025-03-20,000004.SZ,momentum_60_skip_5,-0.35202156334231816,-0.31456042162583875,-1.8999280022028044,0.0,3029
2025-03-20,000004.SZ,overnight_reversal_5,-0.006493387076033428,-0.006493387076033428,-0.24270575440446143,0.3127853881278539,3067
2025-03-20,000004.SZ,reversal_5,0.004991680532445808,0.004991680532445808,0.5793339860415446,0.7720156555772995,3067
2025-03-20,000006.SZ,amihud_illiquidity_20,-16.399605377130705,-16.399605377130705,-0.15759326871205298,0.3973185088293002,3059
2025-03-20,000006.SZ,amount_change_5_20,-0.42996937707523986,-0.42996937707523986,-1.1408368564790876,0.12945406995750244,3060
2025-03-20,000006.SZ,low_volatility_20,-0.023922866002297916,-0.023922866002297916,-0.13641551433108487,0.3538260300850229,3059
2025-03-20,000006.SZ,momentum_20,-0.044247787610619316,-0.044247787610619316,-0.9982267215332956,0.10366252452583388,3059
2025-03-20,000006.SZ,momentum_60_skip_5,-0.2212918660287081,-0.2212918660287081,-1.3596823766730817,0.03236459709379128,3029
2025-03-20,000006.SZ,overnight_reversal_5,0.01983969824797963,0.01983969824797963,1.063755994766935,0.9269406392694064,3067
2025-03-20,000006.SZ,reversal_5,0.004608294930875334,0.004608294930875334,0.5711311380157333,0.768754076973255,3067
2025-03-20,000007.SZ,amihud_illiquidity_20,-14.65180248340708,-14.65180248340708,1.6515239581780166,0.9780902550686723,3059
2025-03-20,000007.SZ,amount_change_5_20,-0.00663952121448997,-0.00663952121448997,0.07140561760707373,0.5210853220006538,3060
2025-03-20,000007.SZ,low_volatility_20,-0.016046168521636386,-0.016046168521636386,0.5339782440427231,0.6173969914977109,3059
2025-03-20,000007.SZ,momentum_20,-0.04400606980273136,-0.04400606980273136,-0.9955227650755502,0.1039895356442119,3059
2025-03-20,000007.SZ,momentum_60_skip_5,-0.12676056338028163,-0.12676056338028163,-0.8121224578507747,0.13672391017173052,3029
2025-03-20,000007.SZ,overnight_reversal_5,-0.01417562221268831,-0.01417562221268831,-0.6238440156710896,0.1461187214611872,3067
2025-03-20,000007.SZ,reversal_5,-0.016129032258064502,-0.016129032258064502,0.12743908829975445,0.49902152641878667,3067
2025-03-20,000008.SZ,amihud_illiquidity_20,-16.58215565618505,-16.58215565618505,-0.34654755857892305,0.3345323741007194,3059
2025-03-20,000008.SZ,amount_change_5_20,-0.30371136627702683,-0.30371136627702683,-0.7792858785259309,0.20594965675057209,3060
2025-03-20,000008.SZ,low_volatility_20,-0.016262322595917714,-0.016262322595917714,0.5155811502605838,0.6075866579463701,3059
2025-03-20,000008.SZ,momentum_20,-0.027586206896551557,-0.027586206896551557,-0.8118433137004119,0.14911706998037932,3059
2025-03-20,000008.SZ,momentum_60_skip_5,-0.07666666666666666,-0.07666666666666666,-0.5219602655448737,0.2889696169088507,3029
2025-03-20,000008.SZ,overnight_reversal_5,0.010785129948801002,0.010785129948801002,0.614532252369019,0.8362687540769732,3067
2025-03-20,000008.SZ,reversal_5,-0.018050541516245522,-0.018050541516245522,0.08632682857877771,0.46477495107632094,3067
2025-03-20,000009.SZ,amihud_illiquidity_20,-16.893862644787987,-16.893862644787987,-0.6691894793862515,0.22923479398299543,3059
2025-03-20,000009.SZ,amount_change_5_20,-0.26978541072746387,-0.26978541072746387,-0.6821359049963825,0.2327558025498529,3060
2025-03-20,000009.SZ,low_volatility_20,-0.012219628316504132,-0.012219628316504132,0.8596589847319855,0.8145846958796599,3059
2025-03-20,000009.SZ,momentum_20,-0.022935779816513957,-0.022935779816513957,-0.7598216921069753,0.16285153695225638,3059
2025-03-20,000009.SZ,momentum_60_skip_5,-0.10315789473684234,-0.10315789473684234,-0.675407158639709,0.19649933949801848,3029
2025-03-20,000009.SZ,overnight_reversal_5,-0.006907792900205622,-0.006907792900205622,-0.26326564517506984,0.30071754729288974,3067
2025-03-20,000009.SZ,reversal_5,-0.0,0.0,0.47253290474551973,0.7152641878669276,3067
2025-03-20,000010.SZ,amihud_illiquidity_20,-15.380552548240294,-15.380552548240294,0.8972087541459213,0.8024852844996729,3059
2025-03-20,000010.SZ,amount_change_5_20,0.1691632923873413,0.1691632923873413,0.5748325192572481,0.7361882968290291,3060
2025-03-20,000010.SZ,low_volatility_20,-0.02166696714744282,-0.02166696714744282,0.05558633867018871,0.41497710922171355,3059
2025-03-20,000010.SZ,momentum_20,0.08865248226950362,0.08865248226950362,0.4884512610216871,0.78973185088293,3059
2025-03-20,000010.SZ,momentum_60_skip_5,-0.05555555555555536,-0.05555555555555536,-0.3996769798776872,0.3728533685601057,3029
2025-03-20,000010.SZ,overnight_reversal_5,-0.0032195725968472127,-0.0032195725968472127,-0.08028219718308334,0.42661448140900193,3067
2025-03-20,000010.SZ,reversal_5,-0.06228373702422152,-0.06228373702422152,-0.8600785110104485,0.12654924983692106,3067
2025-03-20,000011.SZ,amihud_illiquidity_20,-15.165188380057158,-15.165188380057158,1.1201280708000398,0.8757357750163506,3059
2025-03-20,000011.SZ,amount_change_5_20,-0.1270872684464444,-0.1270872684464444,-0.27350715686683014,0.37201699901928736,3060
2025-03-20,000011.SZ,low_volatility_20,-0.012156421519581014,-0.012156421519581014,0.8650385797015895,0.8191628515369522,3059
2025-03-20,000011.SZ,momentum_20,0.027611044417767072,0.027611044417767072,-0.1943837833279693,0.4695879659908437,3059
2025-03-20,000011.SZ,momentum_60_skip_5,-0.1000000000000002,-0.1000000000000002,-0.6571154760191327,0.20673712021136065,3029
2025-03-20,000011.SZ,overnight_reversal_5,0.001204982407583174,0.001204982407583174,0.13923297922968395,0.5906718851924332,3067
2025-03-20,000011.SZ,reversal_5,-0.022700119474313274,-0.022700119474313274,-0.013154688770748345,0.4041095890410959,3067
2025-03-20,000012.SZ,amihud_illiquidity_20,-16.465578580227657,-16.465578580227657,-0.22588086490748902,0.3757357750163506,3059
2025-03-20,000012.SZ,amount_change_5_20,0.062113917317592006,0.062113917317592006,0.26828716818563164,0.6145799280810722,3060
2025-03-20,000012.SZ,low_volatility_20,-0.006048637837124082,-0.006504659597492286,1.3460658028094172,0.9901896664486592,3059
2025-03-20,000012.SZ,momentum_20,0.014170040485829816,0.014170040485829816,-0.34474047279948344,0.37148463047743624,3059
2025-03-20,000012.SZ,momentum_60_skip_5,-0.0972477064220183,-0.0972477064220183,-0.6411731838268858,0.2166446499339498,3029
2025-03-20,000012.SZ,overnight_reversal_5,-0.0020140669842168856,-0.0020140669842168856,-0.020473521065789785,0.4703196347031963,3067
2025-03-20,000012.SZ,reversal_5,-0.018292682926829062,-0.018292682926829062,0.08114601536191193,0.4615133724722766,3067
2025-03-21,000001.SZ,amihud_illiquidity_20,-19.18431383037468,-18.937634425982644,-2.8267839926882616,0.0,3060
2025-03-21,000001.SZ,amount_change_5_20,0.4600817261144498,0.4600817261144498,1.4833955644963108,0.9218698921216084,3060
2025-03-21,000001.SZ,low_volatility_20,-0.011803943049925316,-0.011803943049925316,0.8969388881096124,0.8388362209872507,3060
2025-03-21,000001.SZ,momentum_20,-0.01890034364261195,-0.01890034364261195,-0.5072332356297093,0.26348479895390653,3060
2025-03-21,000001.SZ,momentum_60_skip_5,0.02746781115879826,0.02746781115879826,0.014295371993484242,0.6377146631439894,3029
2025-03-21,000001.SZ,overnight_reversal_5,0.02881706664396591,0.02881706664396591,1.4037167169417257,0.9419439008480104,3067
2025-03-21,000001.SZ,reversal_5,0.04594820384294085,0.04594820384294085,0.7962931584045714,0.8392041748206132,3067
2025-03-21,000002.SZ,amihud_illiquidity_20,-18.252613271823822,-18.252613271823822,-2.1119732627742627,0.034978751225890815,3060
2025-03-21,000002.SZ,amount_change_5_20,-0.4425798082761367,-0.4425798082761367,-1.1114465518077046,0.12847335730630924,3060
2025-03-21,000002.SZ,low_volatility_20,-0.01646207052489878,-0.01646207052489878,0.5068018687574486,0.6050997057862046,3060
2025-03-21,000002.SZ,momentum_20,-0.034120734908136385,-0.034120734908136385,-0.669556911371419,0.20627656096763647,3060
2025-03-21,000002.SZ,momentum_60_skip_5,-0.07371007371007376,-0.07371007371007376,-0.5805311325323167,0.24141347424042273,3029
2025-03-21,000002.SZ,overnight_reversal_5,0.0028051270251391426,0.0028051270251391426,0.08028059919540612,0.5701239399869537,3067
2025-03-21,000002.SZ,reversal_5,0.023872679045092826,0.023872679045092826,0.35314588666348756,0.6536203522504892,3067
2025-03-21,000004.SZ,amihud_illiquidity_20,-15.4337523929752,-15.4337523929752,0.8294716694046292,0.7786858450474011,3060
2025-03-21,000004.SZ,amount_change_5_20,-0.31447421667294084,-0.31447421667294084,-0.7431869420189292,0.2186989212160837,3060
2025-03-21,000004.SZ,low_volatility_20,-0.02298765659194411,-0.02298765659194411,-0.03974236203082072,0.38509316770186336,3060
2025-03-21,000004.SZ,momentum_20,-0.12994772218073192,-0.12994772218073192,-1.6915404161302745,0.035959463877084014,3060
2025-03-21,000004.SZ,momentum_60_skip_5,-0.3461333333333333,-0.2869612403100775,-1.8342383648897191,0.0,3029
2025-03-21,000004.SZ,overnight_reversal_5,-0.004825316051541269,-0.004825316051541269,-0.30794127545392774,0.29158512720156554,3067
2025-03-21,000004.SZ,reversal_5,0.04975530179445342,0.04975530179445342,0.8727173922976803,0.8610567514677103,3067
2025-03-21,000006.SZ,amihud_illiquidity_20,-16.365502942001275,-16.365502942001275,-0.142797998478767,0.40339980385746976,3060
2025-03-21,000006.SZ,amount_change_5_20,-0.23094023349264364,-0.23094023349264364,-0.503055409389475,0.30565544295521413,3060
2025-03-21,000006.SZ,low_volatility_20,-0.02557408786885811,-0.02557408786885811,-0.25636644425179667,0.3223275580254985,3060
2025-03-21,000006.SZ,momentum_20,0.016541353383458635,0.016541353383458635,-0.12925172152586864,0.459954233409611,3060
2025-03-21,000006.SZ,momentum_60_skip_5,-0.24339839265212415,-0.24339839265212415,-1.5781316432167651,0.0178335535006605,3029
2025-03-21,000006.SZ,overnight_reversal_5,0.021403152300002656,0.021403152300002656,1.0265113965981048,0.9044357469015003,3067
2025-03-21,000006.SZ,reversal_5,-0.025796661608497917,-0.025796661608497917,-0.6439236281669324,0.16275277234181343,3067
2025-03-21,000007.SZ,amihud_illiquidity_20,-14.694487345650861,-14.694487345650861,1.6008852014826471,0.9735207584177836,3060
2025-03-21,000007.SZ,amount_change_5_20,-0.07864183315340727,-0.07864183315340727,-0.06524977750023643,0.491010134030729,3060
2025-03-21,000007.SZ,low_volatility_20,-0.01578768001412758,-0.01578768001412758,0.5632848021175233,0.6358287021902582,3060
2025-03-21,000007.SZ,momentum_20,-0.035439137134052445,-0.035439137134052445,-0.6836175154441602,0.2026806145799281,3060
2025-03-21,000007.SZ,momentum_60_skip_5,-0.09155937052932772,-0.09155937052932772,-0.6854674518574381,0.18229854689564068,3029
2025-03-21,000007.SZ,overnight_reversal_5,-0.009384365400967345,-0.009384365400967345,-0.5398967028474067,0.17384213959556424,3067
2025-03-21,000007.SZ,reversal_5,0.014173228346456623,0.014173228346456623,0.15843771307085844,0.5365296803652968,3067
2025-03-21,000008.SZ,amihud_illiquidity_20,-16.519117269190957,-16.519117269190957,-0.30309256555464253,0.3524027459954233,3060
2025-03-21,000008.SZ,amount_change_5_20,-0.2022028647663415,-0.2022028647663415,-0.4204453370182064,0.33671134357633214,3060
2025-03-21,000008.SZ,low_volatility_20,-0.01662440707016988,-0.01662440707016988,0.49320552639793513,0.5956194834913371,3060
2025-03-21,000008.SZ,momentum_20,-0.04810996563573888,-0.04810996563573888,-0.8187504053420267,0.16279830009807125,3060
2025-03-21,000008.SZ,momentum_60_skip_5,-0.07284768211920534,-0.07284768211920534,-0.5754611177144191,0.24471598414795245,3029
2025-03-21,000008.SZ,overnight_reversal_5,0.010720891082980223,0.010720891082980223,0.4830190418958801,0.7746249184605349,3067
2025-03-21,000008.SZ,reversal_5,0.010714285714285676,0.010714285714285676,0.08900239931990737,0.4892367906066536,3067
2025-03-21,000009.SZ,amihud_illiquidity_20,-16.86540390759778,-16.86540390759778,-0.6644382017532833,0.2307943772474665,3060
2025-03-21,000009.SZ,amount_change_5_20,-0.2732757796962552,-0.2732757796962552,-0.624755575088938,0.2608695652173913,3060
2025-03-21,000009.SZ,low_volatility_20,-0.012239938522006765,-0.012239938522006765,0.8604225036090218,0.8179143510951291,3060
2025-03-21,000009.SZ,momentum_20,-0.03314285714285692,-0.03314285714285692,-0.6591279604648943,0.2069303694017653,3060
2025-03-21,000009.SZ,momentum_60_skip_5,-0.09548793284365165,-0.09548793284365165,-0.7085635364639669,0.17206076618229854,3029
2025-03-21,000009.SZ,overnight_reversal_5,-0.009257970245158915,-0.009257970245158915,-0.5334659669331967,0.17645140247879973,3067
2025-03-21,000009.SZ,reversal_5,0.01856148491879328,0.01856148491879328,0.24652820901777417,0.593607305936073,3067
2025-03-21,000010.SZ,amihud_illiquidity_20,-15.37806690130182,-15.37806690130182,0.8875787609988253,0.8018960444589736,3060
2025-03-21,000010.SZ,amount_change_5_20,0.22437959397157217,0.22437959397157217,0.8058328279829963,0.8081072245831972,3060
2025-03-21,000010.SZ,low_volatility_20,-0.021697555470978652,-0.021697555470978652,0.06830882564072675,0.419091206276561,3060
2025-03-21,000010.SZ,momentum_20,0.09540636042402828,0.09540636042402828,0.7118342667967832,0.8345864661654135,3060
2025-03-21,000010.SZ,momentum_60_skip_5,-0.016778523489933028,-0.016778523489933028,-0.24582958131319266,0.476221928665786,3029
2025-03-21,000010.SZ,overnight_reversal_5,-0.006471607983224529,-0.006471607983224529,-0.3917013577342607,0.24624918460534898,3067
2025-03-21,000010.SZ,reversal_5,-0.058020477815699634,-0.058020477815699634,-1.2907891667248017,0.07110241356816699,3067
2025-03-21,000011.SZ,amihud_illiquidity_20,-15.195120335814181,-15.195120335814181,1.0784811400239824,0.865969271003596,3060
2025-03-21,000011.SZ,amount_change_5_20,-0.15261343534075092,-0.15261343534075092,-0.27789274660137697,0.39490029421379536,3060
2025-03-21,000011.SZ,low_volatility_20,-0.012025467882499865,-0.012025467882499865,0.8783852872565971,0.8293559986923831,3060
2025-03-21,000011.SZ,momentum_20,0.03147699757869238,0.03147699757869238,0.030035160331904336,0.5586793069630598,3060
2025-03-21,000011.SZ,momentum_60_skip_5,-0.09883103081827838,-0.09883103081827838,-0.7282176662682389,0.16380449141347425,3029
2025-03-21,000011.SZ,overnight_reversal_5,0.009416172237978002,0.009416172237978002,0.41663752370526996,0.7482061317677756,3067
2025-03-21,000011.SZ,reversal_5,-0.004716981132075304,-0.004716981132075304,-0.22076707909992718,0.32061317677756035,3067
2025-03-21,000012.SZ,amihud_illiquidity_20,-16.467791510329683,-16.467791510329683,-0.24953479886046034,0.36711343576332134,3060
2025-03-21,000012.SZ,amount_change_5_20,0.09930537180438866,0.09930537180438866,0.44628736495129084,0.6956521739130435,3060
2025-03-21,000012.SZ,low_volatility_20,-0.006224053942572107,-0.0065724484747235225,1.3350977215232191,0.990192873488068,3060
2025-03-21,000012.SZ,momentum_20,0.01814516129032251,0.01814516129032251,-0.1121472995642962,0.4710689767898006,3060
2025-03-21,000012.SZ,momentum_60_skip_5,-0.0847145488029466,-0.0847145488029466,-0.6452266286095294,0.20409511228533686,3029
2025-03-21,000012.SZ,overnight_reversal_5,-0.0020140669842168856,-0.0020140669842168856,-0.16491047474482043,0.3897586431833007,3067
2025-03-21,000012.SZ,reversal_5,-0.01609657947686105,-0.01609657947686105,-0.4492027790970907,0.22309197651663404,3067
2025-03-24,000001.SZ,amihud_illiquidity_20,-19.19781859439414,-18.911187510009206,-2.7977201531228397,0.0,3058
2025-03-24,000001.SZ,amount_change_5_20,0.029774151580647033,0.029774151580647033,0.24185195639492,0.6221786064769381,3058
2025-03-24,000001.SZ,low_volatility_20,-0.011793217808065734,-0.011793217808065734,0.9368468756732568,0.8541053320248609,3058
2025-03-24,000001.SZ,momentum_20,-0.018119068162208873,-0.018119068162208873,-0.31223589696248066,0.366045142296369,3058
2025-03-24,000001.SZ,momentum_60_skip_5,-0.007765314926660882,-0.007765314926660882,-0.2422071748749931,0.48909451421017847,3027
2025-03-24,000001.SZ,overnight_reversal_5,0.0008775539585371262,0.0008775539585371262,-0.21088447808345423,0.38649706457925637,3067
2025-03-24,000001.SZ,reversal_5,0.01043478260869568,0.01043478260869568,-0.25985737998416003,0.3310502283105023,3067
2025-03-24,000002.SZ,amihud_illiquidity_20,-18.16488533332494,-18.16488533332494,-2.0262768144414425,0.04088976120379457,3058
2025-03-24,000002.SZ,amount_change_5_20,-0.4256344695943227,-0.4256344695943227,-1.0669712063197243,0.1416421328099444,3058
2025-03-24,000002.SZ,low_volatility_20,-0.01583933295910546,-0.01583933295910546,0.5986552296591042,0.6647039581288845,3058
2025-03-24,000002.SZ,momentum_20,-0.08184143222506401,-0.08184143222506401,-0.9984648344825359,0.12986588158325155,3058
2025-03-24,000002.SZ,momentum_60_skip_5,-0.044247787610619316,-0.044247787610619316,-0.46166982992176736,0.32551222736285523,3027
2025-03-24,000002.SZ,overnight_reversal_5,0.012090811813599573,0.012090811813599573,0.380586064668806,0.7498369210697978,3067
2025-03-24,000002.SZ,reversal_5,0.050264550264550345,0.050264550264550345,0.4976182045257456,0.7162426614481409,3067
2025-03-24,000004.SZ,amihud_illiquidity_20,-15.344338997315411,-15.344338997315411,0.8892870822418063,0.8017664376840039,3058
2025-03-24,000004.SZ,amount_change_5_20,-0.18810800268385108,-0.18810800268385108,-0.38433120524087466,0.35884854432450114,3058
2025-03-24,000004.SZ,low_volatility_20,-0.029786162742911328,-0.029786162742911328,-0.5670805799241865,0.24075891396794244,3058
2025-03-24,000004.SZ,momentum_20,-0.1784037558685445,-0.1784037558685445,-2.038348739181541,0.014720314033366046,3058
2025-03-24,000004.SZ,momentum_60_skip_5,-0.39747939893359185,-0.2798494931162807,-1.8789470049570007,0.0,3027
2025-03-24,000004.SZ,overnight_reversal_5,0.0481508312386356,0.0481508312386356,2.282659443936898,0.9758643183300717,3067
2025-03-24,000004.SZ,reversal_5,0.15526950925181016,0.1457369172723979,2.3132950527732743,0.9902152641878669,3067
2025-03-24,000006.SZ,amihud_illiquidity_20,-16.296476313505345,-16.296476313505345,-0.09492549683453158,0.4216552175335296,3058
2025-03-24,000006.SZ,amount_change_5_20,-0.18692366101211494,-0.18692366101211494,-0.3809274624471235,0.36081125286228327,3058
2025-03-24,000006.SZ,low_volatility_20,-0.026936264565021063,-0.026936264565021063,-0.32887387552385,0.29931305201177627,3058
2025-03-24,000006.SZ,momentum_20,-0.006134969325153117,-0.006134969325153117,-0.1831786101992936,0.42950605168465816,3058
2025-03-24,000006.SZ,momentum_60_skip_5,-0.2614525139664803,-0.2614525139664803,-1.7682787965811293,0.012888301387970919,3027
2025-03-24,000006.SZ,overnight_reversal_5,0.04382391099110114,0.04382391099110114,2.0544255176030335,0.9680365296803652,3067
2025-03-24,000006.SZ,reversal_5,0.01966717095310133,0.01966717095310133,-0.08427742636690239,0.4158512720156556,3067
2025-03-24,000007.SZ,amihud_illiquidity_20,-14.627721172675813,-14.627721172675813,1.6300460729963702,0.9764474975466143,3058
2025-03-24,000007.SZ,amount_change_5_20,-0.00044086378326728333,-0.00044086378326728333,0.15501540976117473,0.5848871442590775,3058
2025-03-24,000007.SZ,low_volatility_20,-0.01737615909834131,-0.01737615909834131,0.4702007140894745,0.5969905135754007,3058
2025-03-24,000007.SZ,momentum_20,-0.09228441754916794,-0.09228441754916794,-1.1109258021332122,0.10860320575727837,3058
2025-03-24,000007.SZ,momentum_60_skip_5,-0.08213256484149856,-0.08213256484149856,-0.6895681379385973,0.1817580964970258,3027
2025-03-24,000007.SZ,overnight_reversal_5,-0.006239708721495563,-0.006239708721495563,-0.5863017987837723,0.16829745596868884,3067
2025-03-24,000007.SZ,reversal_5,0.058084772370486704,0.058084772370486704,0.6463418265632621,0.7772341813437704,3067
2025-03-24,000008.SZ,amihud_illiquidity_20,-16.39895736749868,-16.39895736749868,-0.2008588960850272,0.38207392868825646,3058
2025-03-24,000008.SZ,amount_change_5_20,-0.11235217650539481,-0.11235217650539481,-0.16661248977796772,0.4556754988550867,3058
2025-03-24,000008.SZ,low_volatility_20,-0.01890257961797237,-0.01890257961797237,0.34261594480500335,0.5371279031730455,3058
2025-03-24,000008.SZ,momentum_20,-0.09246575342465757,-0.09246575342465757,-1.1128786161413173,0.10762185148838731,3058
2025-03-24,000008.SZ,momentum_60_skip_5,-0.05351170568561858,-0.05351170568561858,-0.517397523449764,0.27825512227362853,3027
2025-03-24,000008.SZ,overnight_reversal_5,0.010759710205284918,0.010759710205284918,0.3103738746964841,0.7198303979125897,3067
2025-03-24,000008.SZ,reversal_5,0.06360424028268552,0.06360424028268552,0.751310106044599,0.8101761252446184,3067
2025-03-24,000009.SZ,amihud_illiquidity_20,-16.839514381919603,-16.839514381919603,-0.6562572383414619,0.23748773307163887,3058
2025-03-24,000009.SZ,amount_change_5_20,-0.23749630856780982,-0.23749630856780982,-0.526270895669629,0.3048740595354923,3058
2025-03-24,000009.SZ,low_volatility_20,-0.012107483808049584,-0.012107483808049584,0.9105791764473682,0.8400392541707556,3058
2025-03-24,000009.SZ,momentum_20,-0.04875283446712031,-0.04875283446712031,-0.6421322718509165,0.22701995420346746,3058
2025-03-24,000009.SZ,momentum_60_skip_5,-0.09558823529411775,-0.09558823529411775,-0.7705115868256213,0.14309319233311302,3027
2025-03-24,000009.SZ,overnight_reversal_5,-0.008121807150627162,-0.008121807150627162,-0.6855776554331462,0.13894324853228962,3067
2025-03-24,000009.SZ,reversal_5,0.025551684088269355,0.025551684088269355,0.027633219588432893,0.47684279191128504,3067
2025-03-24,000010.SZ,amihud_illiquidity_20,-15.433121939502097,-15.433121939502097,0.7975132519111054,0.7706902191691201,3058
2025-03-24,000010.SZ,amount_change_5_20,0.17349651005327538,0.17349651005327538,0.6549033195501243,0.766110565914295,3058
2025-03-24,000010.SZ,low_volatility_20,-0.020358667951827537,-0.020358667951827537,0.22090984105213743,0.4867517173699706,3058
2025-03-24,000010.SZ,momentum_20,0.04421768707483009,0.04421768707483009,0.3590713582511815,0.7134445534838076,3058
2025-03-24,000010.SZ,momentum_60_skip_5,0.0,0.0,-0.19549442473213643,0.5128883013879709,3027
2025-03-24,000010.SZ,overnight_reversal_5,0.006515587543586774,0.006515587543586774,0.08650730829192613,0.5975212002609263,3067
2025-03-24,000010.SZ,reversal_5,-0.0,0.0,-0.4583042583101931,0.25212002609262885,3067
2025-03-24,000011.SZ,amihud_illiquidity_20,-15.153604651102418,-15.153604651102418,1.0864468191964727,0.8668629375204449,3058
2025-03-24,000011.SZ,amount_change_5_20,-0.19550061962270493,-0.19550061962270493,-0.4055772419489306,0.3490350016355904,3058
2025-03-24,000011.SZ,low_volatility_20,-0.01333772744161116,-0.01333772744161116,0.8077501407176987,0.78900883218842,3058
2025-03-24,000011.SZ,momentum_20,-0.00837320574162681,-0.00837320574162681,-0.20728227648010517,0.4170755642787046,3058
2025-03-24,000011.SZ,momentum_60_skip_5,-0.09544008483563104,-0.09544008483563104,-0.7696203782376632,0.14342366159947126,3027
2025-03-24,000011.SZ,overnight_reversal_5,0.02354498340989579,0.02354498340989579,0.9847641883155591,0.8975864318330071,3067
2025-03-24,000011.SZ,reversal_5,0.028135990621336537,0.028135990621336537,0.07678111115038849,0.5048923679060665,3067
2025-03-24,000012.SZ,amihud_illiquidity_20,-16.389129374503103,-16.389129374503103,-0.19069982116080364,0.3859993457638207,3058
2025-03-24,000012.SZ,amount_change_5_20,0.09061145799177686,0.09061145799177686,0.4166955410038783,0.6859666339548577,3058
2025-03-24,000012.SZ,low_volatility_20,-0.006991557710682643,-0.006991557710682643,1.3381902065760305,0.9878966306836768,3058
2025-03-24,000012.SZ,momentum_20,0.0,0.0,-0.11711085606567018,0.4677788681714099,3058
2025-03-24,000012.SZ,momentum_60_skip_5,-0.0739371534195934,-0.0739371534195934,-0.6402681147347749,0.20687376074025116,3027
2025-03-24,000012.SZ,overnight_reversal_5,2.376265856735872e-05,2.376265856735872e-05,-0.25591977559623613,0.3564905414220483,3067
2025-03-24,000012.SZ,reversal_5,0.0059880239520957446,0.0059880239520957446,-0.344425061666014,0.299412915851272,3067
2025-03-25,000001.SZ,amihud_illiquidity_20,-19.24882004241409,-18.90053921148295,-2.8020911453799053,0.0,3057
2025-03-25,000001.SZ,amount_change_5_20,-0.10537060541743293,-0.10537060541743293,-0.10750501033376603,0.4787303664921466,3057
2025-03-25,000001.SZ,low_volatility_20,-0.011627397571157435,-0.011627397571157435,0.9414542292564797,0.856020942408377,3057
2025-03-25,000001.SZ,momentum_20,-0.0034873583260680574,-0.0034873583260680574,-0.20061289308810248,0.4015052356020942,3057
2025-03-25,000001.SZ,momentum_60_skip_5,-0.01118760757314985,-0.01118760757314985,-0.2569108858080759,0.4712491738268341,3027
2025-03-25,000001.SZ,overnight_reversal_5,0.0026151738570777826,0.0026151738570777826,-0.30204782562696036,0.350293542074364,3067
2025-03-25,000001.SZ,reversal_5,0.005221932114882533,0.005221932114882533,-0.4404636520742578,0.2945205479452055,3067
2025-03-25,000002.SZ,amihud_illiquidity_20,-18.20482381132299,-18.20482381132299,-2.0787358148071897,0.037303664921465966,3057
2025-03-25,000002.SZ,amount_change_5_20,-0.442897673776496,-0.442897673776496,-1.0331786644153018,0.1475785340314136,3057
2025-03-25,000002.SZ,low_volatility_20,-0.015541859574602813,-0.015541859574602813,0.618745268683541,0.6786649214659686,3057
2025-03-25,000002.SZ,momentum_20,-0.06380208333333337,-0.06380208333333337,-0.8311610304845285,0.18030104712041886,3057
2025-03-25,000002.SZ,momentum_60_skip_5,-0.037084398976982125,-0.037084398976982125,-0.41356247072706537,0.3585591539986781,3027
2025-03-25,000002.SZ,overnight_reversal_5,0.014806417520119,0.014806417520119,0.35721095180536633,0.7332028701891715,3067
2025-03-25,000002.SZ,reversal_5,0.04515272244355906,0.04515272244355906,0.27590776233306213,0.6223091976516634,3067
2025-03-25,000004.SZ,amihud_illiquidity_20,-15.319123758356396,-15.319123758356396,0.9216096069951898,0.8154450261780105,3057
2025-03-25,000004.SZ,amount_change_5_20,-0.06581836562717185,-0.06581836562717185,0.0009676716106982147,0.5215968586387435,3057
2025-03-25,000004.SZ,low_volatility_20,-0.028213922399362133,-0.028213922399362133,-0.42594189877234834,0.27388743455497383,3057
2025-03-25,000004.SZ,momentum_20,-0.2234848484848484,-0.2020513226732149,-2.276459841873198,0.0,3057
2025-03-25,000004.SZ,momentum_60_skip_5,-0.390827517447657,-0.26982985034039414,-1.821456725664325,0.0,3027
2025-03-25,000004.SZ,overnight_reversal_5,0.05772028225478627,0.05772028225478627,2.677839001069985,0.9768427919112851,3067
2025-03-25,000004.SZ,reversal_5,0.1612111292962357,0.1612111292962357,2.358033470002916,0.9849967384213959,3067
2025-03-25,000006.SZ,amihud_illiquidity_20,-16.325893458851223,-16.325893458851223,-0.12515783461180388,0.4109947643979058,3057
2025-03-25,000006.SZ,amount_change_5_20,-0.1889360127653572,-0.1889360127653572,-0.3366845435505662,0.38710732984293195,3057
2025-03-25,000006.SZ,low_volatility_20,-0.0266664174135907,-0.0266664174135907,-0.2983653058714109,0.3030104712041885,3057
2025-03-25,000006.SZ,momentum_20,0.01716068642745694,0.01716068642745694,0.015247929598976567,0.5104712041884817,3057
2025-03-25,000006.SZ,momentum_60_skip_5,-0.2634529147982062,-0.2634529147982062,-1.7828821762526883,0.010905485789821546,3027
2025-03-25,000006.SZ,overnight_reversal_5,0.045433985198424044,0.045433985198424044,2.0134400766925538,0.9621656881930855,3067
2025-03-25,000006.SZ,reversal_5,0.007610350076103556,0.007610350076103556,-0.39761465412074143,0.31245923026744943,3067
2025-03-25,000007.SZ,amihud_illiquidity_20,-14.67529521916078,-14.67529521916078,1.5910166744467844,0.9721858638743456,3057
2025-03-25,000007.SZ,amount_change_5_20,0.04367950976433477,0.04367950976433477,0.30126743399892253,0.637107329842932,3057
2025-03-25,000007.SZ,low_volatility_20,-0.017033635033173285,-0.017033635033173285,0.4957630281560366,0.6119109947643979,3057
2025-03-25,000007.SZ,momentum_20,-0.06046511627906981,-0.06046511627906981,-0.7962753809127917,0.1881544502617801,3057
2025-03-25,000007.SZ,momentum_60_skip_5,-0.08131241084165475,-0.08131241084165475,-0.6811009486943226,0.18869795109054857,3027
2025-03-25,000007.SZ,overnight_reversal_5,0.004689361810694667,0.004689361810694667,-0.18988317267922247,0.4383561643835616,3067
2025-03-25,000007.SZ,reversal_5,0.05900621118012439,0.05900621118012439,0.5244438729134238,0.723091976516634,3067
2025-03-25,000008.SZ,amihud_illiquidity_20,-16.397269748840895,-16.397269748840895,-0.1993698181738498,0.3805628272251309,3057
2025-03-25,000008.SZ,amount_change_5_20,-0.11391369520177766,-0.11391369520177766,-0.13093457755712226,0.46924083769633507,3057
2025-03-25,000008.SZ,low_volatility_20,-0.018987091630367634,-0.018987091630367634,0.33471971046638144,0.5353403141361257,3057
2025-03-25,000008.SZ,momentum_20,-0.082758620689655,-0.082758620689655,-1.0293383299760632,0.14103403141361257,3057
2025-03-25,000008.SZ,momentum_60_skip_5,-0.0664451827242526,-0.0664451827242526,-0.5911679986378703,0.23826834104428288,3027
2025-03-25,000008.SZ,overnight_reversal_5,0.010759710205284918,0.010759710205284918,0.13837951911964994,0.6363339856490542,3067
2025-03-25,000008.SZ,reversal_5,0.053380782918149405,0.053380782918149405,0.4235218534014824,0.6885192433137639,3067
2025-03-25,000009.SZ,amihud_illiquidity_20,-16.836221216194932,-16.836221216194932,-0.6557602958034283,0.23756544502617802,3057
2025-03-25,000009.SZ,amount_change_5_20,-0.23152097129206642,-0.23152097129206642,-0.4534745075673028,0.3468586387434555,3057
2025-03-25,000009.SZ,low_volatility_20,-0.012217883995351913,-0.012217883995351913,0.8927744208903464,0.8327879581151832,3057
2025-03-25,000009.SZ,momentum_20,-0.021864211737629424,-0.021864211737629424,-0.39273000360251475,0.318717277486911,3057
2025-03-25,000009.SZ,momentum_60_skip_5,-0.08947368421052626,-0.08947368421052626,-0.7304690881002596,0.16523463317911435,3027
2025-03-25,000009.SZ,overnight_reversal_5,-0.003593904693128296,-0.003593904693128296,-0.6378125471868779,0.16177429876060012,3067
2025-03-25,000009.SZ,reversal_5,0.01734104046242768,0.01734104046242768,-0.22304289188330298,0.3930202217873451,3067
2025-03-25,000010.SZ,amihud_illiquidity_20,-15.39453219014211,-15.39453219014211,0.8432052895260298,0.7859947643979057,3057
2025-03-25,000010.SZ,amount_change_5_20,0.14492645133698215,0.14492645133698215,0.5789388718061881,0.7356020942408377,3057
2025-03-25,000010.SZ,low_volatility_20,-0.0206143782161783,-0.0206143782161783,0.20056590792620202,0.4803664921465969,3057
2025-03-25,000010.SZ,momentum_20,0.03412969283276435,0.03412969283276435,0.19264698730910867,0.6070026178010471,3057
2025-03-25,000010.SZ,momentum_60_skip_5,0.0066006600660064585,0.0066006600660064585,-0.14930835408190063,0.5373430270984798,3027
2025-03-25,000010.SZ,overnight_reversal_5,0.013030268564780696,0.013030268564780696,0.26116318004407807,0.6973255055446836,3067
2025-03-25,000010.SZ,reversal_5,0.006557377049180135,0.006557377049180135,-0.41650533398009215,0.30463144161774297,3067
2025-03-25,000011.SZ,amihud_illiquidity_20,-15.167673342459473,-15.167673342459473,1.0790769645257332,0.868128272251309,3057
2025-03-25,000011.SZ,amount_change_5_20,-0.23708298782136855,-0.23708298782136855,-0.4687284313185792,0.34096858638743455,3057
2025-03-25,000011.SZ,low_volatility_20,-0.013245307076073961,-0.013245307076073961,0.8080734749732237,0.7830497382198953,3057
2025-03-25,000011.SZ,momentum_20,0.004825090470446325,0.004825090470446325,-0.11371207234799394,0.4479712041884817,3057
2025-03-25,000011.SZ,momentum_60_skip_5,-0.09421841541755882,-0.09421841541755882,-0.7591703141326959,0.1553205551883675,3027
2025-03-25,000011.SZ,overnight_reversal_5,0.02720873154814627,0.02720873154814627,1.027883658334586,0.9037834311806915,3067
2025-03-25,000011.SZ,reversal_5,0.015366430260047359,0.015366430260047359,-0.25846804355044756,0.3750815394651011,3067
2025-03-25,000012.SZ,amihud_illiquidity_20,-16.349693900489644,-16.349693900489644,-0.1499038389767763,0.4011780104712042,3057
2025-03-25,000012.SZ,amount_change_5_20,0.17669419797397962,0.17669419797397962,0.6660624505294299,0.7627617801047121,3057
2025-03-25,000012.SZ,low_volatility_20,-0.007798670630675134,-0.007798670630675134,1.2570951756223274,0.9718586387434555,3057
2025-03-25,000012.SZ,momentum_20,0.02631578947368407,0.02631578947368407,0.11095810937307814,0.5657722513089005,3057
2025-03-25,000012.SZ,momentum_60_skip_5,-0.06890130353817514,-0.06890130353817514,-0.606025253046482,0.228354263053536,3027
2025-03-25,000012.SZ,overnight_reversal_5,-0.0019822560682984072,-0.0019822560682984072,-0.5506603639131662,0.19830397912589692,3067
2025-03-25,000012.SZ,reversal_5,-0.014000000000000012,-0.014000000000000012,-0.785311389457779,0.17318982387475537,3067
2025-03-26,000001.SZ,amihud_illiquidity_20,-19.240899349958628,-18.887672986335872,-2.7674193124193947,0.0,3057
2025-03-26,000001.SZ,amount_change_5_20,-0.21746719055092473,-0.21746719055092473,-0.3740956483614304,0.38154450261780104,3057
2025-03-26,000001.SZ,low_volatility_20,-0.01161472737585545,-0.01161472737585545,0.9422330210310856,0.8540575916230366,3057
2025-03-26,000001.SZ,momentum_20,-0.01215277777777779,-0.01215277777777779,-0.23779729479694264,0.37532722513089006,3057
2025-03-26,000001.SZ,momentum_60_skip_5,-0.017902813299232823,-0.017902813299232823,-0.48949687462633173,0.3141724479682854,3028
2025-03-26,000001.SZ,overnight_reversal_5,0.0026197464666889033,0.0026197464666889033,-0.3236105420459827,0.3447488584474886,3067
2025-03-26,000001.SZ,reversal_5,0.01215277777777779,0.01215277777777779,-0.12958751717620334,0.4429223744292237,3067
2025-03-26,000002.SZ,amihud_illiquidity_20,-18.250471379236103,-18.250471379236103,-2.1090664403356034,0.03599476439790576,3057
2025-03-26,000002.SZ,amount_change_5_20,-0.39647729407552207,-0.39647729407552207,-0.8418373407190739,0.20713350785340315,3057
2025-03-26,000002.SZ,low_volatility_20,-0.014536564413540289,-0.014536564413540289,0.6998739113976674,0.7212041884816754,3057
2025-03-26,000002.SZ,momentum_20,-0.08163265306122447,-0.08163265306122447,-0.991924300803533,0.14921465968586387,3057
2025-03-26,000002.SZ,momentum_60_skip_5,-0.024804177545691974,-0.024804177545691974,-0.5289480308093091,0.2930294020482326,3028
2025-03-26,000002.SZ,overnight_reversal_5,0.009480173237444907,0.009480173237444907,0.018062910659819343,0.5857795172863666,3067
2025-03-26,000002.SZ,reversal_5,0.036144578313252906,0.036144578313252906,0.33421813034466963,0.6669928245270711,3067
2025-03-26,000004.SZ,amihud_illiquidity_20,-15.31120354888931,-15.31120354888931,0.9277674225603574,0.8170811518324608,3057
2025-03-26,000004.SZ,amount_change_5_20,-0.03263136925083641,-0.03263136925083641,0.10886826351262008,0.5536649214659686,3057
2025-03-26,000004.SZ,low_volatility_20,-0.028372680281042485,-0.028372680281042485,-0.44779746081879457,0.27159685863874344,3057
2025-03-26,000004.SZ,momentum_20,-0.19188767550702035,-0.19188767550702035,-2.1886203172404937,0.0137434554973822,3057
2025-03-26,000004.SZ,momentum_60_skip_5,-0.33518005540166207,-0.21931163351416527,-1.6408360213762245,0.0,3028
2025-03-26,000004.SZ,overnight_reversal_5,0.05787770260700585,0.05787770260700585,2.4284305910812667,0.967058056099152,3067
2025-03-26,000004.SZ,reversal_5,0.13666666666666671,0.13666666666666671,2.2774950515564614,0.9801043705153294,3067
2025-03-26,000006.SZ,amihud_illiquidity_20,-16.315904383771013,-16.315904383771013,-0.11028344369520607,0.4162303664921466,3057
2025-03-26,000006.SZ,amount_change_5_20,-0.04705542114479191,-0.04705542114479191,0.07117915931853101,0.5399214659685864,3057
2025-03-26,000006.SZ,low_volatility_20,-0.0270257011396031,-0.0270257011396031,-0.3360688937551416,0.29842931937172773,3057
2025-03-26,000006.SZ,momentum_20,0.02269288956127058,0.02269288956127058,0.14041378683634337,0.5795157068062827,3057
2025-03-26,000006.SZ,momentum_60_skip_5,-0.211864406779661,-0.211864406779661,-1.5982644812370832,0.011232243145028081,3028
2025-03-26,000006.SZ,overnight_reversal_5,0.03321086897280854,0.03321086897280854,1.1999352661195724,0.9191128506196999,3067
2025-03-26,000006.SZ,reversal_5,-0.03840245775729656,-0.03840245775729656,-1.1069132380300701,0.0903457273320287,3067
2025-03-26,000007.SZ,amihud_illiquidity_20,-14.647324291721041,-14.647324291721041,1.6136834824129034,0.9731675392670157,3057
2025-03-26,000007.SZ,amount_change_5_20,0.2559980732192216,0.2559980732192216,0.8630381188841492,0.8160994764397905,3057
2025-03-26,000007.SZ,low_volatility_20,-0.020520770722218657,-0.020520770722218657,0.2034988931717497,0.48429319371727747,3057
2025-03-26,000007.SZ,momentum_20,-0.024539877300613355,-0.024539877300613355,-0.37224552513922154,0.3157722513089005,3057
2025-03-26,000007.SZ,momentum_60_skip_5,-0.05952380952380942,-0.05952380952380942,-0.7274203291649515,0.17542120911793854,3028
2025-03-26,000007.SZ,overnight_reversal_5,-0.004918189013571521,-0.004918189013571521,-0.6990263183345374,0.15035877364644487,3067
2025-03-26,000007.SZ,reversal_5,-0.006329113924050667,-0.006329113924050667,-0.4868764891106911,0.26353555120678407,3067
2025-03-26,000008.SZ,amihud_illiquidity_20,-16.370450743139088,-16.370450743139088,-0.16664041447425837,0.39725130890052357,3057
2025-03-26,000008.SZ,amount_change_5_20,-0.06309993680615165,-0.06309993680615165,0.02925588928661394,0.5235602094240838,3057
2025-03-26,000008.SZ,low_volatility_20,-0.018179801444365082,-0.018179801444365082,0.39767646794482153,0.5667539267015707,3057
2025-03-26,000008.SZ,momentum_20,-0.09427609427609418,-0.09427609427609418,-1.1291548359778187,0.12238219895287958,3057
2025-03-26,000008.SZ,momentum_60_skip_5,-0.02447552447552459,-0.02447552447552459,-0.5270693089887878,0.2940204823257351,3028
2025-03-26,000008.SZ,overnight_reversal_5,0.010759710205284918,0.010759710205284918,0.08178836510679285,0.6239399869536856,3067
2025-03-26,000008.SZ,reversal_5,0.03584229390681004,0.03584229390681004,0.3283744165867802,0.6637312459230268,3067
2025-03-26,000009.SZ,amihud_illiquidity_20,-16.88393661690084,-16.88393661690084,-0.6971709341698469,0.22840314136125656,3057
2025-03-26,000009.SZ,amount_change_5_20,-0.2737230081722596,-0.2737230081722596,-0.521088420395387,0.3239528795811518,3057
2025-03-26,000009.SZ,low_volatility_20,-0.011708600387145163,-0.011708600387145163,0.9344464884006382,0.850130890052356,3057
2025-03-26,000009.SZ,momentum_20,-0.036322360953461974,-0.036322360953461974,-0.5001313206187833,0.27028795811518325,3057
2025-03-26,000009.SZ,momentum_60_skip_5,-0.07857911733046252,-0.07857911733046252,-0.8363486363153352,0.12388503468780972,3028
2025-03-26,000009.SZ,overnight_reversal_5,-0.0035734796479369654,-0.0035734796479369654,-0.6320550485877784,0.17416829745596868,3067
2025-03-26,000009.SZ,reversal_5,0.008177570093458097,0.008177570093458097,-0.20643559580746948,0.4041095890410959,3067
2025-03-26,000010.SZ,amihud_illiquidity_20,-15.414347035219844,-15.414347035219844,0.8212001921801452,0.7771596858638743,3057
2025-03-26,000010.SZ,amount_change_5_20,0.2125245308943937,0.2125245308943937,0.7494445961755132,0.7850130890052356,3057
2025-03-26,000010.SZ,low_volatility_20,-0.019996090605082516,-0.019996090605082516,0.24701980292523498,0.4980366492146597,3057
2025-03-26,000010.SZ,momentum_20,0.016666666666666385,0.016666666666666385,0.07500581927024515,0.5346858638743456,3057
2025-03-26,000010.SZ,momentum_60_skip_5,0.08214285714285707,0.08214285714285707,0.08240706046397883,0.6732738685166831,3028
2025-03-26,000010.SZ,overnight_reversal_5,0.022926134670243407,0.022926134670243407,0.6877192194009524,0.8506196999347684,3067
2025-03-26,000010.SZ,reversal_5,-0.0066006600660064585,-0.0066006600660064585,-0.4921259756598717,0.26157860404435745,3067
2025-03-26,000011.SZ,amihud_illiquidity_20,-15.143726906769913,-15.143726906769913,1.1008032829815166,0.8714005235602095,3057
2025-03-26,000011.SZ,amount_change_5_20,-0.16595692461747155,-0.16595692461747155,-0.23950269250519834,0.42997382198952877,3057
2025-03-26,000011.SZ,low_volatility_20,-0.012581469397396917,-0.012581469397396917,0.8620441766280278,0.8177356020942408,3057
2025-03-26,000011.SZ,momentum_20,-0.0047225501770957745,-0.0047225501770957745,-0.15715041292516652,0.412303664921466,3057
2025-03-26,000011.SZ,momentum_60_skip_5,-0.05145413870246074,-0.05145413870246074,-0.6812906318255335,0.2001982160555005,3028
2025-03-26,000011.SZ,overnight_reversal_5,0.030839486330644497,0.030839486330644497,1.0818320457064332,0.9112850619699935,3067
2025-03-26,000011.SZ,reversal_5,0.005896226415094463,0.005896226415094463,-0.25053816661688216,0.3838878016960209,3067
2025-03-26,000012.SZ,amihud_illiquidity_20,-16.48354162371308,-16.48354162371308,-0.28348523282186067,0.3566753926701571,3057
2025-03-26,000012.SZ,amount_change_5_20,0.23255938268402576,0.23255938268402576,0.8017943535227535,0.8017015706806283,3057
2025-03-26,000012.SZ,low_volatility_20,-0.006970697834797042,-0.006970697834797042,1.3274437121701206,0.9842931937172775,3057
2025-03-26,000012.SZ,momentum_20,0.009960159362549792,0.009960159362549792,0.002214118747148196,0.4954188481675393,3057
2025-03-26,000012.SZ,momentum_60_skip_5,-0.058380414312617646,-0.058380414312617646,-0.7208841920412316,0.17938553022794845,3028
2025-03-26,000012.SZ,overnight_reversal_5,-0.0059547027262702255,-0.0059547027262702255,-0.7506483574333747,0.13405088062622308,3067
2025-03-26,000012.SZ,reversal_5,-0.014000000000000012,-0.014000000000000012,-0.6351688308319323,0.20515329419439007,3067
2025-03-27,000001.SZ,amihud_illiquidity_20,-19.31492973570205,-18.86690760621891,-2.7461536008300493,0.0,3056
2025-03-27,000001.SZ,amount_change_5_20,-0.31571697256126685,-0.31571697256126685,-0.5990196035804278,0.28861256544502617,3057
2025-03-27,000001.SZ,low_volatility_20,-0.011417872712021231,-0.011417872712021231,0.9678009477516579,0.8654664484451718,3056
2025-03-27,000001.SZ,momentum_20,-0.019793459552495896,-0.019793459552495896,-0.2764637091867746,0.3590834697217676,3056
2025-03-27,000001.SZ,momentum_60_skip_5,-0.031197301854974713,-0.031197301854974713,-0.5094886621679323,0.2999669639907499,3028
2025-03-27,000001.SZ,overnight_reversal_5,0.0026304348684755476,0.0026304348684755476,-0.39878293200087084,0.30039138943248533,3067
2025-03-27,000001.SZ,reversal_5,0.008703220191470962,0.008703220191470962,-0.28854280030268603,0.38747553816046965,3067
2025-03-27,000002.SZ,amihud_illiquidity_20,-18.219370243414208,-18.219370243414208,-2.0802193163422587,0.037970540098199675,3056
2025-03-27,000002.SZ,amount_change_5_20,-0.36241856571116815,-0.36241856571116815,-0.7188154702760788,0.24345549738219896,3057
2025-03-27,000002.SZ,low_volatility_20,-0.014536366592815765,-0.014536366592815765,0.7067860581603997,0.7289689034369885,3056
2025-03-27,000002.SZ,momentum_20,-0.08194622279129316,-0.08194622279129316,-0.991482829099206,0.1479541734860884,3056
2025-03-27,000002.SZ,momentum_60_skip_5,-0.03880983182406217,-0.03880983182406217,-0.5526072696322307,0.27188635612817974,3028
2025-03-27,000002.SZ,overnight_reversal_5,0.008189060773241384,0.008189060773241384,-0.13716456480545103,0.49151989562948467,3067
2025-03-27,000002.SZ,reversal_5,0.03499327052489898,0.03499327052489898,0.20267156847044301,0.6291585127201565,3067
2025-03-27,000004.SZ,amihud_illiquidity_20,-15.265121696086405,-15.265121696086405,0.95796118963294,0.8284779050736497,3056
2025-03-27,000004.SZ,amount_change_5_20,0.014958411131295948,0.014958411131295948,0.24920722365471953,0.6155104712041884,3057
2025-03-27,000004.SZ,low_volatility_20,-0.02833968205172797,-0.02833968205172797,-0.4485379534369334,0.2723404255319149,3056
2025-03-27,000004.SZ,momentum_20,-0.1902866242038217,-0.1902866242038217,-2.237854742948241,0.01669394435351882,3056
2025-03-27,000004.SZ,momentum_60_skip_5,-0.2639999999999999,-0.22363197416141495,-1.5994699340179481,0.0,3028
2025-03-27,000004.SZ,overnight_reversal_5,0.0570440218584284,0.0570440218584284,2.162208583789414,0.9657534246575342,3067
2025-03-27,000004.SZ,reversal_5,0.14966555183946495,0.14966555183946495,2.3452567505949076,0.9781474233529028,3067
2025-03-27,000006.SZ,amihud_illiquidity_20,-16.270826638305444,-16.270826638305444,-0.07631642826640389,0.4291325695581015,3056
2025-03-27,000006.SZ,amount_change_5_20,0.33809438747293413,0.33809438747293413,1.0780944571617357,0.856675392670157,3057
2025-03-27,000006.SZ,low_volatility_20,-0.034856292913092654,-0.034856292913092654,-0.9939719127477438,0.1574468085106383,3056
2025-03-27,000006.SZ,momentum_20,0.10549777117384829,0.10549777117384829,1.1649142900905687,0.9096563011456629,3056
2025-03-27,000006.SZ,momentum_60_skip_5,-0.21359223300970864,-0.21359223300970864,-1.5426032077756235,0.011892963330029732,3028
2025-03-27,000006.SZ,overnight_reversal_5,0.03760832517373675,0.03760832517373675,1.247461788615641,0.9246575342465754,3067
2025-03-27,000006.SZ,reversal_5,-0.14814814814814792,-0.14814814814814792,-3.2192198021713634,0.010437051532941943,3067
2025-03-27,000007.SZ,amihud_illiquidity_20,-14.662370341036643,-14.662370341036643,1.5778370692432566,0.9682487725040917,3056
2025-03-27,000007.SZ,amount_change_5_20,0.29138556019834283,0.29138556019834283,0.958280033963435,0.8390052356020943,3057
2025-03-27,000007.SZ,low_volatility_20,-0.020504288882743006,-0.020504288882743006,0.2072767959528079,0.4805237315875614,3056
2025-03-27,000007.SZ,momentum_20,-0.02157164869029282,-0.02157164869029282,-0.2969203898891338,0.3495908346972177,3056
2025-03-27,000007.SZ,momentum_60_skip_5,-0.07488986784140972,-0.07488986784140972,-0.7569704598787251,0.15526924347538817,3028
2025-03-27,000007.SZ,overnight_reversal_5,0.007720115231340879,0.007720115231340879,-0.15923562500584953,0.47586431833007176,3067
2025-03-27,000007.SZ,reversal_5,-0.007936507936507908,-0.007936507936507908,-0.599446486118332,0.22015655577299412,3067
2025-03-27,000008.SZ,amihud_illiquidity_20,-16.312350661439588,-16.312350661439588,-0.11902017359952191,0.4114566284779051,3056
2025-03-27,000008.SZ,amount_change_5_20,-0.09227781715216138,-0.09227781715216138,-0.025868122643538268,0.5104712041884817,3057
2025-03-27,000008.SZ,low_volatility_20,-0.01811641237729336,-0.01811641237729336,0.407139725383569,0.5725040916530278,3056
2025-03-27,000008.SZ,momentum_20,-0.09246575342465757,-0.09246575342465757,-1.1125018336197465,0.1220949263502455,3056
2025-03-27,000008.SZ,momentum_60_skip_5,-0.10476190476190483,-0.10476190476190483,-0.9261705338835915,0.09349190617773373,3028
2025-03-27,000008.SZ,overnight_reversal_5,0.014631763276145923,0.014631763276145923,0.16606312815560906,0.6784083496412263,3067
2025-03-27,000008.SZ,reversal_5,0.06028368794326244,0.06028368794326244,0.6752083750042208,0.7870189171559034,3067
2025-03-27,000009.SZ,amihud_illiquidity_20,-16.82844491305895,-16.82844491305895,-0.6497769699205653,0.2409165302782324,3056
2025-03-27,000009.SZ,amount_change_5_20,-0.22505821166700676,-0.22505821166700676,-0.3664676904150282,0.38154450261780104,3057
2025-03-27,000009.SZ,low_volatility_20,-0.01176380071091506,-0.01176380071091506,0.9388471123781561,0.8500818330605565,3056
2025-03-27,000009.SZ,momentum_20,-0.03986332574031903,-0.03986332574031903,-0.507351883912685,0.2756137479541735,3056
2025-03-27,000009.SZ,momentum_60_skip_5,-0.10315789473684234,-0.10315789473684234,-0.9170851603060396,0.09613478691774034,3028
2025-03-27,000009.SZ,overnight_reversal_5,-0.0012149879886441373,-0.0012149879886441373,-0.579768892612656,0.19960861056751467,3067
2025-03-27,000009.SZ,reversal_5,0.010563380281690016,0.010563380281690016,-0.25378678603320803,0.40834964122635353,3067
2025-03-27,000010.SZ,amihud_illiquidity_20,-15.349073538087191,-15.349073538087191,0.8716242258597976,0.7970540098199672,3056
2025-03-27,000010.SZ,amount_change_5_20,0.16354981743249017,0.16354981743249017,0.630364162867505,0.7486910994764397,3057
2025-03-27,000010.SZ,low_volatility_20,-0.020391406239932616,-0.020391406239932616,0.21672496281674813,0.48412438625204585,3056
2025-03-27,000010.SZ,momentum_20,-0.01320132013201325,-0.01320132013201325,-0.20062628087061465,0.38756137479541736,3056
2025-03-27,000010.SZ,momentum_60_skip_5,0.08480565371024751,0.08480565371024751,0.1475709390456801,0.7056491575817642,3028
2025-03-27,000010.SZ,overnight_reversal_5,0.019620346535743974,0.019620346535743974,0.400852270176388,0.7811480756686237,3067
2025-03-27,000010.SZ,reversal_5,0.026058631921824227,0.026058631921824227,0.03573301924883994,0.5495759947814742,3067
2025-03-27,000011.SZ,amihud_illiquidity_20,-15.13501972942744,-15.13501972942744,1.0917594305595002,0.8648117839607201,3056
2025-03-27,000011.SZ,amount_change_5_20,0.11855207260767162,0.11855207260767162,0.5149388962532273,0.7094240837696335,3057
2025-03-27,000011.SZ,low_volatility_20,-0.01280460695499232,-0.01280460695499232,0.8517326471047779,0.806873977086743,3056
2025-03-27,000011.SZ,momentum_20,0.0035335689045936647,0.0035335689045936647,-0.008104420099707632,0.4828150572831424,3056
2025-03-27,000011.SZ,momentum_60_skip_5,-0.04035874439461873,-0.04035874439461873,-0.5613805622691794,0.2679220350181698,3028
2025-03-27,000011.SZ,overnight_reversal_5,0.02967641129919452,0.02967641129919452,0.8741439233473086,0.8897586431833007,3067
2025-03-27,000011.SZ,reversal_5,0.004672897196261738,0.004672897196261738,-0.36384705194674827,0.34181343770384864,3067
2025-03-27,000012.SZ,amihud_illiquidity_20,-16.431269239210614,-16.431269239210614,-0.24131729890708284,0.3741407528641571,3056
2025-03-27,000012.SZ,amount_change_5_20,0.21473912172667703,0.21473912172667703,0.7616716121398749,0.787630890052356,3057
2025-03-27,000012.SZ,low_volatility_20,-0.007076852743809544,-0.007076852743809544,1.3311400758783214,0.9839607201309329,3056
2025-03-27,000012.SZ,momentum_20,0.008016032064128265,0.008016032064128265,0.04346282641282809,0.509328968903437,3056
2025-03-27,000012.SZ,momentum_60_skip_5,-0.07222222222222241,-0.07222222222222241,-0.741860481359799,0.1635282457879088,3028
2025-03-27,000012.SZ,overnight_reversal_5,-0.003980368422552485,-0.003980368422552485,-0.7099223381202899,0.14350945857795172,3067
2025-03-27,000012.SZ,reversal_5,-0.003992015968063978,-0.003992015968063978,-0.5257459375139727,0.2563600782778865,3067
2025-03-28,000001.SZ,amihud_illiquidity_20,-19.3427536029578,-18.91404803640868,-2.769034729252919,0.0,3055
2025-03-28,000001.SZ,amount_change_5_20,-0.4792825827531312,-0.4792825827531312,-0.8783158667829912,0.19613621480026194,3055
2025-03-28,000001.SZ,low_volatility_20,-0.011323855990100733,-0.011323855990100733,0.9350376732885228,0.8614931237721022,3055
2025-03-28,000001.SZ,momentum_20,-0.015611448395490224,-0.015611448395490224,-0.3779020727687644,0.3274394237066143,3055
2025-03-28,000001.SZ,momentum_60_skip_5,-0.04194630872483229,-0.04194630872483229,-0.613542214347793,0.24595041322314048,3026
2025-03-28,000001.SZ,overnight_reversal_5,0.0026304348684755476,0.0026304348684755476,-0.3175581757291092,0.3675799086757991,3067
2025-03-28,000001.SZ,reversal_5,0.0061295971978985175,0.0061295971978985175,-0.3548182687412898,0.3330071754729289,3067
2025-03-28,000002.SZ,amihud_illiquidity_20,-18.15503507867882,-18.15503507867882,-1.991107901418763,0.043222003929273084,3055
2025-03-28,000002.SZ,amount_change_5_20,-0.4760715911991296,-0.4760715911991296,-0.8704261832500865,0.19875573018991485,3055
2025-03-28,000002.SZ,low_volatility_20,-0.014528201599938926,-0.014528201599938926,0.6613524919418304,0.7108709888670596,3055
2025-03-28,000002.SZ,momentum_20,-0.08129032258064517,-0.08129032258064517,-1.1614603579254488,0.09462999345121152,3055
2025-03-28,000002.SZ,momentum_60_skip_5,-0.023872679045092826,-0.023872679045092826,-0.5081016380052301,0.31041322314049585,3026
2025-03-28,000002.SZ,overnight_reversal_5,0.004143202253697811,0.004143202253697811,-0.24905990629652233,0.4197651663405088,3067
2025-03-28,000002.SZ,reversal_5,0.03260869565217395,0.03260869565217395,0.16606991740063273,0.6053489889106327,3067
2025-03-28,000004.SZ,amihud_illiquidity_20,-15.268696057363755,-15.268696057363755,0.9671559016410031,0.8303863785199738,3055
2025-03-28,000004.SZ,amount_change_5_20,0.01624063961271902,0.01624063961271902,0.3392274814078899,0.6470203012442698,3055
2025-03-28,000004.SZ,low_volatility_20,-0.027615631581747076,-0.027615631581747076,-0.4564531645192316,0.27079240340537003,3055
2025-03-28,000004.SZ,momentum_20,-0.17218543046357615,-0.17218543046357615,-2.245851887857901,0.016371971185330715,3055
2025-03-28,000004.SZ,momentum_60_skip_5,-0.20369104579630892,-0.20369104579630892,-1.5571522472738764,0.012231404958677685,3026
2025-03-28,000004.SZ,overnight_reversal_5,0.05326204148370548,0.05326204148370548,1.9750464015603488,0.9582517938682322,3067
2025-03-28,000004.SZ,reversal_5,0.14163090128755362,0.14163090128755362,2.3107191788045953,0.9755381604696673,3067
2025-03-28,000006.SZ,amihud_illiquidity_20,-16.367045254659573,-16.367045254659573,-0.1585630972309906,0.4011132940406025,3055
2025-03-28,000006.SZ,amount_change_5_20,0.5636506079691831,0.5636506079691831,1.684261045170342,0.9368041912246234,3055
2025-03-28,000006.SZ,low_volatility_20,-0.03301947986024808,-0.03301947986024808,-0.9179992572786329,0.16339227242960053,3055
2025-03-28,000006.SZ,momentum_20,0.21630094043887138,0.21630094043887138,2.3888456213126767,0.9751146037982973,3055
2025-03-28,000006.SZ,momentum_60_skip_5,-0.12548512289780078,-0.12548512289780078,-1.1009031301933938,0.0571900826446281,3026
2025-03-28,000006.SZ,overnight_reversal_5,0.014325594807954856,0.014325594807954856,0.21199992052370517,0.7129810828440966,3067
2025-03-28,000006.SZ,reversal_5,-0.14792899408284033,-0.13394881578810208,-3.110395109241148,0.0,3067
2025-03-28,000007.SZ,amihud_illiquidity_20,-14.653300322074566,-14.653300322074566,1.5978867045090266,0.9702030124426981,3055
2025-03-28,000007.SZ,amount_change_5_20,0.2612909067375362,0.2612909067375362,0.9413371490148255,0.8372626064178127,3055
2025-03-28,000007.SZ,low_volatility_20,-0.019300490848882468,-0.019300490848882468,0.25374825458182315,0.48821218074656186,3055
2025-03-28,000007.SZ,momentum_20,-0.0064102564102563875,-0.0064102564102563875,-0.2681305472547535,0.37229862475442044,3055
2025-03-28,000007.SZ,momentum_60_skip_5,-0.05580693815987936,-0.05580693815987936,-0.6944043755184607,0.20198347107438017,3026
2025-03-28,000007.SZ,overnight_reversal_5,0.009276067059795433,0.009276067059795433,-0.01664323742613961,0.58675799086758,3067
2025-03-28,000007.SZ,reversal_5,0.009584664536741117,0.009584664536741117,-0.2868513112470352,0.37181996086105673,3067
2025-03-28,000008.SZ,amihud_illiquidity_20,-16.27939234556396,-16.27939234556396,-0.0687259622667482,0.4292730844793713,3055
2025-03-28,000008.SZ,amount_change_5_20,-0.1770926079088516,-0.1770926079088516,-0.13580900301793436,0.46168958742632615,3055
2025-03-28,000008.SZ,low_volatility_20,-0.01591634632083019,-0.01591634632083019,0.5427901750350209,0.6447282252783235,3055
2025-03-28,000008.SZ,momentum_20,-0.07194244604316535,-0.07194244604316535,-1.0499388648968786,0.11656843483955469,3055
2025-03-28,000008.SZ,momentum_60_skip_5,-0.13437500000000002,-0.13437500000000002,-1.152766191564028,0.049917355371900826,3026
2025-03-28,000008.SZ,overnight_reversal_5,0.014860084511684083,0.014860084511684083,0.23620167162743413,0.7279843444227005,3067
2025-03-28,000008.SZ,reversal_5,0.06859205776173283,0.06859205776173283,0.8739228774590116,0.8623613829093281,3067
2025-03-28,000009.SZ,amihud_illiquidity_20,-16.798476336795787,-16.798476336795787,-0.600745025401358,0.25769482645710545,3055
2025-03-28,000009.SZ,amount_change_5_20,-0.291103291871586,-0.291103291871586,-0.4159430988909083,0.3470857891290111,3055
2025-03-28,000009.SZ,low_volatility_20,-0.01065353213121035,-0.01065353213121035,0.9922904572323538,0.8844138834315651,3055
2025-03-28,000009.SZ,momentum_20,-0.026900584795321758,-0.026900584795321758,-0.5125830713104728,0.27013752455795675,3055
2025-03-28,000009.SZ,momentum_60_skip_5,-0.09518716577540087,-0.09518716577540087,-0.9241464898507354,0.10380165289256198,3026
2025-03-28,000009.SZ,overnight_reversal_5,0.0035412635460051263,0.0035412635460051263,-0.27631575553297233,0.39823874755381605,3067
2025-03-28,000009.SZ,reversal_5,0.01654846335697413,0.01654846335697413,-0.1498617327539372,0.4474885844748858,3067
2025-03-28,000010.SZ,amihud_illiquidity_20,-15.396947236131135,-15.396947236131135,0.8357088273210828,0.7848722986247544,3055
2025-03-28,000010.SZ,amount_change_5_20,0.042183231929015734,0.042183231929015734,0.40297067099793193,0.6696136214800262,3055
2025-03-28,000010.SZ,low_volatility_20,-0.017752710269181727,-0.017752710269181727,0.385945170963036,0.5537000654878848,3055
2025-03-28,000010.SZ,momentum_20,0.01388888888888884,0.01388888888888884,-0.025958864532158125,0.5088408644400786,3055
2025-03-28,000010.SZ,momentum_60_skip_5,0.1355311355311355,0.1355311355311355,0.4218515799121364,0.7788429752066116,3026
2025-03-28,000010.SZ,overnight_reversal_5,0.03295650098874722,0.03295650098874722,1.0556093503751158,0.9145466405740378,3067
2025-03-28,000010.SZ,reversal_5,0.058064516129032295,0.058064516129032295,0.6668285130092455,0.8023483365949119,3067
2025-03-28,000011.SZ,amihud_illiquidity_20,-15.180686101623818,-15.180686101623818,1.0573589805072283,0.8575638506876228,3055
2025-03-28,000011.SZ,amount_change_5_20,0.223100301393923,0.223100301393923,0.8474995337412291,0.8110674525212835,3055
2025-03-28,000011.SZ,low_volatility_20,-0.012341035010120394,-0.012341035010120394,0.8481597710730407,0.8169613621480026,3055
2025-03-28,000011.SZ,momentum_20,0.00962695547533099,0.00962695547533099,-0.07680433468387042,0.48068107400130977,3055
2025-03-28,000011.SZ,momentum_60_skip_5,-0.043771043771043794,-0.043771043771043794,-0.6241876197452875,0.2396694214876033,3026
2025-03-28,000011.SZ,overnight_reversal_5,0.039227677808640185,0.039227677808640185,1.3395689093031444,0.9337899543378996,3067
2025-03-28,000011.SZ,reversal_5,0.015258215962441146,0.015258215962441146,-0.17524305856354425,0.434116112198304,3067
2025-03-28,000012.SZ,amihud_illiquidity_20,-16.414055840068055,-16.414055840068055,-0.2067451410406612,0.38637851997380485,3055
2025-03-28,000012.SZ,amount_change_5_20,0.05560727484101837,0.05560727484101837,0.435954703664055,0.6810740013097577,3055
2025-03-28,000012.SZ,low_volatility_20,-0.0070745723777652075,-0.0070745723777652075,1.2979716690675556,0.9826457105435494,3055
2025-03-28,000012.SZ,momentum_20,0.008064516129032251,0.008064516129032251,-0.09544445770723192,0.46987557301899147,3055
2025-03-28,000012.SZ,momentum_60_skip_5,-0.056074766355140304,-0.056074766355140304,-0.695966870698981,0.2006611570247934,3026
2025-03-28,000012.SZ,overnight_reversal_5,-0.003980368422552485,-0.003980368422552485,-0.6168960576917998,0.17906066536203522,3067
2025-03-28,000012.SZ,reversal_5,0.009900990099009688,0.009900990099009688,-0.28062865798544745,0.3747553816046967,3067
2025-03-31,000001.SZ,amihud_illiquidity_20,-19.288142671740623,-18.864610834719933,-2.747109099414565,0.0,3052
2025-03-31,000001.SZ,amount_change_5_20,-0.5046213349892188,-0.5046213349892188,-0.7964362943305955,0.22273173927284637,3054
2025-03-31,000001.SZ,low_volatility_20,-0.011437093496537846,-0.011437093496537846,0.9441863044435606,0.8744673877417241,3052
2025-03-31,000001.SZ,momentum_20,-0.021720243266724726,-0.021720243266724726,-0.26129342087292967,0.39560799737790886,3052
2025-03-31,000001.SZ,momentum_60_skip_5,-0.0404721753794266,-0.0404721753794266,-0.5051342980433733,0.29794973544973546,3025
2025-03-31,000001.SZ,overnight_reversal_5,0.0008737251490019105,0.0008737251490019105,-0.5601223418217166,0.21279373368146215,3065
2025-03-31,000001.SZ,reversal_5,0.010544815465729385,0.010544815465729385,-0.28657930338364,0.3191906005221932,3065
2025-03-31,000002.SZ,amihud_illiquidity_20,-18.096530391311976,-18.096530391311976,-1.9605930103272802,0.04555883316945264,3052
2025-03-31,000002.SZ,amount_change_5_20,-0.5179429265668338,-0.5179429265668338,-0.8281130238392437,0.21159515230920406,3054
2025-03-31,000002.SZ,low_volatility_20,-0.014409856033033132,-0.014409856033033132,0.6885258021102292,0.7305801376597837,3052
2025-03-31,000002.SZ,momentum_20,-0.09499358151476245,-0.09499358151476245,-1.1419405896299026,0.09308423467715503,3052
2025-03-31,000002.SZ,momentum_60_skip_5,-0.04394141145139829,-0.04394141145139829,-0.5271811755938783,0.2867063492063492,3025
2025-03-31,000002.SZ,overnight_reversal_5,0.004189064346392803,0.004189064346392803,-0.42809639042716663,0.29928198433420367,3065
2025-03-31,000002.SZ,reversal_5,0.01810584958217265,0.01810584958217265,-0.1266238275046329,0.40796344647519583,3065
2025-03-31,000004.SZ,amihud_illiquidity_20,-15.186909270487233,-15.186909270487233,1.0188655142550855,0.8439855784988528,3052
2025-03-31,000004.SZ,amount_change_5_20,-0.28351587292628544,-0.28351587292628544,-0.27068095392358116,0.39927939731411727,3054
2025-03-31,000004.SZ,low_volatility_20,-0.027548681306806266,-0.027548681306806266,-0.4414260956026867,0.26450344149459193,3052
2025-03-31,000004.SZ,momentum_20,-0.20032840722495893,-0.1976341250511886,-2.375542145478918,0.0,3052
2025-03-31,000004.SZ,momentum_60_skip_5,-0.3238892466194462,-0.23843584699453546,-1.7631867156369112,0.0,3025
2025-03-31,000004.SZ,overnight_reversal_5,0.019672607993718522,0.019672607993718522,0.18850102518749726,0.7095300261096605,3065
2025-03-31,000004.SZ,reversal_5,0.07238095238095232,0.07238095238095232,1.0215788869469034,0.9040469973890339,3065
2025-03-31,000006.SZ,amihud_illiquidity_20,-16.355213997592088,-16.355213997592088,-0.1774811349937887,0.39298590626024255,3052
2025-03-31,000006.SZ,amount_change_5_20,0.7052910368511554,0.7052910368511554,2.0805522928556197,0.9728136259416967,3054
2025-03-31,000006.SZ,low_volatility_20,-0.03663332070213012,-0.03663332070213012,-1.2227140198187458,0.12225499836119305,3052
2025-03-31,000006.SZ,momentum_20,0.13198757763975144,0.13198757763975144,1.58606825983659,0.9390363815142576,3052
2025-03-31,000006.SZ,momentum_60_skip_5,-0.16279069767441845,-0.16279069767441845,-1.2824643578175274,0.03835978835978836,3025
2025-03-31,000006.SZ,overnight_reversal_5,-0.019324862250817573,-0.019324862250817573,-1.3644858049587032,0.03361618798955614,3065
2025-03-31,000006.SZ,reversal_5,-0.12499999999999978,-0.12499999999999978,-3.15406212740663,0.013381201044386422,3065
2025-03-31,000007.SZ,amihud_illiquidity_20,-14.596702559306756,-14.596702559306756,1.6232385043693243,0.9741068502130449,3052
2025-03-31,000007.SZ,amount_change_5_20,0.16177330371285298,0.16177330371285298,0.7881493456953111,0.7988863413036358,3054
2025-03-31,000007.SZ,low_volatility_20,-0.019362662871847954,-0.019362662871847954,0.2625795420822835,0.49131432317273027,3052
2025-03-31,000007.SZ,momentum_20,-0.03791469194312802,-0.03791469194312802,-0.4559289556724732,0.3025237627007539,3052
2025-03-31,000007.SZ,momentum_60_skip_5,-0.11764705882352944,-0.11764705882352944,-0.9955780643275254,0.08366402116402116,3025
2025-03-31,000007.SZ,overnight_reversal_5,0.009276067059795433,0.009276067059795433,-0.22551791112339326,0.4451697127937337,3065
2025-03-31,000007.SZ,reversal_5,-0.014999999999999902,-0.014999999999999902,-0.8269859529418133,0.1279373368146214,3065
2025-03-31,000008.SZ,amihud_illiquidity_20,-16.25325694742567,-16.25325694742567,-0.07307688796471072,0.4306784660766962,3052
2025-03-31,000008.SZ,amount_change_5_20,-0.4026603578205774,-0.4026603578205774,-0.5539885150700685,0.3003603013429414,3054
2025-03-31,000008.SZ,low_volatility_20,-0.015923453936934125,-0.015923453936934125,0.5583548935053942,0.6555227794165848,3052
2025-03-31,000008.SZ,momentum_20,-0.0724637681159419,-0.0724637681159419,-0.8711624750156751,0.15732546705998032,3052
2025-03-31,000008.SZ,momentum_60_skip_5,-0.14239482200647247,-0.14239482200647247,-1.152849259836902,0.056216931216931214,3025
2025-03-31,000008.SZ,overnight_reversal_5,0.011243444041495533,0.011243444041495533,-0.1471715331826058,0.5013054830287206,3065
2025-03-31,000008.SZ,reversal_5,0.03396226415094339,0.03396226415094339,0.2088223957264874,0.6383812010443864,3065
2025-03-31,000009.SZ,amihud_illiquidity_20,-16.692948263933683,-16.692948263933683,-0.5233217778503428,0.28154703375942314,3052
2025-03-31,000009.SZ,amount_change_5_20,-0.23853020921448506,-0.23853020921448506,-0.16371185095541857,0.4448083851948903,3054
2025-03-31,000009.SZ,low_volatility_20,-0.009311949994547288,-0.009311949994547288,1.12695073603851,0.9455916093084235,3052
2025-03-31,000009.SZ,momentum_20,-0.07840909090909087,-0.07840909090909087,-0.9426172744054538,0.13602097672894134,3052
2025-03-31,000009.SZ,momentum_60_skip_5,-0.09590517241379304,-0.09590517241379304,-0.8574091137435366,0.1283068783068783,3025
2025-03-31,000009.SZ,overnight_reversal_5,0.007129338622401385,0.007129338622401385,-0.31100655872715394,0.37826370757180156,3065
2025-03-31,000009.SZ,reversal_5,0.033373063170440975,0.033373063170440975,0.19635770878377395,0.6279373368146214,3065
2025-03-31,000010.SZ,amihud_illiquidity_20,-15.393311598059984,-15.393311598059984,0.8075090699473256,0.7731891183218617,3052
2025-03-31,000010.SZ,amount_change_5_20,-0.0877607505337127,-0.0877607505337127,0.19479511369445834,0.5889289223714379,3054
2025-03-31,000010.SZ,low_volatility_20,-0.018087200151676468,-0.018087200151676468,0.37227059064175416,0.5447394296951819,3052
2025-03-31,000010.SZ,momentum_20,-0.020547945205479423,-0.020547945205479423,-0.24720397178736667,0.40412979351032446,3052
2025-03-31,000010.SZ,momentum_60_skip_5,0.10830324909747291,0.10830324909747291,0.4403284775994654,0.7873677248677249,3025
2025-03-31,000010.SZ,overnight_reversal_5,0.03029641961778544,0.03029641961778544,0.6115705072506742,0.8515013054830287,3065
2025-03-31,000010.SZ,reversal_5,0.06840390879478842,0.06840390879478842,0.9374435835453565,0.8890339425587467,3065
2025-03-31,000011.SZ,amihud_illiquidity_20,-15.165379604705663,-15.165379604705663,1.0409119400887432,0.8525073746312685,3052
2025-03-31,000011.SZ,amount_change_5_20,0.23601386782773404,0.23601386782773404,0.9646821762009558,0.833933835571569,3054
2025-03-31,000011.SZ,low_volatility_20,-0.012469757564708087,-0.012469757564708087,0.8553761787881022,0.8285807931825631,3052
2025-03-31,000011.SZ,momentum_20,0.004830917874396157,0.004830917874396157,0.057815895628894165,0.5758767617174697,3052
2025-03-31,000011.SZ,momentum_60_skip_5,-0.070627802690583,-0.070627802690583,-0.6967722866366026,0.19444444444444445,3025
2025-03-31,000011.SZ,overnight_reversal_5,0.0453837897800132,0.0453837897800132,1.2123912019408198,0.9278720626631853,3065
2025-03-31,000011.SZ,reversal_5,-0.00361881785283491,-0.00361881785283491,-0.586214336469886,0.18407310704960836,3065
2025-03-31,000012.SZ,amihud_illiquidity_20,-16.27548113004533,-16.27548113004533,-0.0958345005913507,0.42313995411340544,3052
2025-03-31,000012.SZ,amount_change_5_20,0.02185581314841066,0.02185581314841066,0.4554467195626944,0.6862102849656077,3054
2025-03-31,000012.SZ,low_volatility_20,-0.007776662728002048,-0.007776662728002048,1.2589869511657608,0.9783677482792527,3052
2025-03-31,000012.SZ,momentum_20,-0.006048387096774133,-0.006048387096774133,-0.07293874650946035,0.4975417895771878,3052
2025-03-31,000012.SZ,momentum_60_skip_5,-0.06566604127579734,-0.06566604127579734,-0.6652404611634434,0.21064814814814814,3025
2025-03-31,000012.SZ,overnight_reversal_5,-0.002002128410446764,-0.002002128410446764,-0.6746467628994816,0.15013054830287206,3065
2025-03-31,000012.SZ,reversal_5,0.010040160642570295,0.010040160642570295,-0.29725539625002434,0.3133159268929504,3065
